{"type": "FeatureCollection", "features": [{"type": "Feature", "geometry": {"type": "LineString", "coordinates": [[46.668752431869514, 41.34976067696249], [46.66881680488587, 41.349680136543846], [46.66913866996766, 41.34959959602557], [46.66926741600037, 41.349245216561464]]}, "properties": {"id": "det0", "length_m": 79.6, "osm_match_frac": 0.0, "status": "unmapped_candidate"}}, {"type": "Feature", "geometry": {"type": "LineString", "coordinates": [[46.669954061508186, 41.348794185362785], [46.67001843452454, 41.34876196872902], [46.6700828075409, 41.348584776958425], [46.6701900959015, 41.348520343467726], [46.670275926589966, 41.34824650042088]]}, "properties": {"id": "det6", "length_m": 69.6, "osm_match_frac": 0.0, "status": "unmapped_candidate"}}, {"type": "Feature", "geometry": {"type": "LineString", "coordinates": [[46.67055487632753, 41.34718333414648], [46.67059779167175, 41.346700071010034], [46.67053341865541, 41.34658730909542]]}, "properties": {"id": "det15", "length_m": 67.4, "osm_match_frac": 0.0, "status": "unmapped_candidate"}}, {"type": "Feature", "geometry": {"type": "LineString", "coordinates": [[46.69126152992249, 41.32855900088238], [46.69151902198793, 41.328510660909345], [46.69179797172547, 41.32852677423767], [46.692184209823616, 41.328478434240715], [46.692420244216926, 41.32826896050613], [46.692613363266, 41.32823673371795]]}, "properties": {"id": "det79", "length_m": 125.5, "osm_match_frac": 0.0, "status": "unmapped_candidate"}}, {"type": "Feature", "geometry": {"type": "LineString", "coordinates": [[46.692978143692024, 41.32807559953798], [46.69353604316712, 41.32801114575441], [46.69362187385559, 41.32793057843527], [46.693900823593154, 41.32789835147973]]}, "properties": {"id": "det82", "length_m": 82.3, "osm_match_frac": 0.2, "status": "partial"}}, {"type": "Feature", "geometry": {"type": "LineString", "coordinates": [[46.666713953018196, 41.30881719591678], [46.66634917259217, 41.30857542247047], [46.66622042655946, 41.30831752980621]]}, "properties": {"id": "det105", "length_m": 71.3, "osm_match_frac": 1.0, "status": "confirmed_by_osm"}}, {"type": "Feature", "geometry": {"type": "LineString", "coordinates": [[46.66579127311707, 41.307672793682684], [46.665748357772834, 41.30751160865562], [46.665211915969856, 41.307092525720435], [46.6650402545929, 41.30659284639263], [46.665233373641975, 41.306463896267076]]}, "properties": {"id": "det110", "length_m": 161.8, "osm_match_frac": 1.0, "status": "confirmed_by_osm"}}, {"type": "Feature", "geometry": {"type": "LineString", "coordinates": [[46.6522514820099, 41.30248243565372], [46.65184378623963, 41.3023534773995], [46.651715040206916, 41.30224063871786], [46.651521921157844, 41.30222451889026]]}, "properties": {"id": "det118", "length_m": 69.8, "osm_match_frac": 0.0, "status": "unmapped_candidate"}}, {"type": "Feature", "geometry": {"type": "LineString", "coordinates": [[46.65336728096009, 41.30186988167494], [46.65306687355042, 41.30182152190525], [46.65240168571473, 41.30151524253107]]}, "properties": {"id": "det124", "length_m": 91.0, "osm_match_frac": 0.0, "status": "unmapped_candidate"}}, {"type": "Feature", "geometry": {"type": "LineString", "coordinates": [[46.67227149009705, 41.29959693373334], [46.6720998287201, 41.29956469276722], [46.67190670967103, 41.299467969773204], [46.67156338691712, 41.29953245178515]]}, "properties": {"id": "det144", "length_m": 63.9, "osm_match_frac": 1.0, "status": "confirmed_by_osm"}}, {"type": "Feature", "geometry": {"type": "LineString", "coordinates": [[46.67152047157288, 41.29953245178515], [46.67111277580261, 41.299500210787144], [46.670984029769905, 41.29956469276722], [46.67072653770448, 41.29956469276722], [46.670490503311164, 41.29951633128814], [46.67040467262269, 41.299435728743326]]}, "properties": {"id": "det147", "length_m": 100.8, "osm_match_frac": 1.0, "status": "confirmed_by_osm"}}, {"type": "Feature", "geometry": {"type": "LineString", "coordinates": [[46.67036175727846, 41.29933900555805], [46.67003989219667, 41.299290643911625], [46.66991114616395, 41.29919392051119], [46.66982531547547, 41.29903271452503]]}, "properties": {"id": "det149", "length_m": 62.0, "osm_match_frac": 1.0, "status": "confirmed_by_osm"}}, {"type": "Feature", "geometry": {"type": "LineString", "coordinates": [[46.66244387626649, 41.29861357709626], [46.663516759872444, 41.29867805995293], [46.66375279426576, 41.298661939244745], [46.664224863052375, 41.29851685269172], [46.664525270462036, 41.29851685269172]]}, "properties": {"id": "det161", "length_m": 177.8, "osm_match_frac": 1.0, "status": "confirmed_by_osm"}}, {"type": "Feature", "geometry": {"type": "LineString", "coordinates": [[46.665469408035285, 41.2984362489117], [46.665598154068, 41.29835564503206], [46.66611313819886, 41.29830728265647], [46.66628479957581, 41.29821055779769], [46.66677832603455, 41.298146074478815], [46.66705727577211, 41.29801710764981], [46.66729331016541, 41.29798486590272], [46.667422056198134, 41.297888140565796], [46.66757225990297, 41.297872019662364], [46.66767954826356, 41.297775294158086], [46.66785120964051, 41.29775917322676], [46.66797995567322, 41.29766244755515]]}, "properties": {"id": "det172", "length_m": 236.5, "osm_match_frac": 1.0, "status": "confirmed_by_osm"}}, {"type": "Feature", "geometry": {"type": "LineString", "coordinates": [[46.66797995567322, 41.29764632659593], [46.66797995567322, 41.297549600756966], [46.66789412498475, 41.297501237783685], [46.6676151752472, 41.29740451172955], [46.667422056198134, 41.29740451172955], [46.66703581809998, 41.29729166448511]]}, "properties": {"id": "det186", "length_m": 96.3, "osm_match_frac": 1.0, "status": "confirmed_by_osm"}}, {"type": "Feature", "geometry": {"type": "LineString", "coordinates": [[46.65705800056458, 41.29643724329891], [46.656972169876106, 41.29637275822686], [46.65695071220399, 41.296243787891484], [46.656800508499146, 41.29608257461366], [46.65669322013856, 41.29605033191029], [46.65665030479431, 41.29588911815432]]}, "properties": {"id": "det210", "length_m": 74.4, "osm_match_frac": 0.0, "status": "unmapped_candidate"}}, {"type": "Feature", "geometry": {"type": "LineString", "coordinates": [[46.6352140903473, 41.29480897571143], [46.63480639457704, 41.29435756760012]]}, "properties": {"id": "det244", "length_m": 60.6, "osm_match_frac": 1.0, "status": "confirmed_by_osm"}}, {"type": "Feature", "geometry": {"type": "LineString", "coordinates": [[46.62515044212342, 41.293438620006924], [46.62532210350037, 41.29337413197043], [46.625579595565796, 41.293164545411514], [46.625772714614875, 41.29308393501724], [46.626094579696655, 41.29298720241265], [46.62645936012269, 41.29295495817922]]}, "properties": {"id": "det264", "length_m": 126.0, "osm_match_frac": 1.0, "status": "confirmed_by_osm"}}, {"type": "Feature", "geometry": {"type": "LineString", "coordinates": [[46.62648081779481, 41.29295495817922], [46.62740349769593, 41.29266475936134]]}, "properties": {"id": "det266", "length_m": 83.7, "osm_match_frac": 1.0, "status": "confirmed_by_osm"}}, {"type": "Feature", "geometry": {"type": "LineString", "coordinates": [[46.62742495536805, 41.29264863716694], [46.627446413040175, 41.29255190391685], [46.62772536277772, 41.29218109179606], [46.6278111934662, 41.291907011917296], [46.6278111934662, 41.29179415516194], [46.62766098976136, 41.29145558372444], [46.62763953208925, 41.29124599100164]]}, "properties": {"id": "det269", "length_m": 165.0, "osm_match_frac": 1.0, "status": "confirmed_by_osm"}}, {"type": "Feature", "geometry": {"type": "LineString", "coordinates": [[46.62763953208925, 41.291213745907584], [46.62748932838441, 41.29100415240782], [46.62742495536805, 41.29064945418192]]}, "properties": {"id": "det271", "length_m": 66.2, "osm_match_frac": 1.0, "status": "confirmed_by_osm"}}, {"type": "Feature", "geometry": {"type": "LineString", "coordinates": [[46.62740349769593, 41.29063333148946], [46.62729620933534, 41.29042373612499], [46.6271460056305, 41.29026250846336], [46.627060174942024, 41.289875560449794], [46.62710309028627, 41.28969820850992], [46.62733912467957, 41.28932738016866], [46.62763953208925, 41.28905328830086], [46.627768278121955, 41.28884368786031], [46.62772536277772, 41.28810201935618], [46.62789702415467, 41.28739258941977], [46.627854108810425, 41.28716686009508], [46.62761807441713, 41.28666702809707], [46.627467870712294, 41.28608657322979], [46.62701725959778, 41.28494177210714], [46.62701725959778, 41.284845027429924], [46.626695394516, 41.28415168637911], [46.6265881061554, 41.283732453332625]]}, "properties": {"id": "det272", "length_m": 806.0, "osm_match_frac": 1.0, "status": "confirmed_by_osm"}}, {"type": "Feature", "geometry": {"type": "LineString", "coordinates": [[46.64504170417786, 41.289811068891076], [46.6451919078827, 41.28971433143347], [46.645406484603896, 41.28964983971537], [46.645771265029914, 41.28960147088497], [46.64611458778382, 41.28963371677588]]}, "properties": {"id": "det281", "length_m": 95.9, "osm_match_frac": 1.0, "status": "confirmed_by_osm"}}, {"type": "Feature", "geometry": {"type": "LineString", "coordinates": [[46.67750716209412, 41.285135261031265], [46.677571535110474, 41.28500626847894], [46.67776465415955, 41.28497402030101], [46.6780436038971, 41.28476440675602]]}, "properties": {"id": "det290", "length_m": 64.9, "osm_match_frac": 0.0, "status": "unmapped_candidate"}}, {"type": "Feature", "geometry": {"type": "LineString", "coordinates": [[46.72301888465882, 41.28384532403318], [46.72226786613465, 41.28332934209413], [46.722160577774055, 41.283200345971885], [46.721924543380744, 41.28307134959465], [46.721838712692275, 41.282893979159596], [46.721731424331665, 41.2828133560752], [46.72166705131532, 41.28258761090899]]}, "properties": {"id": "det303", "length_m": 185.7, "osm_match_frac": 0.0, "status": "unmapped_candidate"}}, {"type": "Feature", "geometry": {"type": "LineString", "coordinates": [[46.62656664848328, 41.283700204525196], [46.62648081779481, 41.28292622836547], [46.626545190811164, 41.282700483589714], [46.62660956382753, 41.2818458712932], [46.62648081779481, 41.281023497951125], [46.62639498710633, 41.28076549633572]]}, "properties": {"id": "det305", "length_m": 328.4, "osm_match_frac": 1.0, "status": "confirmed_by_osm"}}, {"type": "Feature", "geometry": {"type": "LineString", "coordinates": [[46.72778248786927, 41.28245861332054], [46.72756791114808, 41.282426363883594], [46.727482080459595, 41.28236186496187], [46.72746062278748, 41.28226511645977], [46.727374792099006, 41.28218449259845], [46.72731041908264, 41.28192649557286]]}, "properties": {"id": "det309", "length_m": 80.0, "osm_match_frac": 0.0, "status": "unmapped_candidate"}}, {"type": "Feature", "geometry": {"type": "LineString", "coordinates": [[46.72778248786927, 41.28245861332054], [46.72773957252503, 41.282039369397054], [46.72765374183655, 41.28192649557286]]}, "properties": {"id": "det310", "length_m": 61.1, "osm_match_frac": 0.0, "status": "unmapped_candidate"}}, {"type": "Feature", "geometry": {"type": "LineString", "coordinates": [[46.72098040580751, 41.28213611823384], [46.72087311744691, 41.28210386863752], [46.72061562538148, 41.281910370724894], [46.72048687934877, 41.2818619961571], [46.720379590988166, 41.28174912202612], [46.72027230262757, 41.28171687223855], [46.72022938728333, 41.2816523726156], [46.72025084495545, 41.281555623061664]]}, "properties": {"id": "det313", "length_m": 96.2, "osm_match_frac": 0.0, "status": "unmapped_candidate"}}, {"type": "Feature", "geometry": {"type": "LineString", "coordinates": [[46.67531847953797, 41.28144274840078], [46.67546868324281, 41.281297623549925], [46.67546868324281, 41.281216998493335], [46.67566180229188, 41.28116862341156], [46.67576909065247, 41.28103962301822]]}, "properties": {"id": "det332", "length_m": 63.4, "osm_match_frac": 0.0, "status": "unmapped_candidate"}}, {"type": "Feature", "geometry": {"type": "LineString", "coordinates": [[46.683729887008674, 41.281249248527914], [46.6836440563202, 41.28134599853607], [46.683450937271125, 41.28136212352348], [46.683214902877815, 41.28123312351262], [46.683171987533576, 41.28115249837634]]}, "properties": {"id": "det339", "length_m": 63.3, "osm_match_frac": 1.0, "status": "confirmed_by_osm"}}, {"type": "Feature", "geometry": {"type": "LineString", "coordinates": [[46.68375134468079, 41.28123312351262], [46.684159040451064, 41.28103962301822], [46.68437361717225, 41.28100737288005], [46.68463110923768, 41.280894497270914], [46.68484568595888, 41.280894497270914], [46.684952974319465, 41.28084612195009]]}, "properties": {"id": "det342", "length_m": 112.1, "osm_match_frac": 0.167, "status": "partial"}}, {"type": "Feature", "geometry": {"type": "LineString", "coordinates": [[46.683171987533576, 41.28115249837634], [46.68336510658265, 41.280700995772506], [46.68360114097596, 41.28044299288214], [46.68375134468079, 41.28033011629688], [46.68388009071351, 41.2802978658081], [46.683965921401985, 41.280152738411324]]}, "properties": {"id": "det347", "length_m": 134.3, "osm_match_frac": 1.0, "status": "confirmed_by_osm"}}, {"type": "Feature", "geometry": {"type": "LineString", "coordinates": [[46.7260229587555, 41.281136373337134], [46.725722551345825, 41.28110412324676], [46.725186109542854, 41.28074937120089], [46.725121736526496, 41.28063649514553]]}, "properties": {"id": "det350", "length_m": 98.8, "osm_match_frac": 0.0, "status": "unmapped_candidate"}}, {"type": "Feature", "geometry": {"type": "LineString", "coordinates": [[46.673558950424194, 41.28100737288005], [46.67433142662049, 41.280894497270914]]}, "properties": {"id": "det359", "length_m": 65.9, "osm_match_frac": 1.0, "status": "confirmed_by_osm"}}, {"type": "Feature", "geometry": {"type": "LineString", "coordinates": [[46.67611241340638, 41.28060424480814], [46.67626261711121, 41.28063649514553], [46.67688488960266, 41.28057199445482]]}, "properties": {"id": "det385", "length_m": 65.7, "osm_match_frac": 1.0, "status": "confirmed_by_osm"}}, {"type": "Feature", "geometry": {"type": "LineString", "coordinates": [[46.67609095573426, 41.280588119633464], [46.67606949806214, 41.28052361889494], [46.67628407478333, 41.280281740557726], [46.67641282081605, 41.28026561530337], [46.67667031288148, 41.28033011629688], [46.67675614356995, 41.280313991054484]]}, "properties": {"id": "det386", "length_m": 80.8, "osm_match_frac": 0.4, "status": "partial"}}, {"type": "Feature", "geometry": {"type": "LineString", "coordinates": [[46.68282866477967, 41.28018498897183], [46.68340802192689, 41.280120487834886], [46.68357968330384, 41.279991485369756]]}, "properties": {"id": "det393", "length_m": 69.4, "osm_match_frac": 0.0, "status": "unmapped_candidate"}}, {"type": "Feature", "geometry": {"type": "LineString", "coordinates": [[46.29315733909608, 41.279733479674526], [46.29300713539124, 41.27966897809134], [46.29287838935853, 41.27966897809134], [46.292449235916145, 41.279362594700714]]}, "properties": {"id": "det416", "length_m": 74.7, "osm_match_frac": 0.0, "status": "unmapped_candidate"}}, {"type": "Feature", "geometry": {"type": "LineString", "coordinates": [[46.29459500312805, 41.279733479674526], [46.294659376144416, 41.2797012288909], [46.2949812412262, 41.2797173542847], [46.2950885295868, 41.279507723854515], [46.29526019096376, 41.27947547295934]]}, "properties": {"id": "det418", "length_m": 73.3, "osm_match_frac": 0.0, "status": "unmapped_candidate"}}, {"type": "Feature", "geometry": {"type": "LineString", "coordinates": [[46.68179869651795, 41.27934646921926], [46.681927442550666, 41.27924971624687], [46.68235659599305, 41.279233590737526], [46.68257117271424, 41.27916908866031]]}, "properties": {"id": "det444", "length_m": 70.6, "osm_match_frac": 0.0, "status": "unmapped_candidate"}}, {"type": "Feature", "geometry": {"type": "LineString", "coordinates": [[46.72381281852723, 41.279185214185595], [46.72394156455995, 41.27868532104927], [46.723877191543586, 41.27852406438209]]}, "properties": {"id": "det450", "length_m": 75.2, "osm_match_frac": 0.0, "status": "unmapped_candidate"}}, {"type": "Feature", "geometry": {"type": "LineString", "coordinates": [[46.68675541877747, 41.27895945646912], [46.68709874153138, 41.278572441424075], [46.68731331825258, 41.27824992713351]]}, "properties": {"id": "det458", "length_m": 91.8, "osm_match_frac": 1.0, "status": "confirmed_by_osm"}}, {"type": "Feature", "geometry": {"type": "LineString", "coordinates": [[46.69016718864441, 41.27837893304097], [46.69044613838197, 41.27834668158802], [46.69057488441468, 41.278298304378694], [46.69078946113587, 41.278120920971055], [46.69087529182435, 41.278120920971055]]}, "properties": {"id": "det483", "length_m": 69.5, "osm_match_frac": 1.0, "status": "confirmed_by_osm"}}, {"type": "Feature", "geometry": {"type": "LineString", "coordinates": [[46.68733477592469, 41.27823380137714], [46.68772101402283, 41.278088669390606], [46.687957048416145, 41.27792741124928]]}, "properties": {"id": "det493", "length_m": 62.8, "osm_match_frac": 1.0, "status": "confirmed_by_osm"}}, {"type": "Feature", "geometry": {"type": "LineString", "coordinates": [[46.68797850608827, 41.27791128541323], [46.688235998153694, 41.27783065617325], [46.688429117202766, 41.27768552329027], [46.68875098228455, 41.27729850069126], [46.6890299320221, 41.276846971425286], [46.689223051071174, 41.276685710216164], [46.68935179710389, 41.27637931282121]]}, "properties": {"id": "det510", "length_m": 212.1, "osm_match_frac": 1.0, "status": "confirmed_by_osm"}}, {"type": "Feature", "geometry": {"type": "LineString", "coordinates": [[46.63268208503724, 41.277637145590894], [46.63253188133241, 41.27757264193594], [46.632510423660285, 41.277475886334], [46.63231730461121, 41.27728237469983], [46.63214564323426, 41.27725012270502], [46.63205981254578, 41.277185618667595], [46.63188815116883, 41.27691147579738], [46.631737947463996, 41.27679859310438], [46.63169503211976, 41.276637331775746]]}, "properties": {"id": "det521", "length_m": 146.9, "osm_match_frac": 1.0, "status": "confirmed_by_osm"}}, {"type": "Feature", "geometry": {"type": "LineString", "coordinates": [[46.63148045539857, 41.27634706038018], [46.63126587867738, 41.27607291398798], [46.63122296333314, 41.27591165086649], [46.63087964057923, 41.2752827208858]]}, "properties": {"id": "det526", "length_m": 129.1, "osm_match_frac": 1.0, "status": "confirmed_by_osm"}}, {"type": "Feature", "geometry": {"type": "LineString", "coordinates": [[46.67102694511414, 41.275863271852344], [46.67068362236024, 41.27591165086649], [46.67044758796692, 41.27587939819437], [46.67031884193421, 41.275798766444375], [46.67016863822938, 41.27562137624378], [46.66982531547547, 41.27554074417506]]}, "properties": {"id": "det540", "length_m": 116.9, "osm_match_frac": 0.0, "status": "unmapped_candidate"}}, {"type": "Feature", "geometry": {"type": "LineString", "coordinates": [[46.666499376297004, 41.27584714550634], [46.666756868362434, 41.275798766444375], [46.66682124137879, 41.27566975543721], [46.66712164878846, 41.27555687059677], [46.66712164878846, 41.275492364886006]]}, "properties": {"id": "det543", "length_m": 72.8, "osm_match_frac": 0.0, "status": "unmapped_candidate"}}, {"type": "Feature", "geometry": {"type": "LineString", "coordinates": [[46.666263341903694, 41.275782640082426], [46.666048765182495, 41.27573426097266], [46.66566252708436, 41.27576651371648], [46.665447950363166, 41.27573426097266], [46.6651475429535, 41.27575038734656]]}, "properties": {"id": "det553", "length_m": 94.9, "osm_match_frac": 0.0, "status": "unmapped_candidate"}}, {"type": "Feature", "geometry": {"type": "LineString", "coordinates": [[46.69055342674256, 41.2757020082129], [46.690617799758925, 41.27536335327326], [46.69081091880799, 41.2751053292828], [46.69108986854554, 41.27489568403955], [46.691111326217666, 41.27483117767539], [46.691411733627326, 41.27455702491658], [46.69156193733216, 41.27455702491658]]}, "properties": {"id": "det561", "length_m": 163.3, "osm_match_frac": 1.0, "status": "confirmed_by_osm"}}, {"type": "Feature", "geometry": {"type": "LineString", "coordinates": [[46.69947981834412, 41.27563750264557], [46.69975876808167, 41.27563750264557], [46.69999480247499, 41.275460112006726], [46.70014500617982, 41.27542785911151]]}, "properties": {"id": "det563", "length_m": 64.4, "osm_match_frac": 1.0, "status": "confirmed_by_osm"}}, {"type": "Feature", "geometry": {"type": "LineString", "coordinates": [[46.70027375221253, 41.27542785911151], [46.700659990310676, 41.275379479738795], [46.70093894004823, 41.2752827208858], [46.701003313064575, 41.27520208839874], [46.701110601425185, 41.27518596188938], [46.70126080513002, 41.27508920274953]]}, "properties": {"id": "det578", "length_m": 94.7, "osm_match_frac": 1.0, "status": "confirmed_by_osm"}}, {"type": "Feature", "geometry": {"type": "LineString", "coordinates": [[46.69857859611512, 41.27539560620035], [46.69808506965638, 41.274992443466246], [46.697677373886116, 41.27486343086544], [46.69752717018128, 41.27468603812297]]}, "properties": {"id": "det581", "length_m": 121.3, "osm_match_frac": 1.0, "status": "confirmed_by_osm"}}, {"type": "Feature", "geometry": {"type": "LineString", "coordinates": [[46.63087964057923, 41.2752827208858], [46.63047194480896, 41.2751053292828], [46.63038611412049, 41.275008570023424], [46.63015007972717, 41.27496019033995]]}, "properties": {"id": "det586", "length_m": 72.8, "osm_match_frac": 1.0, "status": "confirmed_by_osm"}}, {"type": "Feature", "geometry": {"type": "LineString", "coordinates": [[46.66092038154603, 41.27525046790292], [46.660748720169074, 41.275234341405515], [46.66064143180847, 41.27513758233738], [46.660233736038215, 41.275008570023424]]}, "properties": {"id": "det589", "length_m": 65.5, "osm_match_frac": 1.0, "status": "confirmed_by_osm"}}, {"type": "Feature", "geometry": {"type": "LineString", "coordinates": [[46.70130372047425, 41.27508920274953], [46.70199036598206, 41.274992443466246], [46.702398061752326, 41.27483117767539]]}, "properties": {"id": "det602", "length_m": 97.1, "osm_match_frac": 1.0, "status": "confirmed_by_osm"}}, {"type": "Feature", "geometry": {"type": "LineString", "coordinates": [[46.698836088180556, 41.27504082312581], [46.69870734214783, 41.27497631690509], [46.698535680770874, 41.27468603812297], [46.69829964637758, 41.2744763915331]]}, "properties": {"id": "det605", "length_m": 78.8, "osm_match_frac": 1.0, "status": "confirmed_by_osm"}}, {"type": "Feature", "geometry": {"type": "LineString", "coordinates": [[46.702440977096565, 41.27483117767539], [46.70276284217835, 41.27479892446941], [46.703921556472785, 41.2744763915331]]}, "properties": {"id": "det618", "length_m": 130.7, "osm_match_frac": 1.0, "status": "confirmed_by_osm"}}, {"type": "Feature", "geometry": {"type": "LineString", "coordinates": [[46.69750571250916, 41.27466991148613], [46.69658303260803, 41.27463765820046]]}, "properties": {"id": "det627", "length_m": 77.4, "osm_match_frac": 1.0, "status": "confirmed_by_osm"}}, {"type": "Feature", "geometry": {"type": "LineString", "coordinates": [[46.69516682624818, 41.27455702491658], [46.69460892677308, 41.27449251821776], [46.69426560401917, 41.27449251821776], [46.693922281265266, 41.27437963134145], [46.69375061988831, 41.27423449078504], [46.69362187385559, 41.274202237284236], [46.69347167015076, 41.27408934990593], [46.693192720413215, 41.27412160346251], [46.69282793998719, 41.27407322312166]]}, "properties": {"id": "det637", "length_m": 212.8, "osm_match_frac": 1.0, "status": "confirmed_by_osm"}}, {"type": "Feature", "geometry": {"type": "LineString", "coordinates": [[46.697613000869765, 41.27449251821776], [46.697677373886116, 41.274411884754606], [46.69763445854187, 41.273960335520236], [46.69778466224672, 41.2738474477236], [46.69780611991883, 41.27378294032358]]}, "properties": {"id": "det645", "length_m": 85.9, "osm_match_frac": 0.2, "status": "partial"}}, {"type": "Feature", "geometry": {"type": "LineString", "coordinates": [[46.69947981834412, 41.27449251821776], [46.69988751411439, 41.27408934990593], [46.699930429458625, 41.27399258914056]]}, "properties": {"id": "det646", "length_m": 67.6, "osm_match_frac": 1.0, "status": "confirmed_by_osm"}}, {"type": "Feature", "geometry": {"type": "LineString", "coordinates": [[46.70396447181702, 41.2744763915331], [46.704157590866096, 41.27446026484446], [46.70454382896424, 41.27433125119183], [46.70503735542298, 41.27410547668621], [46.70559525489808, 41.27399258914056]]}, "properties": {"id": "det647", "length_m": 148.4, "osm_match_frac": 1.0, "status": "confirmed_by_osm"}}, {"type": "Feature", "geometry": {"type": "LineString", "coordinates": [[46.69898629188539, 41.27410547668621], [46.69939398765564, 41.27400871594475], [46.69954419136048, 41.27386357456364], [46.69965147972108, 41.273831320879566]]}, "properties": {"id": "det659", "length_m": 65.9, "osm_match_frac": 1.0, "status": "confirmed_by_osm"}}, {"type": "Feature", "geometry": {"type": "LineString", "coordinates": [[46.7060673236847, 41.27370230598392], [46.70626044273377, 41.273686179104025], [46.70656085014344, 41.273557163921524], [46.70699000358582, 41.273476529302975], [46.7070758342743, 41.27336364066968]]}, "properties": {"id": "det688", "length_m": 96.7, "osm_match_frac": 1.0, "status": "confirmed_by_osm"}}, {"type": "Feature", "geometry": {"type": "LineString", "coordinates": [[46.70027375221253, 41.273444275427664], [46.70128226280214, 41.27268630477027], [46.70130372047425, 41.272621796222836], [46.70138955116273, 41.272589541925214], [46.701604127883925, 41.2723476341851]]}, "properties": {"id": "det714", "length_m": 167.0, "osm_match_frac": 1.0, "status": "confirmed_by_osm"}}, {"type": "Feature", "geometry": {"type": "LineString", "coordinates": [[46.64993405342103, 41.27329913279157], [46.649998426437385, 41.27334751370613], [46.650234460830696, 41.27333138673859], [46.650556325912476, 41.27315398983276], [46.65059924125672, 41.27304110064169], [46.65072798728943, 41.27294433832254], [46.65089964866638, 41.27291208418428]]}, "properties": {"id": "det729", "length_m": 103.9, "osm_match_frac": 0.0, "status": "unmapped_candidate"}}, {"type": "Feature", "geometry": {"type": "LineString", "coordinates": [[46.677249670028694, 41.27320237085489], [46.67731404304505, 41.27315398983276], [46.677700281143196, 41.2730733547162], [46.67780756950379, 41.272928211255405], [46.677936315536506, 41.272863702947014]]}, "properties": {"id": "det735", "length_m": 72.6, "osm_match_frac": 1.0, "status": "confirmed_by_osm"}}, {"type": "Feature", "geometry": {"type": "LineString", "coordinates": [[46.65240168571473, 41.273105608774785], [46.65154337882996, 41.27315398983276], [46.65117859840394, 41.27304110064169]]}, "properties": {"id": "det749", "length_m": 105.1, "osm_match_frac": 0.0, "status": "unmapped_candidate"}}, {"type": "Feature", "geometry": {"type": "LineString", "coordinates": [[46.64345383644105, 41.27305722768094], [46.6430675983429, 41.27302497359845], [46.642981767654426, 41.27297659244486], [46.64259552955628, 41.27291208418428]]}, "properties": {"id": "det753", "length_m": 74.7, "osm_match_frac": 0.25, "status": "partial"}}, {"type": "Feature", "geometry": {"type": "LineString", "coordinates": [[46.67802214622498, 41.272863702947014], [46.67879462242127, 41.272476651758055], [46.67898774147034, 41.27242827019808]]}, "properties": {"id": "det773", "length_m": 94.7, "osm_match_frac": 1.0, "status": "confirmed_by_osm"}}, {"type": "Feature", "geometry": {"type": "LineString", "coordinates": [[46.646758317947395, 41.272670177639384], [46.64643645286561, 41.27265405050452], [46.64632916450502, 41.27255728761166], [46.64607167243958, 41.27254116044891], [46.645771265029914, 41.272444397388725]]}, "properties": {"id": "det780", "length_m": 90.0, "osm_match_frac": 0.0, "status": "unmapped_candidate"}}, {"type": "Feature", "geometry": {"type": "LineString", "coordinates": [[46.67935252189637, 41.2720250891372], [46.67956709861756, 41.271976707242565], [46.67982459068299, 41.27173479723154], [46.6801679134369, 41.27155739598707], [46.6801679134369, 41.27150901374582]]}, "properties": {"id": "det808", "length_m": 93.4, "osm_match_frac": 1.0, "status": "confirmed_by_osm"}}, {"type": "Feature", "geometry": {"type": "LineString", "coordinates": [[46.687549352645874, 41.27149288632411], [46.68780684471132, 41.27144450403505], [46.68787121772766, 41.27139612171014], [46.68827891349793, 41.27133161188781]]}, "properties": {"id": "det826", "length_m": 64.7, "osm_match_frac": 0.0, "status": "unmapped_candidate"}}, {"type": "Feature", "geometry": {"type": "LineString", "coordinates": [[46.70407176017763, 41.270944551615216], [46.704157590866096, 41.27086391376958], [46.70428633689881, 41.270831658603434], [46.70435070991517, 41.27073489300939], [46.70456528663637, 41.270589744349415], [46.704930067062385, 41.270186551934025], [46.705080270767226, 41.27010591315214], [46.705080270767226, 41.270025274270665], [46.70563817024232, 41.26965433413301], [46.706346273422255, 41.26910598398205]]}, "properties": {"id": "det856", "length_m": 284.9, "osm_match_frac": 1.0, "status": "confirmed_by_osm"}}, {"type": "Feature", "geometry": {"type": "LineString", "coordinates": [[46.286140680313125, 41.270605871994235], [46.285947561264045, 41.270525233730275], [46.28558278083802, 41.270525233730275], [46.28530383110048, 41.27041233999341]]}, "properties": {"id": "det880", "length_m": 75.6, "osm_match_frac": 0.0, "status": "unmapped_candidate"}}, {"type": "Feature", "geometry": {"type": "LineString", "coordinates": [[46.68276429176331, 41.270605871994235], [46.68287158012391, 41.270589744349415], [46.682957410812385, 41.270525233730275], [46.68310761451722, 41.27050910606554], [46.683193445205696, 41.270444595366726], [46.6833221912384, 41.270444595366726], [46.683429479599006, 41.27038008460416]]}, "properties": {"id": "det885", "length_m": 64.5, "osm_match_frac": 1.0, "status": "confirmed_by_osm"}}, {"type": "Feature", "geometry": {"type": "LineString", "coordinates": [[46.685703992843635, 41.270525233730275], [46.68533921241761, 41.27046072304741], [46.685231924057014, 41.27038008460416], [46.684952974319465, 41.270396212300774], [46.68482422828675, 41.27033170149041]]}, "properties": {"id": "det898", "length_m": 80.5, "osm_match_frac": 0.0, "status": "unmapped_candidate"}}, {"type": "Feature", "geometry": {"type": "LineString", "coordinates": [[46.6880214214325, 41.26905759992409], [46.68799996376038, 41.26894470364941], [46.68810725212098, 41.2687995510094], [46.68830037117005, 41.2682350654528]]}, "properties": {"id": "det982", "length_m": 95.9, "osm_match_frac": 1.0, "status": "confirmed_by_osm"}}, {"type": "Feature", "geometry": {"type": "LineString", "coordinates": [[46.70430779457092, 41.26883180717951], [46.70437216758729, 41.26878342291836], [46.70441508293153, 41.268589885515226], [46.70452237129212, 41.26847698843179], [46.70462965965271, 41.26844473208639], [46.70462965965271, 41.26838021934776], [46.70473694801332, 41.268315706545394]]}, "properties": {"id": "det997", "length_m": 73.2, "osm_match_frac": 1.0, "status": "confirmed_by_osm"}}, {"type": "Feature", "geometry": {"type": "LineString", "coordinates": [[46.6716492176056, 41.26881567909644], [46.67158484458924, 41.26875116672435], [46.67132735252381, 41.268718910514394], [46.67117714881898, 41.26860601365407], [46.671005487442024, 41.268589885515226]]}, "properties": {"id": "det998", "length_m": 63.1, "osm_match_frac": 0.0, "status": "unmapped_candidate"}}, {"type": "Feature", "geometry": {"type": "LineString", "coordinates": [[46.70514464378357, 41.26792862839257], [46.70527338981629, 41.26788024346211], [46.70529484748841, 41.26773508845561], [46.70538067817689, 41.26767057501581], [46.70546650886536, 41.267493162727675], [46.70578837394715, 41.26744477747452]]}, "properties": {"id": "det1054", "length_m": 86.9, "osm_match_frac": 1.0, "status": "confirmed_by_osm"}}, {"type": "Feature", "geometry": {"type": "LineString", "coordinates": [[46.688150167465224, 41.267702831743684], [46.68787121772766, 41.26744477747452], [46.68776392936707, 41.267138336705216]]}, "properties": {"id": "det1057", "length_m": 72.2, "osm_match_frac": 1.0, "status": "confirmed_by_osm"}}, {"type": "Feature", "geometry": {"type": "LineString", "coordinates": [[46.687420606613166, 41.26668673716057], [46.68724894523621, 41.26646093621698], [46.68724894523621, 41.26631577805519], [46.68716311454774, 41.26625126321303], [46.68705582618714, 41.26625126321303]]}, "properties": {"id": "det1092", "length_m": 64.2, "osm_match_frac": 1.0, "status": "confirmed_by_osm"}}, {"type": "Feature", "geometry": {"type": "LineString", "coordinates": [[46.70604586601258, 41.26629964935062], [46.70578837394715, 41.26621900576804], [46.70572400093079, 41.26607384706842], [46.70557379722596, 41.26592868804609]]}, "properties": {"id": "det1108", "length_m": 60.8, "osm_match_frac": 1.0, "status": "confirmed_by_osm"}}, {"type": "Feature", "geometry": {"type": "LineString", "coordinates": [[46.68705582618714, 41.26625126321303], [46.686927080154426, 41.26588030163361], [46.68681979179383, 41.265783528701064], [46.68681979179383, 41.265670626765164], [46.686626672744765, 41.26518675911451], [46.686626672744765, 41.264767404250314], [46.6865622997284, 41.26438030506223], [46.686626672744765, 41.26420288383413]]}, "properties": {"id": "det1116", "length_m": 235.6, "osm_match_frac": 1.0, "status": "confirmed_by_osm"}}, {"type": "Feature", "geometry": {"type": "LineString", "coordinates": [[46.64296030998231, 41.26599320320696], [46.643239259719856, 41.26586417282147], [46.643625497818, 41.26594481684228], [46.64381861686707, 41.26594481684228]]}, "properties": {"id": "det1128", "length_m": 77.2, "osm_match_frac": 0.0, "status": "unmapped_candidate"}}, {"type": "Feature", "geometry": {"type": "LineString", "coordinates": [[46.63090109825135, 41.26429965910923], [46.63075089454652, 41.26421901305661], [46.63010716438294, 41.264106108415625]]}, "properties": {"id": "det1229", "length_m": 70.8, "osm_match_frac": 1.0, "status": "confirmed_by_osm"}}, {"type": "Feature", "geometry": {"type": "LineString", "coordinates": [[46.630922555923476, 41.26429965910923], [46.63143754005433, 41.26418675460768], [46.631759405136116, 41.26420288383413]]}, "properties": {"id": "det1230", "length_m": 72.0, "osm_match_frac": 1.0, "status": "confirmed_by_osm"}}, {"type": "Feature", "geometry": {"type": "LineString", "coordinates": [[46.63008570671083, 41.264106108415625], [46.62989258766175, 41.26394481573273], [46.629785299301155, 41.263702875961414], [46.62965655326844, 41.26358997042803], [46.62963509559632, 41.263509323498965]]}, "properties": {"id": "det1240", "length_m": 78.1, "osm_match_frac": 1.0, "status": "confirmed_by_osm"}}, {"type": "Feature", "geometry": {"type": "LineString", "coordinates": [[46.6296136379242, 41.263493194101194], [46.62935614585877, 41.263348029342026], [46.628991365432746, 41.263041569346285]]}, "properties": {"id": "det1269", "length_m": 72.7, "osm_match_frac": 1.0, "status": "confirmed_by_osm"}}, {"type": "Feature", "geometry": {"type": "LineString", "coordinates": [[46.68355822563172, 41.26229960761121], [46.683686971664436, 41.26194475336667], [46.683923006057746, 41.26162215692568], [46.683944463729866, 41.261525377682645]]}, "properties": {"id": "det1280", "length_m": 92.7, "osm_match_frac": 1.0, "status": "confirmed_by_osm"}}, {"type": "Feature", "geometry": {"type": "LineString", "coordinates": [[46.62768244743347, 41.26215444019877], [46.62751078605652, 41.26202540222793], [46.627446413040175, 41.2618157149815], [46.627467870712294, 41.26157376732209], [46.62757515907288, 41.26133181876631], [46.627596616745, 41.26088017906391], [46.62753224372864, 41.260831788910544]]}, "properties": {"id": "det1282", "length_m": 157.3, "osm_match_frac": 1.0, "status": "confirmed_by_osm"}}, {"type": "Feature", "geometry": {"type": "LineString", "coordinates": [[46.62753224372864, 41.26081565885145], [46.627467870712294, 41.26041240607948], [46.627253293991096, 41.26015432299872]]}, "properties": {"id": "det1292", "length_m": 78.9, "osm_match_frac": 1.0, "status": "confirmed_by_osm"}}, {"type": "Feature", "geometry": {"type": "LineString", "coordinates": [[46.6845452785492, 41.260283364666584], [46.68473839759827, 41.26013819277231], [46.68478131294251, 41.2599768902891], [46.68491005897522, 41.259896238898094], [46.684974431991584, 41.259702675153356], [46.684974431991584, 41.25957363233814], [46.684931516647346, 41.259541371594494]]}, "properties": {"id": "det1297", "length_m": 96.7, "osm_match_frac": 1.0, "status": "confirmed_by_osm"}}, {"type": "Feature", "geometry": {"type": "LineString", "coordinates": [[46.627253293991096, 41.26013819277231], [46.627253293991096, 41.26000915081761], [46.62710309028627, 41.25975106614331], [46.62701725959778, 41.259702675153356], [46.62686705589295, 41.259476850059414], [46.62673830986024, 41.25939619805092], [46.62656664848328, 41.25910584999569]]}, "properties": {"id": "det1300", "length_m": 132.0, "osm_match_frac": 1.0, "status": "confirmed_by_osm"}}, {"type": "Feature", "geometry": {"type": "LineString", "coordinates": [[46.68527483940125, 41.25918650236273], [46.68557524681092, 41.25892841443764], [46.685703992843635, 41.25857354187539]]}, "properties": {"id": "det1306", "length_m": 79.0, "osm_match_frac": 1.0, "status": "confirmed_by_osm"}}, {"type": "Feature", "geometry": {"type": "LineString", "coordinates": [[46.62633061408997, 41.25896067548404], [46.626244783401496, 41.25875097839754], [46.626094579696655, 41.258589672488235], [46.626051664352424, 41.25844449682925]]}, "properties": {"id": "det1310", "length_m": 62.8, "osm_match_frac": 1.0, "status": "confirmed_by_osm"}}, {"type": "Feature", "geometry": {"type": "LineString", "coordinates": [[46.625794172286994, 41.25817027525964], [46.62581562995911, 41.25805736016104], [46.62566542625428, 41.257589566958735], [46.62547230720521, 41.25744438907679]]}, "properties": {"id": "det1328", "length_m": 89.0, "osm_match_frac": 1.0, "status": "confirmed_by_osm"}}, {"type": "Feature", "geometry": {"type": "LineString", "coordinates": [[46.62545084953309, 41.2574282581811], [46.62536501884461, 41.257315341799725], [46.62482857704164, 41.257121770406066]]}, "properties": {"id": "det1353", "length_m": 64.3, "osm_match_frac": 1.0, "status": "confirmed_by_osm"}}, {"type": "Feature", "geometry": {"type": "LineString", "coordinates": [[46.30410075187684, 41.25720242522314], [46.30352139472962, 41.25718629426769], [46.30334973335267, 41.257105639430705]]}, "properties": {"id": "det1368", "length_m": 65.5, "osm_match_frac": 0.5, "status": "confirmed_by_osm"}}, {"type": "Feature", "geometry": {"type": "LineString", "coordinates": [[46.62407755851746, 41.25697659148435], [46.623755693435676, 41.25687980535727], [46.62336945533753, 41.25663783941214], [46.623262166976936, 41.256621708317255]]}, "properties": {"id": "det1380", "length_m": 80.3, "osm_match_frac": 1.0, "status": "confirmed_by_osm"}}, {"type": "Feature", "geometry": {"type": "LineString", "coordinates": [[46.703149080276496, 41.256960460473145], [46.70306324958802, 41.25705724648069], [46.70278429985047, 41.25705724648069], [46.70271992683411, 41.25692819843874], [46.70274138450623, 41.25683141223996]]}, "properties": {"id": "det1382", "length_m": 62.5, "osm_match_frac": 0.0, "status": "unmapped_candidate"}}, {"type": "Feature", "geometry": {"type": "LineString", "coordinates": [[46.703191995620735, 41.256960460473145], [46.70323491096497, 41.25699272249159], [46.703599691391, 41.25699272249159], [46.70398592948914, 41.25686367432215]]}, "properties": {"id": "det1383", "length_m": 71.0, "osm_match_frac": 0.0, "status": "unmapped_candidate"}}, {"type": "Feature", "geometry": {"type": "LineString", "coordinates": [[46.665512323379524, 41.25683141223996], [46.66555523872376, 41.25675075696475], [46.665748357772834, 41.256621708317255], [46.665984392166145, 41.25657331500873], [46.66641354560853, 41.25631521675764]]}, "properties": {"id": "det1400", "length_m": 97.7, "osm_match_frac": 0.0, "status": "unmapped_candidate"}}, {"type": "Feature", "geometry": {"type": "LineString", "coordinates": [[46.3078773021698, 41.25663783941214], [46.3076412677765, 41.25673462589775], [46.30734086036683, 41.256766888027755], [46.307126283645644, 41.25667010158995], [46.30701899528504, 41.256557183897904], [46.30699753761292, 41.25644426601067]]}, "properties": {"id": "det1427", "length_m": 97.0, "osm_match_frac": 0.0, "status": "unmapped_candidate"}}, {"type": "Feature", "geometry": {"type": "LineString", "coordinates": [[46.29804968833924, 41.256137773618434], [46.29830718040467, 41.25607324872102], [46.29828572273255, 41.25586354236425], [46.298457384109504, 41.255815148493994], [46.29852175712586, 41.2557344919639]]}, "properties": {"id": "det1474", "length_m": 71.9, "osm_match_frac": 0.0, "status": "unmapped_candidate"}}, {"type": "Feature", "geometry": {"type": "LineString", "coordinates": [[46.68418049812318, 41.25597646125539], [46.68385863304139, 41.25584741107814], [46.6836440563202, 41.255653835334215], [46.68355822563172, 41.255653835334215], [46.68349385261537, 41.25558930995875], [46.683193445205696, 41.255460259016616], [46.68302178382874, 41.255282813554885]]}, "properties": {"id": "det1479", "length_m": 128.1, "osm_match_frac": 1.0, "status": "confirmed_by_osm"}}, {"type": "Feature", "geometry": {"type": "LineString", "coordinates": [[46.604529619216926, 41.25589580492449], [46.60459399223329, 41.255653835334215], [46.604722738266, 41.25557317860493], [46.60489439964295, 41.25552478451956], [46.60513043403626, 41.25555704724712], [46.60519480705262, 41.25560544130859]]}, "properties": {"id": "det1482", "length_m": 84.5, "osm_match_frac": 0.0, "status": "unmapped_candidate"}}, {"type": "Feature", "geometry": {"type": "LineString", "coordinates": [[46.6027057170868, 41.255315076401956], [46.6027057170868, 41.25516989346462], [46.60261988639832, 41.25502471020459], [46.60261988639832, 41.254750474277465], [46.60264134407045, 41.254621421678095], [46.60274863243104, 41.254460105570345], [46.60294175148011, 41.25433105239732], [46.60317778587342, 41.2542826573917], [46.60343527793885, 41.25410520873102], [46.60369277000428, 41.25402455008955], [46.60397171974183, 41.25386323250781], [46.60422921180726, 41.25381483715561]]}, "properties": {"id": "det1492", "length_m": 245.1, "osm_match_frac": 1.0, "status": "confirmed_by_osm"}}, {"type": "Feature", "geometry": {"type": "LineString", "coordinates": [[46.68302178382874, 41.25515376200721], [46.68282866477967, 41.25478273738747], [46.682699918746955, 41.254718211151534], [46.68261408805848, 41.25458915848842]]}, "properties": {"id": "det1495", "length_m": 73.2, "osm_match_frac": 1.0, "status": "confirmed_by_osm"}}, {"type": "Feature", "geometry": {"type": "LineString", "coordinates": [[46.68261408805848, 41.2545730268876], [46.68263554573059, 41.254427842300984], [46.682807207107544, 41.25416973557249], [46.68282866477967, 41.254040681825806], [46.68306469917298, 41.25379870536357], [46.68312907218934, 41.25352446428947]]}, "properties": {"id": "det1501", "length_m": 127.0, "osm_match_frac": 1.0, "status": "confirmed_by_osm"}}, {"type": "Feature", "geometry": {"type": "LineString", "coordinates": [[46.611825227737434, 41.254460105570345], [46.61197543144227, 41.2542503940347], [46.61214709281922, 41.254121340447355], [46.61234021186829, 41.25402455008955], [46.612468957901015, 41.254008418349294]]}, "properties": {"id": "det1502", "length_m": 77.1, "osm_match_frac": 0.0, "status": "unmapped_candidate"}}, {"type": "Feature", "geometry": {"type": "LineString", "coordinates": [[46.298457384109504, 41.254008418349294], [46.29860758781434, 41.25402455008955], [46.298671960830696, 41.25397615485685], [46.29880070686341, 41.25397615485685], [46.29905819892884, 41.25405681355808], [46.29922986030579, 41.254008418349294], [46.29927277565004, 41.25391162782416]]}, "properties": {"id": "det1516", "length_m": 81.2, "osm_match_frac": 0.0, "status": "unmapped_candidate"}}, {"type": "Feature", "geometry": {"type": "LineString", "coordinates": [[46.70379281044007, 41.25399228660506], [46.703921556472785, 41.25416973557249], [46.704157590866096, 41.254121340447355], [46.70424342155458, 41.254040681825806], [46.704179048538215, 41.25394389134848], [46.70398592948914, 41.253895496056025], [46.703878641128554, 41.25391162782416], [46.70379281044007, 41.25397615485685]]}, "properties": {"id": "det1523", "length_m": 102.8, "osm_match_frac": 0.0, "status": "unmapped_candidate"}}, {"type": "Feature", "geometry": {"type": "LineString", "coordinates": [[46.604293584823616, 41.25376644176755], [46.60435795783997, 41.253556728005], [46.6045081615448, 41.25336314547279], [46.604529619216926, 41.25308890257017], [46.604658365249634, 41.25284692258235], [46.604808568954475, 41.25268560209251], [46.604808568954475, 41.25258880960739], [46.60474419593812, 41.2523952242069], [46.60463690757752, 41.25229843129154], [46.60463690757752, 41.25223390260163], [46.604250669479384, 41.251701538477796], [46.60414338111878, 41.25126596460424]]}, "properties": {"id": "det1543", "length_m": 300.8, "osm_match_frac": 1.0, "status": "confirmed_by_osm"}}, {"type": "Feature", "geometry": {"type": "LineString", "coordinates": [[46.62040829658509, 41.253750309963564], [46.62038683891297, 41.253669650883886], [46.62021517753602, 41.253556728005], [46.620022058486946, 41.253314749750096], [46.61970019340516, 41.25307277059887], [46.61929249763489, 41.25284692258235], [46.61909937858583, 41.25284692258235], [46.61888480186463, 41.25276626238723], [46.61875605583192, 41.252637205867885], [46.61864876747132, 41.25262107378503]]}, "properties": {"id": "det1546", "length_m": 203.4, "osm_match_frac": 1.0, "status": "confirmed_by_osm"}}, {"type": "Feature", "geometry": {"type": "LineString", "coordinates": [[46.612769365310676, 41.2537019145277], [46.61285519599915, 41.25349220055801], [46.61311268806458, 41.253314749750096], [46.61321997642517, 41.25316956236692], [46.61332726478578, 41.25284692258235]]}, "properties": {"id": "det1555", "length_m": 109.0, "osm_match_frac": 0.0, "status": "unmapped_candidate"}}, {"type": "Feature", "geometry": {"type": "LineString", "coordinates": [[46.6101086139679, 41.25362125538826], [46.61015152931214, 41.25352446428947], [46.61092400550842, 41.25352446428947]]}, "properties": {"id": "det1558", "length_m": 76.1, "osm_match_frac": 0.0, "status": "unmapped_candidate"}}, {"type": "Feature", "geometry": {"type": "LineString", "coordinates": [[46.61094546318054, 41.253540596149236], [46.611074209213264, 41.25345993681061], [46.61137461662293, 41.253443804930924], [46.61146044731141, 41.253395409268], [46.61173939704896, 41.253395409268], [46.61186814308167, 41.25350833242574]]}, "properties": {"id": "det1567", "length_m": 88.2, "osm_match_frac": 0.0, "status": "unmapped_candidate"}}, {"type": "Feature", "geometry": {"type": "LineString", "coordinates": [[46.30122542381287, 41.253347013569204], [46.30126833915711, 41.253314749750096], [46.30184769630433, 41.25328248591506], [46.30201935768128, 41.25315343041554]]}, "properties": {"id": "det1572", "length_m": 74.1, "osm_match_frac": 0.0, "status": "unmapped_candidate"}}, {"type": "Feature", "geometry": {"type": "LineString", "coordinates": [[46.305667161941535, 41.25283079055129], [46.30583882331849, 41.252959846688206], [46.30598902702332, 41.25294371468504], [46.3060748577118, 41.25284692258235], [46.3060748577118, 41.25275013033625], [46.3059675693512, 41.25265333794674]]}, "properties": {"id": "det1593", "length_m": 70.7, "osm_match_frac": 0.0, "status": "unmapped_candidate"}}, {"type": "Feature", "geometry": {"type": "LineString", "coordinates": [[46.60060286521913, 41.25276626238723], [46.60071015357972, 41.25270173415942], [46.60122513771058, 41.25279852647723], [46.60128951072694, 41.25284692258235], [46.601482629776015, 41.25284692258235], [46.60176157951356, 41.25283079055129], [46.60184741020203, 41.25275013033625]]}, "properties": {"id": "det1601", "length_m": 114.7, "osm_match_frac": 0.0, "status": "unmapped_candidate"}}, {"type": "Feature", "geometry": {"type": "LineString", "coordinates": [[46.61864876747132, 41.25262107378503], [46.618520021438606, 41.25254041331104], [46.61841273307801, 41.2525242812043], [46.6181766986847, 41.252346827767155], [46.61791920661927, 41.25228229912504], [46.61744713783265, 41.25207258059799], [46.617060899734504, 41.251814464563545]]}, "properties": {"id": "det1613", "length_m": 163.0, "osm_match_frac": 1.0, "status": "confirmed_by_osm"}}, {"type": "Feature", "geometry": {"type": "LineString", "coordinates": [[46.305774450302124, 41.252475884860154], [46.305752992630005, 41.25223390260163], [46.30581736564637, 41.25215324164961], [46.30583882331849, 41.251959654958405], [46.30592465400696, 41.25192739045411]]}, "properties": {"id": "det1624", "length_m": 67.0, "osm_match_frac": 0.0, "status": "unmapped_candidate"}}, {"type": "Feature", "geometry": {"type": "LineString", "coordinates": [[46.61703944206238, 41.251814464563545], [46.61688923835755, 41.25178219998754], [46.61652445793152, 41.25155634750929], [46.616438627243056, 41.25155634750929], [46.61620259284974, 41.25133049425024]]}, "properties": {"id": "det1679", "length_m": 91.8, "osm_match_frac": 1.0, "status": "confirmed_by_osm"}}, {"type": "Feature", "geometry": {"type": "LineString", "coordinates": [[46.67615532875062, 41.25173380309364], [46.67630553245546, 41.25163700919829], [46.67656302452088, 41.25157247985506], [46.67664885520936, 41.251378891442904]]}, "properties": {"id": "det1691", "length_m": 62.0, "osm_match_frac": 0.0, "status": "unmapped_candidate"}}, {"type": "Feature", "geometry": {"type": "LineString", "coordinates": [[46.68488860130311, 41.25126596460424], [46.6849958896637, 41.25123369975734], [46.68506026268006, 41.25113690512103], [46.685253381729126, 41.25107237528382], [46.685360670089736, 41.25107237528382], [46.685446500778205, 41.25102397786407], [46.6856610774994, 41.25102397786407]]}, "properties": {"id": "det1733", "length_m": 75.4, "osm_match_frac": 1.0, "status": "confirmed_by_osm"}}, {"type": "Feature", "geometry": {"type": "LineString", "coordinates": [[46.60414338111878, 41.25124983218278], [46.60397171974183, 41.25102397786407], [46.6039288043976, 41.25086265287267], [46.603735685348525, 41.25060453205783], [46.60369277000428, 41.25047547126797], [46.60369277000428, 41.25031414492212], [46.603778600692756, 41.250104420076966], [46.60399317741394, 41.24991082731466]]}, "properties": {"id": "det1734", "length_m": 165.2, "osm_match_frac": 1.0, "status": "confirmed_by_osm"}}, {"type": "Feature", "geometry": {"type": "LineString", "coordinates": [[46.69402956962586, 41.25113690512103], [46.69409394264222, 41.25108850774909], [46.69439435005189, 41.25108850774909], [46.69448018074037, 41.25104011034131], [46.694651842117324, 41.251056242814556], [46.694694757461555, 41.25102397786407]]}, "properties": {"id": "det1752", "length_m": 61.3, "osm_match_frac": 0.0, "status": "unmapped_candidate"}}, {"type": "Feature", "geometry": {"type": "LineString", "coordinates": [[46.61819815635682, 41.25089491790282], [46.61815524101258, 41.250733592592724], [46.618262529373176, 41.25044320603067], [46.618262529373176, 41.24979789793839], [46.61832690238953, 41.24962043709561]]}, "properties": {"id": "det1767", "length_m": 143.8, "osm_match_frac": 1.0, "status": "confirmed_by_osm"}}, {"type": "Feature", "geometry": {"type": "LineString", "coordinates": [[46.6945230960846, 41.250765857686616], [46.694179773330696, 41.25062066463863], [46.69387936592103, 41.25055613429151], [46.693793535232544, 41.25057226688426]]}, "properties": {"id": "det1784", "length_m": 66.6, "osm_match_frac": 0.0, "status": "unmapped_candidate"}}, {"type": "Feature", "geometry": {"type": "LineString", "coordinates": [[46.69214129447938, 41.25062066463863], [46.691969633102424, 41.25063679721545], [46.69184088706971, 41.250733592592724], [46.69164776802064, 41.250733592592724], [46.69154047966004, 41.250652929788295], [46.691476106643684, 41.250652929788295], [46.69134736061096, 41.250523869094046]]}, "properties": {"id": "det1794", "length_m": 81.9, "osm_match_frac": 0.0, "status": "unmapped_candidate"}}, {"type": "Feature", "geometry": {"type": "LineString", "coordinates": [[46.686218976974494, 41.25060453205783], [46.68660521507264, 41.250540001694766], [46.68686270713806, 41.250378675508266], [46.68696999549867, 41.25023348159981], [46.687141656875625, 41.24973336677861], [46.68724894523621, 41.249572038600284]]}, "properties": {"id": "det1796", "length_m": 157.1, "osm_match_frac": 1.0, "status": "confirmed_by_osm"}}, {"type": "Feature", "geometry": {"type": "LineString", "coordinates": [[46.68469548225404, 41.25031414492212], [46.684952974319465, 41.25024961427224], [46.68484568595888, 41.25007215465641], [46.68469548225404, 41.24999149103534], [46.68426632881165, 41.24997535829916]]}, "properties": {"id": "det1824", "length_m": 95.9, "osm_match_frac": 0.0, "status": "unmapped_candidate"}}, {"type": "Feature", "geometry": {"type": "LineString", "coordinates": [[46.5977704524994, 41.25024961427224], [46.59813523292542, 41.250410940777435], [46.598585844039924, 41.25039480814485], [46.598778963088996, 41.25024961427224], [46.599014997482314, 41.25018508355862], [46.59910082817078, 41.25008828736868], [46.59927248954774, 41.25002375649572]]}, "properties": {"id": "det1827", "length_m": 146.1, "osm_match_frac": 1.0, "status": "confirmed_by_osm"}}, {"type": "Feature", "geometry": {"type": "LineString", "coordinates": [[46.59774899482728, 41.25023348159981], [46.597534418106086, 41.250201216243], [46.59729838371278, 41.250007623767516], [46.59706234931947, 41.24989469455857], [46.59695506095886, 41.24973336677861]]}, "properties": {"id": "det1828", "length_m": 91.0, "osm_match_frac": 1.0, "status": "confirmed_by_osm"}}, {"type": "Feature", "geometry": {"type": "LineString", "coordinates": [[46.61648154258729, 41.25012055278126], [46.61641716957093, 41.25005602194016], [46.61615967750549, 41.24999149103534], [46.61573052406312, 41.24973336677861], [46.61566615104676, 41.24973336677861], [46.61540865898133, 41.249459108638426], [46.614786386489875, 41.24907191871586], [46.614743471145644, 41.24899125385984]]}, "properties": {"id": "det1834", "length_m": 197.7, "osm_match_frac": 0.0, "status": "unmapped_candidate"}}, {"type": "Feature", "geometry": {"type": "LineString", "coordinates": [[46.599293947219856, 41.250007623767516], [46.59961581230164, 41.24991082731466], [46.59985184669496, 41.24976563236647], [46.60000205039979, 41.24976563236647], [46.6001307964325, 41.249684968366935], [46.60028100013733, 41.249684968366935], [46.60040974617005, 41.24963656991941], [46.601332426071174, 41.2497172339787]]}, "properties": {"id": "det1838", "length_m": 183.6, "osm_match_frac": 1.0, "status": "confirmed_by_osm"}}, {"type": "Feature", "geometry": {"type": "LineString", "coordinates": [[46.67830109596253, 41.24991082731466], [46.67860150337221, 41.24989469455857], [46.67883753776551, 41.24973336677861], [46.67898774147034, 41.24973336677861], [46.679202318191535, 41.24962043709561], [46.67941689491273, 41.24960430426782], [46.67965292930604, 41.2495236400691], [46.67993187904359, 41.24931391268636]]}, "properties": {"id": "det1844", "length_m": 159.2, "osm_match_frac": 0.0, "status": "unmapped_candidate"}}, {"type": "Feature", "geometry": {"type": "LineString", "coordinates": [[46.603285074234016, 41.24989469455857], [46.60251259803773, 41.249781765154424], [46.601976156234755, 41.24979789793839]]}, "properties": {"id": "det1846", "length_m": 110.9, "osm_match_frac": 1.0, "status": "confirmed_by_osm"}}, {"type": "Feature", "geometry": {"type": "LineString", "coordinates": [[46.61832690238953, 41.24958817143604], [46.61841273307801, 41.249120317581664], [46.618262529373176, 41.248878322894114], [46.6181766986847, 41.24882992384905]]}, "properties": {"id": "det1863", "length_m": 91.1, "osm_match_frac": 1.0, "status": "confirmed_by_osm"}}, {"type": "Feature", "geometry": {"type": "LineString", "coordinates": [[46.68724894523621, 41.24955590576054], [46.68724894523621, 41.2493623113729], [46.68733477592469, 41.24926551396396], [46.6873562335968, 41.24897512087669], [46.687420606613166, 41.24891058890424], [46.68737769126892, 41.24845886331242], [46.68748497962953, 41.24797486814115], [46.68748497962953, 41.24776513578684]]}, "properties": {"id": "det1864", "length_m": 203.8, "osm_match_frac": 1.0, "status": "confirmed_by_osm"}}, {"type": "Feature", "geometry": {"type": "LineString", "coordinates": [[46.60513043403626, 41.24953977291681], [46.60523772239686, 41.2495236400691], [46.60540938377381, 41.24937844426044], [46.60575270652772, 41.249217115205724], [46.606718301773085, 41.24847499642305], [46.60714745521546, 41.248313665137495], [46.607533693313606, 41.24807166746222], [46.60766243934632, 41.24805553425201], [46.60794138908387, 41.24791033518076], [46.6080915927887, 41.247894201930706]]}, "properties": {"id": "det1866", "length_m": 314.5, "osm_match_frac": 1.0, "status": "confirmed_by_osm"}}, {"type": "Feature", "geometry": {"type": "LineString", "coordinates": [[46.60364985466004, 41.24944297577079], [46.603542566299446, 41.24915258347228], [46.60339236259461, 41.24899125385984], [46.60334944725037, 41.24886218988307], [46.60317778587342, 41.24873312565135], [46.60307049751282, 41.248555661916456], [46.6028130054474, 41.24837819769952]]}, "properties": {"id": "det1871", "length_m": 141.3, "osm_match_frac": 1.0, "status": "confirmed_by_osm"}}, {"type": "Feature", "geometry": {"type": "LineString", "coordinates": [[46.61815524101258, 41.24881379082606], [46.61815524101258, 41.24873312565135], [46.61798357963563, 41.24841046395663], [46.61794066429139, 41.248103933870716]]}, "properties": {"id": "det1897", "length_m": 81.8, "osm_match_frac": 1.0, "status": "confirmed_by_osm"}}, {"type": "Feature", "geometry": {"type": "LineString", "coordinates": [[46.61422848701477, 41.24868472649873], [46.613799333572395, 41.2484911295297], [46.61341309547425, 41.248249132511724], [46.61309123039246, 41.24799100137129], [46.61300539970399, 41.24786193541865]]}, "properties": {"id": "det1900", "length_m": 139.4, "osm_match_frac": 0.286, "status": "partial"}}, {"type": "Feature", "geometry": {"type": "LineString", "coordinates": [[46.61300539970399, 41.24784580215663], [46.61304831504822, 41.247797402346706], [46.613477468490615, 41.24778126906877], [46.61375641822816, 41.247700602619304], [46.614507436752326, 41.247700602619304], [46.61463618278504, 41.24765220270183]]}, "properties": {"id": "det1918", "length_m": 142.5, "osm_match_frac": 1.0, "status": "confirmed_by_osm"}}, {"type": "Feature", "geometry": {"type": "LineString", "coordinates": [[46.60240530967713, 41.24781353562067], [46.602276563644416, 41.247700602619304], [46.60189032554627, 41.24761993607026], [46.6018044948578, 41.24761993607026], [46.60161137580872, 41.24776513578684]]}, "properties": {"id": "det1919", "length_m": 80.2, "osm_match_frac": 0.8, "status": "confirmed_by_osm"}}, {"type": "Feature", "geometry": {"type": "LineString", "coordinates": [[46.60017371177674, 41.24771673591716], [46.600109338760376, 41.24776513578684], [46.59961581230164, 41.24774900250094], [46.599508523941054, 41.24768446931746], [46.59944415092469, 41.247539269421615]]}, "properties": {"id": "det1925", "length_m": 77.5, "osm_match_frac": 1.0, "status": "confirmed_by_osm"}}, {"type": "Feature", "geometry": {"type": "LineString", "coordinates": [[46.616567373275764, 41.247700602619304], [46.61648154258729, 41.247700602619304], [46.616073846817024, 41.24752313607994], [46.615537405014045, 41.24752313607994]]}, "properties": {"id": "det1926", "length_m": 91.6, "osm_match_frac": 1.0, "status": "confirmed_by_osm"}}, {"type": "Feature", "geometry": {"type": "LineString", "coordinates": [[46.596311330795295, 41.24766833601164], [46.59650444984437, 41.247507002734274], [46.597126722335815, 41.24757153609302], [46.59723401069642, 41.24761993607026], [46.59749150276185, 41.24758766942275], [46.5977704524994, 41.24745860267338], [46.597985029220595, 41.24745860267338], [46.59817814826966, 41.24736180244405], [46.59841418266297, 41.24734566905855]]}, "properties": {"id": "det1929", "length_m": 193.8, "osm_match_frac": 0.8, "status": "confirmed_by_osm"}}, {"type": "Feature", "geometry": {"type": "LineString", "coordinates": [[46.61467909812928, 41.24765220270183], [46.6151511669159, 41.24763606938803], [46.615515947341926, 41.247539269421615]]}, "properties": {"id": "det1931", "length_m": 72.0, "osm_match_frac": 1.0, "status": "confirmed_by_osm"}}, {"type": "Feature", "geometry": {"type": "LineString", "coordinates": [[46.61266207695008, 41.24710366779803], [46.61270499229432, 41.24679713158134], [46.61289811134339, 41.24652286111586], [46.61296248435975, 41.24632925774119], [46.613026857376106, 41.24594204927095]]}, "properties": {"id": "det1954", "length_m": 134.2, "osm_match_frac": 0.0, "status": "unmapped_candidate"}}, {"type": "Feature", "geometry": {"type": "LineString", "coordinates": [[46.68787121772766, 41.246119520104635], [46.68774247169495, 41.24536123226333]]}, "properties": {"id": "det1972", "length_m": 84.9, "osm_match_frac": 1.0, "status": "confirmed_by_osm"}}, {"type": "Feature", "geometry": {"type": "LineString", "coordinates": [[46.61304831504822, 41.24592591553489], [46.61315560340883, 41.245861380550835], [46.61315560340883, 41.24565164141248], [46.6132414340973, 41.24547416930803], [46.6132414340973, 41.24536123226333], [46.613391637802124, 41.24516762544686], [46.61345601081849, 41.24490948213257]]}, "properties": {"id": "det1983", "length_m": 122.4, "osm_match_frac": 0.0, "status": "unmapped_candidate"}}, {"type": "Feature", "geometry": {"type": "LineString", "coordinates": [[46.669975519180305, 41.24592591553489], [46.67006134986878, 41.245667775216255], [46.66988968849183, 41.24555483850617], [46.669739484786994, 41.24553870467451], [46.66931033134461, 41.24574844417538]]}, "properties": {"id": "det1984", "length_m": 104.2, "osm_match_frac": 0.0, "status": "unmapped_candidate"}}, {"type": "Feature", "geometry": {"type": "LineString", "coordinates": [[46.61740422248841, 41.24553870467451], [46.61740422248841, 41.24542576774135], [46.617554426193244, 41.24516762544686], [46.617790460586555, 41.244893348141574], [46.61789774894715, 41.24458680155565]]}, "properties": {"id": "det1990", "length_m": 115.4, "osm_match_frac": 1.0, "status": "confirmed_by_osm"}}, {"type": "Feature", "geometry": {"type": "LineString", "coordinates": [[46.658495664596565, 41.24553870467451], [46.658688783645644, 41.24553870467451], [46.659075021743774, 41.245345098383865], [46.659461259841926, 41.24528056282618], [46.65963292121888, 41.24505468787234]]}, "properties": {"id": "det1992", "length_m": 117.1, "osm_match_frac": 1.0, "status": "confirmed_by_osm"}}, {"type": "Feature", "geometry": {"type": "LineString", "coordinates": [[46.65967583656312, 41.24505468787234], [46.659761667251594, 41.24511922365311], [46.66008353233338, 41.24511922365311], [46.660491228103645, 41.2449256161196]]}, "properties": {"id": "det2019", "length_m": 77.5, "osm_match_frac": 1.0, "status": "confirmed_by_osm"}}, {"type": "Feature", "geometry": {"type": "LineString", "coordinates": [[46.6817343235016, 41.2450385539172], [46.681777238845825, 41.245070821823504], [46.68194890022278, 41.245070821823504], [46.68216347694398, 41.24495788408168], [46.682742834091194, 41.24482881213772]]}, "properties": {"id": "det2023", "length_m": 92.0, "osm_match_frac": 1.0, "status": "confirmed_by_osm"}}, {"type": "Feature", "geometry": {"type": "LineString", "coordinates": [[46.66152119636536, 41.244941750102626], [46.6613280773163, 41.2449256161196], [46.6611135005951, 41.244748142043285], [46.66089892387391, 41.244715873977626]]}, "properties": {"id": "det2031", "length_m": 61.3, "osm_match_frac": 1.0, "status": "confirmed_by_osm"}}, {"type": "Feature", "geometry": {"type": "LineString", "coordinates": [[46.682742834091194, 41.2447965441119], [46.682742834091194, 41.244683605896036], [46.682807207107544, 41.24460293562234], [46.68310761451722, 41.24453839933167], [46.68334364891053, 41.24436092420371], [46.68340802192689, 41.24413504607099]]}, "properties": {"id": "det2054", "length_m": 102.8, "osm_match_frac": 1.0, "status": "confirmed_by_osm"}}, {"type": "Feature", "geometry": {"type": "LineString", "coordinates": [[46.61860585212708, 41.24416731442347], [46.61894917488099, 41.24378009314211], [46.619142293930054, 41.2436671531695], [46.61933541297913, 41.24361875026433]]}, "properties": {"id": "det2083", "length_m": 89.3, "osm_match_frac": 1.0, "status": "confirmed_by_osm"}}, {"type": "Feature", "geometry": {"type": "LineString", "coordinates": [[46.68797850608827, 41.24347354133375], [46.68808579444886, 41.24339286956622], [46.6881287097931, 41.243231525732405], [46.688235998153694, 41.24311858481171], [46.688429117202766, 41.242973374769726], [46.68851494789124, 41.242989509234775]]}, "properties": {"id": "det2096", "length_m": 76.7, "osm_match_frac": 1.0, "status": "confirmed_by_osm"}}, {"type": "Feature", "geometry": {"type": "LineString", "coordinates": [[46.628004312515266, 41.24321539132711], [46.627553701400764, 41.243150853666116], [46.62731766700745, 41.24294110582768], [46.62712454795839, 41.242924971350696]]}, "properties": {"id": "det2105", "length_m": 85.3, "osm_match_frac": 1.0, "status": "confirmed_by_osm"}}, {"type": "Feature", "geometry": {"type": "LineString", "coordinates": [[46.61997914314271, 41.24318312250458], [46.62015080451966, 41.242989509234775], [46.62083745002748, 41.24282816440507], [46.6214382648468, 41.24245706978502], [46.62191033363343, 41.24229572364076], [46.622017621994026, 41.24221505041925]]}, "properties": {"id": "det2109", "length_m": 207.3, "osm_match_frac": 1.0, "status": "confirmed_by_osm"}}, {"type": "Feature", "geometry": {"type": "LineString", "coordinates": [[46.654268503189094, 41.243005643695824], [46.654268503189094, 41.242957240300704], [46.653968095779426, 41.24274749184084], [46.65364623069764, 41.24268295371775], [46.65351748466492, 41.2426990882545]]}, "properties": {"id": "det2116", "length_m": 78.5, "osm_match_frac": 1.0, "status": "confirmed_by_osm"}}, {"type": "Feature", "geometry": {"type": "LineString", "coordinates": [[46.65238022804261, 41.24257001184898], [46.65261626243592, 41.24257001184898], [46.65287375450135, 41.24247320437753], [46.65306687355042, 41.24247320437753]]}, "properties": {"id": "det2145", "length_m": 60.1, "osm_match_frac": 1.0, "status": "confirmed_by_osm"}}, {"type": "Feature", "geometry": {"type": "LineString", "coordinates": [[46.6271460056305, 41.241860087061504], [46.627060174942024, 41.24192462599723], [46.62673830986024, 41.24192462599723], [46.62656664848328, 41.24182781756974], [46.626523733139045, 41.241714874223085], [46.62637352943421, 41.24158579587362]]}, "properties": {"id": "det2220", "length_m": 87.2, "osm_match_frac": 0.0, "status": "unmapped_candidate"}}, {"type": "Feature", "geometry": {"type": "LineString", "coordinates": [[46.68585419654847, 41.24179554806204], [46.685918569564826, 41.241747143770624], [46.685918569564826, 41.241537391426846], [46.68585419654847, 41.2413599081486], [46.685768365859985, 41.24129536865519]]}, "properties": {"id": "det2229", "length_m": 61.5, "osm_match_frac": 1.0, "status": "confirmed_by_osm"}}, {"type": "Feature", "geometry": {"type": "LineString", "coordinates": [[46.62718892097473, 41.24163420028455], [46.62637352943421, 41.241569661062016]]}, "properties": {"id": "det2234", "length_m": 68.7, "osm_match_frac": 0.0, "status": "unmapped_candidate"}}, {"type": "Feature", "geometry": {"type": "LineString", "coordinates": [[46.626309156417854, 41.241569661062016], [46.62611603736878, 41.24144058242574], [46.625772714614875, 41.241343773281216], [46.62536501884461, 41.241392177871404]]}, "properties": {"id": "det2242", "length_m": 86.9, "osm_match_frac": 0.0, "status": "unmapped_candidate"}}, {"type": "Feature", "geometry": {"type": "LineString", "coordinates": [[46.62487149238587, 41.24129536865519], [46.62472128868103, 41.241117884719664], [46.624528169631965, 41.24110174979253], [46.62444233894349, 41.24113401964281], [46.624249219894416, 41.24110174979253]]}, "properties": {"id": "det2266", "length_m": 64.3, "osm_match_frac": 0.0, "status": "unmapped_candidate"}}, {"type": "Feature", "geometry": {"type": "LineString", "coordinates": [[46.68905138969422, 41.24094040030213], [46.68907284736635, 41.2407629154026], [46.68915867805482, 41.24074678038784], [46.68928742408753, 41.24058543002107], [46.68952345848084, 41.240456349440855]]}, "properties": {"id": "det2296", "length_m": 72.5, "osm_match_frac": 0.0, "status": "unmapped_candidate"}}, {"type": "Feature", "geometry": {"type": "LineString", "coordinates": [[46.622511148452766, 41.24089199537733], [46.62236094474793, 41.240972670232075], [46.622060537338264, 41.24098880519108], [46.62167429924012, 41.24092426533119], [46.62154555320741, 41.24084359041668], [46.621030569076545, 41.240827455421844]]}, "properties": {"id": "det2300", "length_m": 131.1, "osm_match_frac": 0.0, "status": "unmapped_candidate"}}, {"type": "Feature", "geometry": {"type": "LineString", "coordinates": [[46.61135315895081, 41.24085972540755], [46.61165356636048, 41.24084359041668], [46.61191105842591, 41.24092426533119], [46.612275838851936, 41.24090813035625], [46.61291956901551, 41.24103721004417], [46.61321997642517, 41.24103721004417], [46.613520383834846, 41.24094040030213], [46.61367058753969, 41.24079518542019], [46.613885164260864, 41.24069837531964], [46.613992452621474, 41.24060156507567]]}, "properties": {"id": "det2309", "length_m": 243.0, "osm_match_frac": 0.0, "status": "unmapped_candidate"}}, {"type": "Feature", "geometry": {"type": "LineString", "coordinates": [[46.68864369392396, 41.24079518542019], [46.68877243995667, 41.24074678038784], [46.68879389762879, 41.24068224028894], [46.68907284736635, 41.240456349440855], [46.68933033943177, 41.240375673948755], [46.689437627792366, 41.240375673948755], [46.68950200080872, 41.24042407925597]]}, "properties": {"id": "det2317", "length_m": 93.7, "osm_match_frac": 0.0, "status": "unmapped_candidate"}}, {"type": "Feature", "geometry": {"type": "LineString", "coordinates": [[46.59543156623841, 41.24019818751559], [46.59590363502504, 41.24000456540241], [46.596118211746216, 41.239956159784484], [46.596225500106826, 41.23987548367495], [46.59656882286073, 41.23982707796143], [46.59667611122132, 41.23971413115712]]}, "properties": {"id": "det2347", "length_m": 121.2, "osm_match_frac": 0.0, "status": "unmapped_candidate"}}, {"type": "Feature", "geometry": {"type": "LineString", "coordinates": [[46.60798430442811, 41.240165917203235], [46.60794138908387, 41.24003683579445], [46.60781264305115, 41.23994002457055], [46.60742640495301, 41.23984321320326], [46.60734057426453, 41.239778672212054]]}, "properties": {"id": "det2350", "length_m": 74.3, "osm_match_frac": 1.0, "status": "confirmed_by_osm"}}, {"type": "Feature", "geometry": {"type": "LineString", "coordinates": [[46.60446524620057, 41.240020700600425], [46.60410046577455, 41.240052970984486], [46.60364985466004, 41.240020700600425], [46.603306531906135, 41.23990775413072], [46.60307049751282, 41.239778672212054], [46.60285592079163, 41.2397625369543], [46.60268425941468, 41.23958504885604]]}, "properties": {"id": "det2358", "length_m": 167.0, "osm_match_frac": 1.0, "status": "confirmed_by_osm"}}, {"type": "Feature", "geometry": {"type": "LineString", "coordinates": [[46.60448670387268, 41.24000456540241], [46.60478711128236, 41.23994002457055], [46.60513043403626, 41.23994002457055], [46.605302095413215, 41.23998843020042]]}, "properties": {"id": "det2359", "length_m": 70.3, "osm_match_frac": 1.0, "status": "confirmed_by_osm"}}, {"type": "Feature", "geometry": {"type": "LineString", "coordinates": [[46.60596728324891, 41.23997229499445], [46.606074571609504, 41.23990775413072], [46.606267690658576, 41.239923889352625], [46.60676121711732, 41.239859348441094]]}, "properties": {"id": "det2361", "length_m": 69.8, "osm_match_frac": 1.0, "status": "confirmed_by_osm"}}, {"type": "Feature", "geometry": {"type": "LineString", "coordinates": [[46.59371495246888, 41.238713736655455], [46.59322142601014, 41.23868146561014], [46.59313559532166, 41.238633059012294], [46.592835187911994, 41.2386169234717], [46.59247040748597, 41.23848783900363], [46.59193396568299, 41.23842329667399]]}, "properties": {"id": "det2372", "length_m": 155.0, "osm_match_frac": 1.0, "status": "confirmed_by_osm"}}, {"type": "Feature", "geometry": {"type": "LineString", "coordinates": [[46.593757867813125, 41.238713736655455], [46.59412264823914, 41.238713736655455], [46.59440159797669, 41.23858465237859], [46.59463763237, 41.238536245709035]]}, "properties": {"id": "det2373", "length_m": 78.5, "osm_match_frac": 1.0, "status": "confirmed_by_osm"}}, {"type": "Feature", "geometry": {"type": "LineString", "coordinates": [[46.59465909004212, 41.238536245709035], [46.59538865089417, 41.238520110144556]]}, "properties": {"id": "det2376", "length_m": 61.2, "osm_match_frac": 1.0, "status": "confirmed_by_osm"}}, {"type": "Feature", "geometry": {"type": "LineString", "coordinates": [[46.68469548225404, 41.23803604135771], [46.68456673622131, 41.23772946260511], [46.684480905532844, 41.23732606731867], [46.684480905532844, 41.236858125667396], [46.68428778648377, 41.23621268340992], [46.68428778648377, 41.235970640920215], [46.684201955795295, 41.235841551225896], [46.684201955795295, 41.23558337107245], [46.68413758277894, 41.23550268956537], [46.6840946674347, 41.23527678081577], [46.68411612510682, 41.23501859843162]]}, "properties": {"id": "det2385", "length_m": 342.6, "osm_match_frac": 1.0, "status": "confirmed_by_osm"}}, {"type": "Feature", "geometry": {"type": "LineString", "coordinates": [[46.60017371177674, 41.23476041502775], [46.59959435462952, 41.23480882449365], [46.59946560859681, 41.234728142030555]]}, "properties": {"id": "det2392", "length_m": 62.9, "osm_match_frac": 0.0, "status": "unmapped_candidate"}}, {"type": "Feature", "geometry": {"type": "LineString", "coordinates": [[46.60019516944886, 41.23476041502775], [46.60051703453065, 41.23464745946789], [46.60086035728455, 41.23463132294341], [46.60096764564515, 41.234534503712844], [46.60141825675965, 41.23446995747947]]}, "properties": {"id": "det2393", "length_m": 111.0, "osm_match_frac": 0.0, "status": "unmapped_candidate"}}, {"type": "Feature", "geometry": {"type": "LineString", "coordinates": [[46.60143971443177, 41.23446995747947], [46.60174012184144, 41.23445382091117], [46.60212635993958, 41.234324728221345]]}, "properties": {"id": "det2395", "length_m": 60.7, "osm_match_frac": 0.0, "status": "unmapped_candidate"}}, {"type": "Feature", "geometry": {"type": "LineString", "coordinates": [[46.66877388954163, 41.23192033028229], [46.66888117790223, 41.231936467475975], [46.66905283927918, 41.23192033028229], [46.66911721229554, 41.231871918677335], [46.66933178901673, 41.231871918677335], [46.66939616203309, 41.23171054640189]]}, "properties": {"id": "det2446", "length_m": 68.0, "osm_match_frac": 0.0, "status": "unmapped_candidate"}}, {"type": "Feature", "geometry": {"type": "LineString", "coordinates": [[46.640514135360725, 41.23148462454707], [46.640578508377075, 41.23143621261946], [46.640793085098274, 41.23143621261946], [46.64111495018006, 41.23130711397058], [46.64120078086854, 41.23119415244368], [46.641436815261855, 41.23111346551925], [46.64156556129456, 41.231000503657754], [46.641737222671516, 41.231000503657754], [46.64178013801576, 41.23096822880433]]}, "properties": {"id": "det2482", "length_m": 128.4, "osm_match_frac": 0.0, "status": "unmapped_candidate"}}, {"type": "Feature", "geometry": {"type": "LineString", "coordinates": [[46.622318029403694, 41.23132325131563], [46.62227511405945, 41.23114574030097], [46.622060537338264, 41.23111346551925], [46.62197470664979, 41.23116187768585], [46.62184596061707, 41.23116187768585], [46.62163138389588, 41.231000503657754]]}, "properties": {"id": "det2494", "length_m": 83.5, "osm_match_frac": 0.0, "status": "unmapped_candidate"}}, {"type": "Feature", "geometry": {"type": "LineString", "coordinates": [[46.60433650016785, 41.23075844186873], [46.60420775413514, 41.23071002940337], [46.604036092758186, 41.23071002940337], [46.6036069393158, 41.23050024163924], [46.60345673561097, 41.23050024163924], [46.603327989578254, 41.230451828982694]]}, "properties": {"id": "det2520", "length_m": 94.0, "osm_match_frac": 0.0, "status": "unmapped_candidate"}}, {"type": "Feature", "geometry": {"type": "LineString", "coordinates": [[46.562880277633674, 41.23067775440656], [46.562536954879775, 41.230580929320496], [46.56236529350282, 41.230451828982694], [46.56230092048646, 41.23032272838996], [46.56206488609315, 41.2301452146587], [46.56197905540467, 41.22996770044545], [46.561592817306526, 41.22958039503448], [46.561506986618056, 41.22943515491386]]}, "properties": {"id": "det2524", "length_m": 186.8, "osm_match_frac": 1.0, "status": "confirmed_by_osm"}}, {"type": "Feature", "geometry": {"type": "LineString", "coordinates": [[46.63564324378968, 41.22943515491386], [46.635278463363655, 41.22927377662364], [46.63491368293763, 41.22899943261611], [46.63469910621644, 41.22895101884822]]}, "properties": {"id": "det2535", "length_m": 97.4, "osm_match_frac": 0.0, "status": "unmapped_candidate"}}, {"type": "Feature", "geometry": {"type": "LineString", "coordinates": [[46.560884714126594, 41.2292253630589], [46.56047701835634, 41.22919308732916], [46.560069322586074, 41.22906398425086], [46.55957579612733, 41.22906398425086], [46.55951142311097, 41.22901557053078]]}, "properties": {"id": "det2545", "length_m": 120.4, "osm_match_frac": 1.0, "status": "confirmed_by_osm"}}, {"type": "Feature", "geometry": {"type": "LineString", "coordinates": [[46.55948996543885, 41.22901557053078], [46.55897498130799, 41.22896715677483], [46.558352708816535, 41.22878963936302], [46.55800938606263, 41.22874122543979], [46.5578591823578, 41.22875736341819], [46.55777335166932, 41.228708949471056], [46.557623147964485, 41.22875736341819], [46.55723690986634, 41.22875736341819]]}, "properties": {"id": "det2562", "length_m": 196.3, "osm_match_frac": 1.0, "status": "confirmed_by_osm"}}, {"type": "Feature", "geometry": {"type": "LineString", "coordinates": [[46.553696393966675, 41.227821354087], [46.553610563278205, 41.227934321441424], [46.553202867507935, 41.22791818325988], [46.553095579147346, 41.22786976869136], [46.55303120613098, 41.22774066300005]]}, "properties": {"id": "det2607", "length_m": 74.5, "osm_match_frac": 1.0, "status": "confirmed_by_osm"}}, {"type": "Feature", "geometry": {"type": "LineString", "coordinates": [[46.55300974845887, 41.2277245247707], [46.55292391777039, 41.22770838653739], [46.552644968032844, 41.22749858914172], [46.55245184898378, 41.22728879107289]]}, "properties": {"id": "det2610", "length_m": 68.8, "osm_match_frac": 1.0, "status": "confirmed_by_osm"}}, {"type": "Feature", "geometry": {"type": "LineString", "coordinates": [[46.53453469276429, 41.22507780126607], [46.53481364250184, 41.2250293845944], [46.53507113456727, 41.22490027329472], [46.535350084304824, 41.22465818892071], [46.536122560501106, 41.22412560014321]]}, "properties": {"id": "det2656", "length_m": 173.2, "osm_match_frac": 1.0, "status": "confirmed_by_osm"}}, {"type": "Feature", "geometry": {"type": "LineString", "coordinates": [[46.55116438865662, 41.225013245695884], [46.55103564262391, 41.22499710679338], [46.55084252357484, 41.22488413436433], [46.55054211616517, 41.22480343965267], [46.55039191246033, 41.22457749393021]]}, "properties": {"id": "det2657", "length_m": 86.2, "osm_match_frac": 1.0, "status": "confirmed_by_osm"}}, {"type": "Feature", "geometry": {"type": "LineString", "coordinates": [[46.53676629066467, 41.22377053854839], [46.537045240402236, 41.2236414247632], [46.537173986434944, 41.223512310723095], [46.537410020828254, 41.223463892892326], [46.53753876686097, 41.223367057123255], [46.53758168220521, 41.22327022121079]]}, "properties": {"id": "det2676", "length_m": 92.5, "osm_match_frac": 1.0, "status": "confirmed_by_osm"}}, {"type": "Feature", "geometry": {"type": "LineString", "coordinates": [[46.36958956718446, 41.22362528552213], [46.36946082115174, 41.22373826012599], [46.36926770210267, 41.22373826012599], [46.36922478675843, 41.223657564000284], [46.36909604072571, 41.223593007028036], [46.36898875236512, 41.22341547502572]]}, "properties": {"id": "det2683", "length_m": 77.0, "osm_match_frac": 0.0, "status": "unmapped_candidate"}}, {"type": "Feature", "geometry": {"type": "LineString", "coordinates": [[46.537603139877326, 41.2232540818781], [46.53781771659852, 41.22323794254143], [46.53897643089295, 41.222624644796504], [46.53914809226991, 41.22259236580851], [46.53940558433533, 41.22244711016531], [46.53959870338441, 41.22241483108967], [46.539705991745, 41.22233413333089], [46.54054284095765, 41.222043620574716], [46.540628671646125, 41.2219790620092], [46.5407145023346, 41.2219790620092], [46.540864706039436, 41.22188222404142]]}, "properties": {"id": "det2718", "length_m": 318.9, "osm_match_frac": 1.0, "status": "confirmed_by_osm"}}, {"type": "Feature", "geometry": {"type": "LineString", "coordinates": [[46.536916494369514, 41.223076548955675], [46.53683066368104, 41.22301199140984], [46.53680920600892, 41.2228344578302], [46.53672337532045, 41.22267306324865], [46.53635859489442, 41.222398691545884], [46.53625130653381, 41.2223825519981]]}, "properties": {"id": "det2733", "length_m": 101.6, "osm_match_frac": 0.5, "status": "confirmed_by_osm"}}, {"type": "Feature", "geometry": {"type": "LineString", "coordinates": [[46.5481173992157, 41.22293129438793], [46.54801011085511, 41.22288287612698], [46.54798865318299, 41.222705342196825], [46.54783844947816, 41.22251166826878], [46.54775261878968, 41.22222115630127]]}, "properties": {"id": "det2741", "length_m": 88.2, "osm_match_frac": 1.0, "status": "confirmed_by_osm"}}, {"type": "Feature", "geometry": {"type": "LineString", "coordinates": [[46.537131071090705, 41.22278603949755], [46.537452936172485, 41.22226957505215], [46.537667512893684, 41.22218887711412]]}, "properties": {"id": "det2744", "length_m": 83.5, "osm_match_frac": 1.0, "status": "confirmed_by_osm"}}, {"type": "Feature", "geometry": {"type": "LineString", "coordinates": [[46.537667512893684, 41.22278603949755], [46.53771042823792, 41.22264078428454], [46.53777480125428, 41.22259236580851], [46.53781771659852, 41.2223825519981], [46.53781771659852, 41.22228571462781], [46.5376889705658, 41.22218887711412]]}, "properties": {"id": "det2745", "length_m": 73.7, "osm_match_frac": 1.0, "status": "confirmed_by_osm"}}, {"type": "Feature", "geometry": {"type": "LineString", "coordinates": [[46.53519988059998, 41.22264078428454], [46.53507113456727, 41.222527807784694], [46.53498530387879, 41.222205016709694], [46.534856557846076, 41.22205976020614], [46.53481364250184, 41.22181766531658], [46.534856557846076, 41.22155942977991]]}, "properties": {"id": "det2746", "length_m": 128.5, "osm_match_frac": 1.0, "status": "confirmed_by_osm"}}, {"type": "Feature", "geometry": {"type": "LineString", "coordinates": [[46.54775261878968, 41.22222115630127], [46.547559499740615, 41.22212431869199], [46.54725909233094, 41.221704687394755], [46.547130346298225, 41.22160784902071], [46.547130346298225, 41.22154329002502]]}, "properties": {"id": "det2748", "length_m": 94.8, "osm_match_frac": 1.0, "status": "confirmed_by_osm"}}, {"type": "Feature", "geometry": {"type": "LineString", "coordinates": [[46.53796792030336, 41.22172082710982], [46.538161039352424, 41.22122049409058], [46.538311243057265, 41.221042955647526], [46.53833270072938, 41.22094611629363], [46.53854727745057, 41.22070401728155], [46.53906226158142, 41.220284376870936], [46.539126634597785, 41.22007455565591], [46.53927683830262, 41.21996157472286], [46.53938412666321, 41.219735612271215]]}, "properties": {"id": "det2768", "length_m": 256.4, "osm_match_frac": 1.0, "status": "confirmed_by_osm"}}, {"type": "Feature", "geometry": {"type": "LineString", "coordinates": [[46.54249548912049, 41.22172082710982], [46.54288172721863, 41.221704687394755], [46.54296755790712, 41.22164012849466], [46.54341816902161, 41.221623988759674], [46.544362306594856, 41.22146259119077], [46.54494166374208, 41.22141417184243], [46.545885801315315, 41.221430311629184], [46.54595017433167, 41.22138189225696], [46.546615362167366, 41.22133347284887]]}, "properties": {"id": "det2773", "length_m": 353.2, "osm_match_frac": 1.0, "status": "confirmed_by_osm"}}, {"type": "Feature", "geometry": {"type": "LineString", "coordinates": [[46.540886163711555, 41.22164012849466], [46.54056429862977, 41.221430311629184], [46.540371179580696, 41.221155934712506], [46.540371179580696, 41.2210913752707]]}, "properties": {"id": "det2777", "length_m": 77.3, "osm_match_frac": 1.0, "status": "confirmed_by_osm"}}, {"type": "Feature", "geometry": {"type": "LineString", "coordinates": [[46.534856557846076, 41.22154329002502], [46.53483510017395, 41.220978396094196]]}, "properties": {"id": "det2782", "length_m": 62.7, "osm_match_frac": 1.0, "status": "confirmed_by_osm"}}, {"type": "Feature", "geometry": {"type": "LineString", "coordinates": [[46.59884333610536, 41.220284376870936], [46.59907937049866, 41.22020367648328], [46.599508523941054, 41.21996157472286], [46.59965872764588, 41.21992929442042]]}, "properties": {"id": "det2795", "length_m": 79.7, "osm_match_frac": 0.0, "status": "unmapped_candidate"}}, {"type": "Feature", "geometry": {"type": "LineString", "coordinates": [[46.54408335685731, 41.21997771486809], [46.54380440711976, 41.21984859359462], [46.54356837272645, 41.219816313236414], [46.543353796005256, 41.219816313236414], [46.54324650764466, 41.21988087393688]]}, "properties": {"id": "det2802", "length_m": 77.0, "osm_match_frac": 0.0, "status": "unmapped_candidate"}}, {"type": "Feature", "geometry": {"type": "LineString", "coordinates": [[46.54292464256287, 41.21976789266924], [46.542795896530166, 41.21976789266924], [46.54247403144838, 41.21965491120643], [46.54234528541565, 41.21965491120643], [46.542195081710815, 41.21955806979725], [46.54193758964539, 41.219283685025886], [46.541916131973274, 41.21918684306704], [46.54185175895691, 41.21915456238222], [46.54185175895691, 41.219057720232186]]}, "properties": {"id": "det2811", "length_m": 133.4, "osm_match_frac": 0.0, "status": "unmapped_candidate"}}, {"type": "Feature", "geometry": {"type": "LineString", "coordinates": [[46.5398132801056, 41.2182345561675], [46.54000639915468, 41.2179278845535], [46.54002785682679, 41.21768577436885], [46.54009222984314, 41.21750822633054], [46.54026389122009, 41.217266114592505], [46.54026389122009, 41.217185410480674]]}, "properties": {"id": "det2851", "length_m": 124.5, "osm_match_frac": 1.0, "status": "confirmed_by_osm"}}, {"type": "Feature", "geometry": {"type": "LineString", "coordinates": [[46.51947140693665, 41.21820227501269], [46.51936411857606, 41.218299118429336], [46.519192457199104, 41.218315258984845], [46.518999338150024, 41.2182345561675], [46.518892049789436, 41.21813771265526]]}, "properties": {"id": "det2855", "length_m": 61.0, "osm_match_frac": 0.0, "status": "unmapped_candidate"}}, {"type": "Feature", "geometry": {"type": "LineString", "coordinates": [[46.53530716896058, 41.21812157205595], [46.535371541976936, 41.217976306482875], [46.5353286266327, 41.21762121150159], [46.53543591499329, 41.21747594481725]]}, "properties": {"id": "det2867", "length_m": 75.1, "osm_match_frac": 1.0, "status": "confirmed_by_osm"}}, {"type": "Feature", "geometry": {"type": "LineString", "coordinates": [[46.53545737266541, 41.21745980405463], [46.53545737266541, 41.21723383295972], [46.53569340705873, 41.21691101575563], [46.53586506843568, 41.216184671221214], [46.53625130653381, 41.21573271944026]]}, "properties": {"id": "det2902", "length_m": 207.7, "osm_match_frac": 1.0, "status": "confirmed_by_osm"}}, {"type": "Feature", "geometry": {"type": "LineString", "coordinates": [[46.519922018051155, 41.21729839620936], [46.51981472969056, 41.217185410480674], [46.519600152969375, 41.21713698796578], [46.51927828788759, 41.21723383295972]]}, "properties": {"id": "det2907", "length_m": 63.3, "osm_match_frac": 0.0, "status": "unmapped_candidate"}}, {"type": "Feature", "geometry": {"type": "LineString", "coordinates": [[46.54009222984314, 41.21710470626927], [46.54004931449891, 41.21707242455683], [46.54004931449891, 41.2167011837186], [46.54022097587586, 41.21663661987948]]}, "properties": {"id": "det2917", "length_m": 62.4, "osm_match_frac": 1.0, "status": "confirmed_by_osm"}}, {"type": "Feature", "geometry": {"type": "LineString", "coordinates": [[46.60128951072694, 41.21603940134645], [46.60128951072694, 41.21589413114908], [46.60143971443177, 41.21578114299473], [46.601589918136604, 41.21578114299473], [46.6018044948578, 41.2157004370507], [46.60210490226746, 41.215716578247466]]}, "properties": {"id": "det2952", "length_m": 91.9, "osm_match_frac": 0.0, "status": "unmapped_candidate"}}, {"type": "Feature", "geometry": {"type": "LineString", "coordinates": [[46.54054284095765, 41.215926413443036], [46.54067158699036, 41.215522883623336], [46.54080033302308, 41.21544217736067], [46.54103636741639, 41.21540989482772]]}, "properties": {"id": "det2954", "length_m": 80.2, "osm_match_frac": 1.0, "status": "confirmed_by_osm"}}, {"type": "Feature", "geometry": {"type": "LineString", "coordinates": [[46.53627276420593, 41.215716578247466], [46.536401510238655, 41.21555516610052], [46.53653025627138, 41.21523234061173], [46.53674483299256, 41.21495793769359]]}, "properties": {"id": "det2960", "length_m": 93.7, "osm_match_frac": 1.0, "status": "confirmed_by_osm"}}, {"type": "Feature", "geometry": {"type": "LineString", "coordinates": [[46.66214346885682, 41.21566815464521], [46.66222929954529, 41.21555516610052], [46.66240096092224, 41.21549060113022], [46.66242241859437, 41.215393753555276], [46.66261553764344, 41.21523234061173], [46.66287302970887, 41.21523234061173]]}, "properties": {"id": "det2963", "length_m": 87.2, "osm_match_frac": 0.0, "status": "unmapped_candidate"}}, {"type": "Feature", "geometry": {"type": "LineString", "coordinates": [[46.54152989387513, 41.21518391665099], [46.54170155525208, 41.21511935131426], [46.54170155525208, 41.2150386445537], [46.54176592826844, 41.214974079073585], [46.541787385940566, 41.21476424082304], [46.54174447059632, 41.214635109257365], [46.54163718223573, 41.21455440189938]]}, "properties": {"id": "det2996", "length_m": 84.9, "osm_match_frac": 0.4, "status": "partial"}}, {"type": "Feature", "geometry": {"type": "LineString", "coordinates": [[46.54129385948182, 41.214990220449586], [46.54131531715394, 41.214812665094456], [46.54144406318666, 41.214715816515785], [46.54144406318666, 41.214635109257365], [46.54161572456361, 41.21455440189938]]}, "properties": {"id": "det3025", "length_m": 61.0, "osm_match_frac": 1.0, "status": "confirmed_by_osm"}}, {"type": "Feature", "geometry": {"type": "LineString", "coordinates": [[46.53676629066467, 41.21494179630962], [46.53685212135316, 41.21457054337894], [46.536937952041626, 41.2144736944418], [46.536916494369514, 41.214296137684656]]}, "properties": {"id": "det3028", "length_m": 74.6, "osm_match_frac": 1.0, "status": "confirmed_by_osm"}}, {"type": "Feature", "geometry": {"type": "LineString", "coordinates": [[46.604572534561164, 41.21457054337894], [46.60444378852846, 41.2144736944418], [46.60414338111878, 41.21439298688466], [46.60390734672548, 41.21439298688466], [46.60375714302064, 41.21452211892829]]}, "properties": {"id": "det3046", "length_m": 80.8, "osm_match_frac": 0.0, "status": "unmapped_candidate"}}, {"type": "Feature", "geometry": {"type": "LineString", "coordinates": [[46.54163718223573, 41.21453826041583], [46.541808843612685, 41.214360703833925], [46.54200196266175, 41.21432842076726], [46.54213070869447, 41.21418314677008], [46.5422809123993, 41.21413472203267], [46.54234528541565, 41.21403787245029]]}, "properties": {"id": "det3048", "length_m": 86.1, "osm_match_frac": 1.0, "status": "confirmed_by_osm"}}, {"type": "Feature", "geometry": {"type": "LineString", "coordinates": [[46.60317778587342, 41.21450597743678], [46.602984666824355, 41.214441411430904], [46.60231947898866, 41.214489835941286]]}, "properties": {"id": "det3053", "length_m": 73.7, "osm_match_frac": 0.0, "status": "unmapped_candidate"}}, {"type": "Feature", "geometry": {"type": "LineString", "coordinates": [[46.63442015647889, 41.21413472203267], [46.634033918380744, 41.21407015566034], [46.63388371467592, 41.213957164355435], [46.633754968643196, 41.213924881089625], [46.633754968643196, 41.213860314510185]]}, "properties": {"id": "det3070", "length_m": 69.5, "osm_match_frac": 0.0, "status": "unmapped_candidate"}}, {"type": "Feature", "geometry": {"type": "LineString", "coordinates": [[46.537173986434944, 41.213957164355435], [46.537667512893684, 41.213795747867024], [46.53783917427064, 41.21368275608813], [46.53792500495911, 41.21368275608813], [46.53801083564759, 41.21358590583662]]}, "properties": {"id": "det3079", "length_m": 84.3, "osm_match_frac": 1.0, "status": "confirmed_by_osm"}}, {"type": "Feature", "geometry": {"type": "LineString", "coordinates": [[46.60654664039613, 41.21389259780787], [46.60695433616638, 41.21389259780787], [46.607233285903945, 41.21381188953379], [46.60749077796937, 41.21358590583662], [46.60759806632996, 41.21356976411409]]}, "properties": {"id": "det3081", "length_m": 101.5, "osm_match_frac": 0.0, "status": "unmapped_candidate"}}, {"type": "Feature", "geometry": {"type": "LineString", "coordinates": [[46.54275298118592, 41.213779606196276], [46.5428388118744, 41.213698897782784], [46.54296755790712, 41.21324692882713], [46.54296755790712, 41.21311779426625], [46.5428388118744, 41.21298865945047]]}, "properties": {"id": "det3086", "length_m": 95.1, "osm_match_frac": 1.0, "status": "confirmed_by_osm"}}, {"type": "Feature", "geometry": {"type": "LineString", "coordinates": [[46.53833270072938, 41.213553622387586], [46.538397073745735, 41.213408346669766], [46.53893351554871, 41.21327921242752]]}, "properties": {"id": "det3097", "length_m": 64.2, "osm_match_frac": 1.0, "status": "confirmed_by_osm"}}, {"type": "Feature", "geometry": {"type": "LineString", "coordinates": [[46.542173624038696, 41.21344063019049], [46.54206633567811, 41.2130209431783], [46.54208779335023, 41.21279495674882]]}, "properties": {"id": "det3101", "length_m": 72.6, "osm_match_frac": 0.0, "status": "unmapped_candidate"}}, {"type": "Feature", "geometry": {"type": "LineString", "coordinates": [[46.60272717475891, 41.21342448843212], [46.60317778587342, 41.213295354221735], [46.60339236259461, 41.213133936100306]]}, "properties": {"id": "det3103", "length_m": 65.8, "osm_match_frac": 0.0, "status": "unmapped_candidate"}}, {"type": "Feature", "geometry": {"type": "LineString", "coordinates": [[46.53895497322083, 41.21326307062932], [46.5390193462372, 41.21311779426625], [46.53914809226991, 41.2130209431783], [46.5392553806305, 41.21277881483113]]}, "properties": {"id": "det3110", "length_m": 60.6, "osm_match_frac": 1.0, "status": "confirmed_by_osm"}}, {"type": "Feature", "geometry": {"type": "LineString", "coordinates": [[46.603821516036994, 41.213085510586204], [46.604315042495735, 41.21323078702096], [46.60500168800354, 41.21324692882713], [46.6055166721344, 41.21318236157855], [46.60616040229798, 41.21300480131638], [46.60665392875672, 41.21297251758057], [46.60691142082215, 41.21282724057225], [46.60744786262512, 41.21269810518292], [46.60757660865785, 41.21256896953867], [46.60791993141175, 41.21245597564086], [46.60843491554261, 41.2121169927764], [46.60849928855897, 41.21200399809792], [46.60871386528016, 41.21197171386822], [46.609808206558235, 41.21151973297962], [46.61002278327943, 41.21150359074727]]}, "properties": {"id": "det3117", "length_m": 580.3, "osm_match_frac": 0.0, "status": "unmapped_candidate"}}, {"type": "Feature", "geometry": {"type": "LineString", "coordinates": [[46.54281735420228, 41.21297251758057], [46.542795896530166, 41.21282724057225], [46.542688608169556, 41.21269810518292], [46.54234528541565, 41.2124075496249]]}, "properties": {"id": "det3122", "length_m": 76.4, "osm_match_frac": 1.0, "status": "confirmed_by_osm"}}, {"type": "Feature", "geometry": {"type": "LineString", "coordinates": [[46.54206633567811, 41.21277881483113], [46.54185175895691, 41.21277881483113], [46.541808843612685, 41.2127465309838], [46.541808843612685, 41.21237526559435], [46.54200196266175, 41.212262271361965]]}, "properties": {"id": "det3127", "length_m": 84.8, "osm_match_frac": 0.2, "status": "partial"}}, {"type": "Feature", "geometry": {"type": "LineString", "coordinates": [[46.60997986793519, 41.21252054360637], [46.610001325607314, 41.21237526559435], [46.61038756370545, 41.21210085069143]]}, "properties": {"id": "det3141", "length_m": 60.7, "osm_match_frac": 0.0, "status": "unmapped_candidate"}}, {"type": "Feature", "geometry": {"type": "LineString", "coordinates": [[46.61040902137756, 41.212084708602475], [46.61049485206605, 41.21200399809792], [46.61064505577088, 41.21200399809792], [46.610816717147834, 41.211939429622596], [46.61094546318054, 41.2117941503201], [46.611095666885376, 41.21177800815547]]}, "properties": {"id": "det3155", "length_m": 72.3, "osm_match_frac": 0.0, "status": "unmapped_candidate"}}, {"type": "Feature", "geometry": {"type": "LineString", "coordinates": [[46.54000639915468, 41.2119232874938], [46.54007077217102, 41.21161658629004], [46.54030680656434, 41.21122917218799]]}, "properties": {"id": "det3173", "length_m": 81.8, "osm_match_frac": 1.0, "status": "confirmed_by_osm"}}, {"type": "Feature", "geometry": {"type": "LineString", "coordinates": [[46.616073846817024, 41.21177800815547], [46.615945100784316, 41.211632728494514], [46.61549448966981, 41.211648870694994], [46.61538720130921, 41.21171343945709]]}, "properties": {"id": "det3191", "length_m": 68.7, "osm_match_frac": 0.0, "status": "unmapped_candidate"}}, {"type": "Feature", "geometry": {"type": "LineString", "coordinates": [[46.6460931301117, 41.21171343945709], [46.64596438407899, 41.211439021778055], [46.64559960365296, 41.21139059500933], [46.64547085762024, 41.21140673726955]]}, "properties": {"id": "det3204", "length_m": 74.3, "osm_match_frac": 0.0, "status": "unmapped_candidate"}}, {"type": "Feature", "geometry": {"type": "LineString", "coordinates": [[46.617382764816284, 41.211665012891494], [46.61757588386536, 41.2114228795258], [46.617811918258674, 41.211342168204744], [46.618026494979866, 41.21118074526394]]}, "properties": {"id": "det3207", "length_m": 78.5, "osm_match_frac": 0.0, "status": "unmapped_candidate"}}, {"type": "Feature", "geometry": {"type": "LineString", "coordinates": [[46.61321997642517, 41.211455164026326], [46.61334872245789, 41.21135831047692], [46.613498926162734, 41.211342168204744], [46.61364912986757, 41.21124531448805], [46.614035367965705, 41.21122917218799], [46.61420702934266, 41.211164602947946], [46.61446452140809, 41.211132318304024]]}, "properties": {"id": "det3228", "length_m": 114.9, "osm_match_frac": 0.0, "status": "unmapped_candidate"}}, {"type": "Feature", "geometry": {"type": "LineString", "coordinates": [[46.612275838851936, 41.21132602592859], [46.61221146583558, 41.21118074526394], [46.61199688911439, 41.21110003364416], [46.6116750240326, 41.211083891308256], [46.611202955245986, 41.21118074526394]]}, "properties": {"id": "det3251", "length_m": 105.2, "osm_match_frac": 0.0, "status": "unmapped_candidate"}}, {"type": "Feature", "geometry": {"type": "LineString", "coordinates": [[46.61804795265199, 41.211164602947946], [46.6183912754059, 41.21105160662451], [46.61845564842225, 41.21095475247766], [46.618627309799194, 41.21085789818743], [46.61869168281556, 41.21069647405172]]}, "properties": {"id": "det3273", "length_m": 80.1, "osm_match_frac": 0.0, "status": "unmapped_candidate"}}, {"type": "Feature", "geometry": {"type": "LineString", "coordinates": [[46.54234528541565, 41.210970894845424], [46.54243111610413, 41.21085789818743], [46.5425169467926, 41.210389767096615], [46.542602777481086, 41.21017991414098], [46.5427315235138, 41.21003463093123], [46.54277443885804, 41.209840919483064]]}, "properties": {"id": "det3276", "length_m": 132.5, "osm_match_frac": 1.0, "status": "confirmed_by_osm"}}, {"type": "Feature", "geometry": {"type": "LineString", "coordinates": [[46.54163718223573, 41.21026062689588], [46.54174447059632, 41.21026062689588], [46.54185175895691, 41.21013148644025], [46.54234528541565, 41.209792491531395], [46.54247403144838, 41.209631064766974], [46.542667150497444, 41.20953420851715]]}, "properties": {"id": "det3290", "length_m": 122.2, "osm_match_frac": 1.0, "status": "confirmed_by_osm"}}, {"type": "Feature", "geometry": {"type": "LineString", "coordinates": [[46.638969182968154, 41.21003463093123], [46.63914084434511, 41.20980863418593], [46.63941979408265, 41.20977634887288], [46.639505624771125, 41.20967949283813], [46.63963437080385, 41.20966335015173], [46.639741659164436, 41.20958263665998]]}, "properties": {"id": "det3295", "length_m": 89.2, "osm_match_frac": 0.0, "status": "unmapped_candidate"}}, {"type": "Feature", "geometry": {"type": "LineString", "coordinates": [[46.65740132331849, 41.20969563552054], [46.65744423866273, 41.20966335015173], [46.65780901908875, 41.20967949283813], [46.65789484977723, 41.20958263665998], [46.658238172531135, 41.20956649394969]]}, "properties": {"id": "det3320", "length_m": 77.5, "osm_match_frac": 0.0, "status": "unmapped_candidate"}}, {"type": "Feature", "geometry": {"type": "LineString", "coordinates": [[46.6592037677765, 41.209518065794896], [46.659461259841926, 41.20948578033846], [46.659783124923706, 41.209550351235414], [46.659997701644905, 41.209518065794896]]}, "properties": {"id": "det3328", "length_m": 68.2, "osm_match_frac": 0.0, "status": "unmapped_candidate"}}, {"type": "Feature", "geometry": {"type": "LineString", "coordinates": [[46.642788648605354, 41.20845263732051], [46.642853021621704, 41.20850106626391], [46.64319634437561, 41.20848492328676], [46.64334654808045, 41.208388065340216], [46.64345383644105, 41.208129776781774]]}, "properties": {"id": "det3395", "length_m": 83.1, "osm_match_frac": 0.0, "status": "unmapped_candidate"}}, {"type": "Feature", "geometry": {"type": "LineString", "coordinates": [[46.625579595565796, 41.207855344071234], [46.62572979927064, 41.20796834591498], [46.62588000297547, 41.20796834591498], [46.6261374950409, 41.20787148720372], [46.62620186805726, 41.2077584851927]]}, "properties": {"id": "det3440", "length_m": 68.2, "osm_match_frac": 0.0, "status": "unmapped_candidate"}}, {"type": "Feature", "geometry": {"type": "LineString", "coordinates": [[46.63869023323059, 41.20777462834908], [46.638368368148804, 41.20754862379731], [46.638261079788215, 41.20717732891042]]}, "properties": {"id": "det3448", "length_m": 79.1, "osm_match_frac": 0.0, "status": "unmapped_candidate"}}, {"type": "Feature", "geometry": {"type": "LineString", "coordinates": [[46.63006424903871, 41.207484050924855], [46.62989258766175, 41.207306475197], [46.62937760353089, 41.207225758797755]]}, "properties": {"id": "det3480", "length_m": 68.5, "osm_match_frac": 0.0, "status": "unmapped_candidate"}}, {"type": "Feature", "geometry": {"type": "LineString", "coordinates": [[46.60658955574036, 41.20720961550595], [46.60661101341248, 41.207161185606665], [46.60676121711732, 41.207161185606665], [46.60714745521546, 41.20699975235014], [46.60796284675598, 41.20675760171858], [46.608284711837776, 41.206612310909485], [46.60845637321473, 41.20659616746634]]}, "properties": {"id": "det3528", "length_m": 174.7, "osm_match_frac": 0.0, "status": "unmapped_candidate"}}, {"type": "Feature", "geometry": {"type": "LineString", "coordinates": [[46.63727402687073, 41.20719347221018], [46.63783192634583, 41.20720961550595], [46.638239622116096, 41.207161185606665]]}, "properties": {"id": "det3537", "length_m": 81.4, "osm_match_frac": 0.0, "status": "unmapped_candidate"}}, {"type": "Feature", "geometry": {"type": "LineString", "coordinates": [[46.64135098457337, 41.20704818236892], [46.641329526901245, 41.20711275567154], [46.64113640785218, 41.20714504229893], [46.64094328880311, 41.20712889898723], [46.640771627426155, 41.20699975235014]]}, "properties": {"id": "det3555", "length_m": 60.6, "osm_match_frac": 0.0, "status": "unmapped_candidate"}}, {"type": "Feature", "geometry": {"type": "LineString", "coordinates": [[46.636179685592666, 41.20699975235014], [46.63583636283876, 41.206983609002585], [46.635514497756965, 41.20678988852123], [46.63542866706849, 41.206806031916585]]}, "properties": {"id": "det3562", "length_m": 70.8, "osm_match_frac": 0.0, "status": "unmapped_candidate"}}, {"type": "Feature", "geometry": {"type": "LineString", "coordinates": [[46.395317316055305, 41.20675760171858], [46.39512419700623, 41.2065638805681], [46.39488816261292, 41.20641858932887], [46.394845247268684, 41.20633787183433], [46.39460921287537, 41.20622486717471], [46.39456629753113, 41.20614414944121], [46.39445900917054, 41.20612800588256], [46.394373178482056, 41.20622486717471], [46.3942015171051, 41.20624101070946]]}, "properties": {"id": "det3583", "length_m": 131.8, "osm_match_frac": 0.0, "status": "unmapped_candidate"}}, {"type": "Feature", "geometry": {"type": "LineString", "coordinates": [[46.6531527042389, 41.20672531489999], [46.65295958518983, 41.20672531489999], [46.65276646614076, 41.206644597783836], [46.65257334709168, 41.206644597783836], [46.65244460105897, 41.20659616746634]]}, "properties": {"id": "det3586", "length_m": 63.0, "osm_match_frac": 0.0, "status": "unmapped_candidate"}}, {"type": "Feature", "geometry": {"type": "LineString", "coordinates": [[46.60847783088684, 41.20658002401922], [46.60892844200135, 41.206402445837924], [46.60925030708314, 41.20632172832348]]}, "properties": {"id": "det3603", "length_m": 71.1, "osm_match_frac": 0.0, "status": "unmapped_candidate"}}, {"type": "Feature", "geometry": {"type": "LineString", "coordinates": [[46.54453396797181, 41.20604728802957], [46.54451251029969, 41.205934282868114], [46.544576883316054, 41.20588585202489], [46.5446412563324, 41.20556297882065], [46.54431939125061, 41.205320822872004]]}, "properties": {"id": "det3639", "length_m": 94.6, "osm_match_frac": 1.0, "status": "confirmed_by_osm"}}, {"type": "Feature", "geometry": {"type": "LineString", "coordinates": [[46.62620186805726, 41.2054499728228], [46.62572979927064, 41.205320822872004], [46.625579595565796, 41.20517552887265], [46.62536501884461, 41.20517552887265], [46.62519335746766, 41.20512709746786]]}, "properties": {"id": "det3656", "length_m": 95.9, "osm_match_frac": 0.0, "status": "unmapped_candidate"}}, {"type": "Feature", "geometry": {"type": "LineString", "coordinates": [[46.54431939125061, 41.205320822872004], [46.54444813728333, 41.20493337149017], [46.544662714004524, 41.20477193273733]]}, "properties": {"id": "det3663", "length_m": 69.8, "osm_match_frac": 1.0, "status": "confirmed_by_osm"}}, {"type": "Feature", "geometry": {"type": "LineString", "coordinates": [[46.624764204025276, 41.20493337149017], [46.624764204025276, 41.204788076630535], [46.624678373336806, 41.20467506929445], [46.62450671195985, 41.20461049358622], [46.62435650825501, 41.20461049358622], [46.62431359291078, 41.204658925373366]]}, "properties": {"id": "det3675", "length_m": 65.7, "osm_match_frac": 0.0, "status": "unmapped_candidate"}}, {"type": "Feature", "geometry": {"type": "LineString", "coordinates": [[46.54470562934876, 41.20461049358622], [46.54481291770935, 41.204529773861296], [46.54494166374208, 41.204271470072456], [46.54504895210267, 41.20420689396593], [46.54513478279114, 41.20407774156171]]}, "properties": {"id": "det3692", "length_m": 70.9, "osm_match_frac": 1.0, "status": "confirmed_by_osm"}}, {"type": "Feature", "geometry": {"type": "LineString", "coordinates": [[46.58820033073426, 41.20404545342083], [46.58822178840638, 41.20357727358775], [46.58837199211121, 41.203480408376514]]}, "properties": {"id": "det3720", "length_m": 68.6, "osm_match_frac": 1.0, "status": "confirmed_by_osm"}}, {"type": "Feature", "geometry": {"type": "LineString", "coordinates": [[46.548975706100464, 41.20399702117964], [46.5481173992157, 41.2038032918564], [46.54773116111757, 41.20364185031559], [46.54749512672425, 41.20360956195964]]}, "properties": {"id": "det3722", "length_m": 132.3, "osm_match_frac": 1.0, "status": "confirmed_by_osm"}}, {"type": "Feature", "geometry": {"type": "LineString", "coordinates": [[46.498764753341675, 41.20393244480228], [46.49855017662049, 41.20391630069799], [46.498442888259895, 41.20383558011676], [46.49824976921082, 41.2038032918564], [46.49818539619447, 41.20373871528787], [46.497713327407844, 41.20354498519994]]}, "properties": {"id": "det3727", "length_m": 101.4, "osm_match_frac": 0.0, "status": "unmapped_candidate"}}, {"type": "Feature", "geometry": {"type": "LineString", "coordinates": [[46.63253188133241, 41.20393244480228], [46.632295846939094, 41.20372257113578], [46.632295846939094, 41.203335110290794], [46.63233876228333, 41.203270533260266]]}, "properties": {"id": "det3728", "length_m": 81.6, "osm_match_frac": 0.0, "status": "unmapped_candidate"}}, {"type": "Feature", "geometry": {"type": "LineString", "coordinates": [[46.4987862110138, 41.20391630069799], [46.49874329566956, 41.203754859435975], [46.498206853866584, 41.203464264160694], [46.49807810783387, 41.2033028217835]]}, "properties": {"id": "det3730", "length_m": 94.6, "osm_match_frac": 0.0, "status": "unmapped_candidate"}}, {"type": "Feature", "geometry": {"type": "LineString", "coordinates": [[46.63287520408632, 41.20370642697971], [46.632789373397834, 41.20364185031559], [46.63276791572571, 41.20354498519994], [46.63289666175843, 41.203399687257615], [46.63298249244691, 41.20320595616601]]}, "properties": {"id": "det3739", "length_m": 63.2, "osm_match_frac": 0.0, "status": "unmapped_candidate"}}, {"type": "Feature", "geometry": {"type": "LineString", "coordinates": [[46.656972169876106, 41.203625706139604], [46.656821966171265, 41.20364185031559], [46.65667176246644, 41.20359341777568], [46.656392812728896, 41.203415831489366], [46.65634989738465, 41.20328667752388]]}, "properties": {"id": "det3743", "length_m": 71.8, "osm_match_frac": 1.0, "status": "confirmed_by_osm"}}, {"type": "Feature", "geometry": {"type": "LineString", "coordinates": [[46.547452211380005, 41.20360956195964], [46.54698014259339, 41.20352884100006], [46.54682993888856, 41.20343197571712], [46.54674410820008, 41.20343197571712]]}, "properties": {"id": "det3745", "length_m": 64.4, "osm_match_frac": 1.0, "status": "confirmed_by_osm"}}, {"type": "Feature", "geometry": {"type": "LineString", "coordinates": [[46.54577851295472, 41.20323824472111], [46.54584288597107, 41.20302836882823], [46.54607892036439, 41.20277005911299], [46.54622912406922, 41.20249560392337], [46.54644370079041, 41.20233415915651], [46.54655098915101, 41.20197897926748]]}, "properties": {"id": "det3763", "length_m": 157.6, "osm_match_frac": 1.0, "status": "confirmed_by_osm"}}, {"type": "Feature", "geometry": {"type": "LineString", "coordinates": [[46.63233876228333, 41.20323824472111], [46.63233876228333, 41.20296379149501], [46.63246750831605, 41.20294764715174], [46.63253188133241, 41.20288306973886], [46.63253188133241, 41.202705481524866]]}, "properties": {"id": "det3764", "length_m": 70.1, "osm_match_frac": 0.0, "status": "unmapped_candidate"}}, {"type": "Feature", "geometry": {"type": "LineString", "coordinates": [[46.49689793586732, 41.20275391472193], [46.496490240097046, 41.202705481524866], [46.496211290359504, 41.20259247059231]]}, "properties": {"id": "det3813", "length_m": 61.2, "osm_match_frac": 0.0, "status": "unmapped_candidate"}}, {"type": "Feature", "geometry": {"type": "LineString", "coordinates": [[46.40643239021302, 41.20265704829195], [46.406325101852424, 41.202624759450096], [46.40598177909852, 41.202624759450096], [46.40555262565613, 41.20254403727576]]}, "properties": {"id": "det3820", "length_m": 75.6, "osm_match_frac": 0.0, "status": "unmapped_candidate"}}, {"type": "Feature", "geometry": {"type": "LineString", "coordinates": [[46.39109015464783, 41.20207584670111], [46.39087557792665, 41.20196283468126], [46.39072537422181, 41.20194669009107], [46.39063954353333, 41.20186596708036], [46.39063954353333, 41.201736810056104], [46.3907039165497, 41.2016883761063], [46.39100432395936, 41.201736810056104]]}, "properties": {"id": "det3882", "length_m": 93.9, "osm_match_frac": 0.0, "status": "unmapped_candidate"}}, {"type": "Feature", "geometry": {"type": "LineString", "coordinates": [[46.50560975074769, 41.20155921873157], [46.506146192550666, 41.201446205819586], [46.506425142288215, 41.20147849524292], [46.506446599960334, 41.201510784650324]]}, "properties": {"id": "det3939", "length_m": 74.4, "osm_match_frac": 0.75, "status": "confirmed_by_osm"}}, {"type": "Feature", "geometry": {"type": "LineString", "coordinates": [[46.54706597328187, 41.201074876306144], [46.54708743095399, 41.20067125488016], [46.547023057937636, 41.20052595055744]]}, "properties": {"id": "det3964", "length_m": 61.9, "osm_match_frac": 1.0, "status": "confirmed_by_osm"}}, {"type": "Feature", "geometry": {"type": "LineString", "coordinates": [[46.493014097213745, 41.20099415222009], [46.49299263954163, 41.200864993475285], [46.49314284324647, 41.200832703749256], [46.493207216262824, 41.200735834475594], [46.4934003353119, 41.20070354468584], [46.49346470832826, 41.20065510997134], [46.49357199668885, 41.20039679088865]]}, "properties": {"id": "det3967", "length_m": 93.9, "osm_match_frac": 0.0, "status": "unmapped_candidate"}}, {"type": "Feature", "geometry": {"type": "LineString", "coordinates": [[46.646028757095344, 41.20036450093163], [46.64568543434144, 41.20038064591213], [46.64555668830872, 41.200348355947135], [46.64547085762024, 41.20026763096496], [46.64547085762024, 41.20017076085492], [46.645406484603896, 41.2001061807019]]}, "properties": {"id": "det4035", "length_m": 71.5, "osm_match_frac": 0.0, "status": "unmapped_candidate"}}, {"type": "Feature", "geometry": {"type": "LineString", "coordinates": [[46.47960305213929, 41.20033221095866], [46.479645967483535, 41.20018690588321], [46.47986054420472, 41.20012232574613], [46.47986054420472, 41.200057745545315], [46.479967832565315, 41.19999316528079], [46.48001074790955, 41.19989629476451], [46.4802896976471, 41.199912439860505]]}, "properties": {"id": "det4037", "length_m": 89.4, "osm_match_frac": 0.0, "status": "unmapped_candidate"}}, {"type": "Feature", "geometry": {"type": "LineString", "coordinates": [[46.546658277511604, 41.20013847078637], [46.54657244682313, 41.2000093103529], [46.546379327774055, 41.19994473004057], [46.54616475105286, 41.19976713385309], [46.545864343643196, 41.19965411784652]]}, "properties": {"id": "det4054", "length_m": 88.6, "osm_match_frac": 0.0, "status": "unmapped_candidate"}}, {"type": "Feature", "geometry": {"type": "LineString", "coordinates": [[46.48112654685975, 41.20004160048516], [46.4814054965973, 41.20004160048516], [46.48153424263001, 41.1999770202047], [46.48164153099061, 41.1999770202047], [46.48192048072816, 41.19978327898096]]}, "properties": {"id": "det4057", "length_m": 77.1, "osm_match_frac": 1.0, "status": "confirmed_by_osm"}}, {"type": "Feature", "geometry": {"type": "LineString", "coordinates": [[46.48286461830139, 41.19933121389526], [46.48282170295716, 41.19910518018149], [46.482735872268684, 41.199040598977035], [46.4824140071869, 41.198992163031875]]}, "properties": {"id": "det4112", "length_m": 63.0, "osm_match_frac": 0.0, "status": "unmapped_candidate"}}, {"type": "Feature", "geometry": {"type": "LineString", "coordinates": [[46.48380875587464, 41.199202051868696], [46.48370146751405, 41.199089034886356], [46.48355126380921, 41.19905674428412], [46.48325085639954, 41.19883070962247]]}, "properties": {"id": "det4129", "length_m": 64.1, "osm_match_frac": 0.25, "status": "partial"}}, {"type": "Feature", "geometry": {"type": "LineString", "coordinates": [[46.548460721969604, 41.198782273521985], [46.54856801033021, 41.19860467418021], [46.54876112937928, 41.19849165616634], [46.548846960067756, 41.19834634700462], [46.54906153678895, 41.198249474050925]]}, "properties": {"id": "det4164", "length_m": 80.8, "osm_match_frac": 1.0, "status": "confirmed_by_osm"}}, {"type": "Feature", "geometry": {"type": "LineString", "coordinates": [[46.48449540138245, 41.19862081959482], [46.48421645164491, 41.1984593652694], [46.48385167121888, 41.198443219814955]]}, "properties": {"id": "det4178", "length_m": 60.1, "osm_match_frac": 0.0, "status": "unmapped_candidate"}}, {"type": "Feature", "geometry": {"type": "LineString", "coordinates": [[46.51299118995668, 41.19862081959482], [46.51309847831727, 41.19862081959482], [46.51316285133363, 41.19857238333902], [46.513248682022095, 41.19839478342771], [46.513248682022095, 41.19831405603599], [46.51311993598939, 41.19821718303449]]}, "properties": {"id": "det4179", "length_m": 61.8, "osm_match_frac": 1.0, "status": "confirmed_by_osm"}}, {"type": "Feature", "geometry": {"type": "LineString", "coordinates": [[46.48664116859437, 41.19857238333902], [46.48687720298768, 41.19860467418021], [46.48711323738099, 41.19857238333902], [46.487349271774306, 41.19826561955316]]}, "properties": {"id": "det4186", "length_m": 79.6, "osm_match_frac": 1.0, "status": "confirmed_by_osm"}}, {"type": "Feature", "geometry": {"type": "LineString", "coordinates": [[46.58920884132386, 41.19847551071986], [46.58916592597962, 41.198443219814955], [46.58916592597962, 41.19815260095385], [46.589294672012336, 41.19805572771338], [46.589294672012336, 41.19792656316975], [46.58940196037293, 41.19786198080235]]}, "properties": {"id": "det4194", "length_m": 78.4, "osm_match_frac": 1.0, "status": "confirmed_by_osm"}}, {"type": "Feature", "geometry": {"type": "LineString", "coordinates": [[46.58923029899598, 41.19847551071986], [46.589316129684455, 41.198410928894106], [46.58963799476624, 41.19834634700462], [46.58976674079896, 41.198023436601375]]}, "properties": {"id": "det4195", "length_m": 75.5, "osm_match_frac": 0.25, "status": "partial"}}, {"type": "Feature", "geometry": {"type": "LineString", "coordinates": [[46.51361346244813, 41.19778125275349], [46.51397824287415, 41.19768437896342], [46.51410698890687, 41.19752292232803], [46.51423573493958, 41.19747448525975]]}, "properties": {"id": "det4270", "length_m": 65.4, "osm_match_frac": 1.0, "status": "confirmed_by_osm"}}, {"type": "Feature", "geometry": {"type": "LineString", "coordinates": [[46.59030318260194, 41.1976682333178], [46.59038901329041, 41.197506776642584], [46.59053921699524, 41.19745833956236], [46.590603590011604, 41.19740990244628], [46.590603590011604, 41.197345319569095], [46.59073233604432, 41.19726459088301], [46.59077525138856, 41.197103133212124]]}, "properties": {"id": "det4285", "length_m": 80.1, "osm_match_frac": 0.0, "status": "unmapped_candidate"}}, {"type": "Feature", "geometry": {"type": "LineString", "coordinates": [[46.487370729446425, 41.19726459088301], [46.487220525741584, 41.196973966788654], [46.486920118331916, 41.19694167514296]]}, "properties": {"id": "det4327", "length_m": 60.1, "osm_match_frac": 0.0, "status": "unmapped_candidate"}}, {"type": "Feature", "geometry": {"type": "LineString", "coordinates": [[46.59075379371644, 41.19705469583319], [46.590582132339485, 41.19694167514296], [46.59053921699524, 41.196844800110306], [46.590324640274055, 41.196764070806886], [46.59011006355287, 41.19681250840088], [46.59002423286438, 41.196796362540205]]}, "properties": {"id": "det4350", "length_m": 76.7, "osm_match_frac": 0.5, "status": "confirmed_by_osm"}}, {"type": "Feature", "geometry": {"type": "LineString", "coordinates": [[46.49303555488587, 41.197006258418405], [46.49333596229554, 41.197006258418405], [46.493529081344604, 41.19692552931414], [46.493958234787, 41.19687709180378], [46.49406552314759, 41.196780216675535], [46.49428009986878, 41.19674792493426], [46.494408845901496, 41.19663490371433]]}, "properties": {"id": "det4352", "length_m": 129.0, "osm_match_frac": 1.0, "status": "confirmed_by_osm"}}, {"type": "Feature", "geometry": {"type": "LineString", "coordinates": [[46.591075658798225, 41.19653802822765], [46.59131169319154, 41.19640886068905], [46.591333150863655, 41.19631198486781], [46.5912687778473, 41.19624740090734], [46.5912687778473, 41.19603750259572], [46.59131169319154, 41.19600521048804]]}, "properties": {"id": "det4366", "length_m": 72.7, "osm_match_frac": 0.0, "status": "unmapped_candidate"}}, {"type": "Feature", "geometry": {"type": "LineString", "coordinates": [[46.627746820449836, 41.196150524847155], [46.62761807441713, 41.19608594072737], [46.62697434425355, 41.196053648643584]]}, "properties": {"id": "det4377", "length_m": 67.1, "osm_match_frac": 0.0, "status": "unmapped_candidate"}}, {"type": "Feature", "geometry": {"type": "LineString", "coordinates": [[46.551421880722046, 41.19555311930778], [46.55157208442689, 41.195440096024846], [46.55172228813172, 41.19539165741528], [46.551872491836555, 41.19526248761452], [46.551936864852905, 41.19526248761452], [46.55221581459046, 41.195052586144655], [46.552387475967414, 41.19481039130462], [46.55243039131165, 41.19442287769668]]}, "properties": {"id": "det4407", "length_m": 162.7, "osm_match_frac": 1.0, "status": "confirmed_by_osm"}}, {"type": "Feature", "geometry": {"type": "LineString", "coordinates": [[46.63354039192201, 41.19500414724834], [46.63345456123352, 41.19493956199749], [46.633003950119026, 41.194923415674815], [46.63293957710266, 41.19487497668292], [46.63285374641419, 41.19487497668292]]}, "properties": {"id": "det4472", "length_m": 62.8, "osm_match_frac": 0.0, "status": "unmapped_candidate"}}, {"type": "Feature", "geometry": {"type": "LineString", "coordinates": [[46.518398523330696, 41.1946489275801], [46.51841998100282, 41.19448746345732], [46.51869893074036, 41.19432599893627], [46.51878476142884, 41.19416453401696]]}, "properties": {"id": "det4522", "length_m": 66.8, "osm_match_frac": 1.0, "status": "confirmed_by_osm"}}, {"type": "Feature", "geometry": {"type": "LineString", "coordinates": [[46.59111857414246, 41.1942775595023], [46.59124732017518, 41.194245266526394], [46.59131169319154, 41.19409994793773], [46.59152626991273, 41.193970775588085], [46.591805219650276, 41.19389004274012]]}, "properties": {"id": "det4556", "length_m": 76.5, "osm_match_frac": 1.0, "status": "confirmed_by_osm"}}, {"type": "Feature", "geometry": {"type": "LineString", "coordinates": [[46.55116438865662, 41.194019215249064], [46.55131459236146, 41.19390618931768], [46.55131459236146, 41.193857749573056], [46.55144333839417, 41.19379316319115], [46.55150771141053, 41.19353481702626]]}, "properties": {"id": "det4566", "length_m": 65.3, "osm_match_frac": 0.0, "status": "unmapped_candidate"}}, {"type": "Feature", "geometry": {"type": "LineString", "coordinates": [[46.552644968032844, 41.19358325700984], [46.552644968032844, 41.19342179025853], [46.55292391777039, 41.19300197484126], [46.55300974845887, 41.19279206612303], [46.55311703681947, 41.19271133182143], [46.5532672405243, 41.19235609971151]]}, "properties": {"id": "det4585", "length_m": 148.6, "osm_match_frac": 1.0, "status": "confirmed_by_osm"}}, {"type": "Feature", "geometry": {"type": "LineString", "coordinates": [[46.59219145774842, 41.19345408364065], [46.59242749214173, 41.19330876329565], [46.59244894981385, 41.1932441763721], [46.5926206111908, 41.19322802963126], [46.59277081489564, 41.19313114910255]]}, "properties": {"id": "det4592", "length_m": 64.0, "osm_match_frac": 1.0, "status": "confirmed_by_osm"}}, {"type": "Feature", "geometry": {"type": "LineString", "coordinates": [[46.40557408332825, 41.19342179025853], [46.405166387558, 41.193098855561125], [46.40514492988588, 41.192985828040676]]}, "properties": {"id": "det4594", "length_m": 62.2, "osm_match_frac": 0.0, "status": "unmapped_candidate"}}, {"type": "Feature", "geometry": {"type": "LineString", "coordinates": [[46.59350037574768, 41.192840506656204], [46.59352183341981, 41.19258215673176], [46.59358620643617, 41.1924529813872], [46.59377932548524, 41.192339952751624]]}, "properties": {"id": "det4617", "length_m": 64.6, "osm_match_frac": 0.75, "status": "confirmed_by_osm"}}, {"type": "Feature", "geometry": {"type": "LineString", "coordinates": [[46.59448742866517, 41.192517569091336], [46.59435868263245, 41.192549862919506], [46.594058275222785, 41.19253371600742], [46.593800783157356, 41.192339952751624]]}, "properties": {"id": "det4632", "length_m": 67.1, "osm_match_frac": 0.25, "status": "partial"}}, {"type": "Feature", "geometry": {"type": "LineString", "coordinates": [[46.59453034400941, 41.19235609971151], [46.59461617469788, 41.19224307090866], [46.594787836074836, 41.192146188922344], [46.594830751419074, 41.19183939501977]]}, "properties": {"id": "det4640", "length_m": 66.7, "osm_match_frac": 0.0, "status": "unmapped_candidate"}}, {"type": "Feature", "geometry": {"type": "LineString", "coordinates": [[46.40587449073792, 41.19196857157503], [46.40572428703308, 41.191903983329254], [46.40561699867249, 41.191807100841125], [46.40557408332825, 41.19169407109043], [46.405380964279175, 41.19159718829165]]}, "properties": {"id": "det4663", "length_m": 61.0, "osm_match_frac": 0.0, "status": "unmapped_candidate"}}, {"type": "Feature", "geometry": {"type": "LineString", "coordinates": [[46.5948522090912, 41.19182324793244], [46.59510970115662, 41.191726365324826], [46.59510970115662, 41.19164562970896], [46.59519553184511, 41.1915487468385], [46.59519553184511, 41.1914680110036], [46.595302820205696, 41.19137112787028], [46.595345735549934, 41.19120965566283]]}, "properties": {"id": "det4666", "length_m": 87.3, "osm_match_frac": 0.0, "status": "unmapped_candidate"}}, {"type": "Feature", "geometry": {"type": "LineString", "coordinates": [[46.64242386817933, 41.19082212074005], [46.642338037490845, 41.19075753136323], [46.64231657981873, 41.19061220503241], [46.64220929145814, 41.190563762850445], [46.64175868034364, 41.19057991024842], [46.64160847663881, 41.19064449980047]]}, "properties": {"id": "det4729", "length_m": 89.2, "osm_match_frac": 0.0, "status": "unmapped_candidate"}}, {"type": "Feature", "geometry": {"type": "LineString", "coordinates": [[46.59562468528748, 41.19049917321874], [46.59577488899231, 41.19038614120993], [46.59586071968079, 41.19024081405472], [46.59620404243471, 41.190111634090385]]}, "properties": {"id": "det4758", "length_m": 67.6, "osm_match_frac": 1.0, "status": "confirmed_by_osm"}}, {"type": "Feature", "geometry": {"type": "LineString", "coordinates": [[46.59667611122132, 41.19043458352332], [46.59678339958191, 41.19049917321874], [46.5971052646637, 41.19046687837899], [46.59729838371278, 41.1903376988607]]}, "properties": {"id": "det4763", "length_m": 60.4, "osm_match_frac": 0.0, "status": "unmapped_candidate"}}, {"type": "Feature", "geometry": {"type": "LineString", "coordinates": [[46.59834980964661, 41.18995015877653], [46.59839272499085, 41.19007933905947], [46.598500013351455, 41.19012778159986], [46.59871459007264, 41.19016007660688], [46.59895062446595, 41.19014392910536], [46.599014997482314, 41.19007933905947], [46.59910082817078, 41.190063191538044], [46.59916520118714, 41.18983712581987]]}, "properties": {"id": "det4782", "length_m": 105.6, "osm_match_frac": 0.167, "status": "partial"}}, {"type": "Feature", "geometry": {"type": "LineString", "coordinates": [[46.62987112998963, 41.18995015877653], [46.63015007972717, 41.18991786366597], [46.63040757179262, 41.18980483065356], [46.630557775497444, 41.18980483065356]]}, "properties": {"id": "det4783", "length_m": 61.3, "osm_match_frac": 0.0, "status": "unmapped_candidate"}}, {"type": "Feature", "geometry": {"type": "LineString", "coordinates": [[46.59689068794252, 41.18990171610472], [46.597040891647346, 41.18967564982899], [46.597470045089736, 41.18967564982899]]}, "properties": {"id": "det4788", "length_m": 64.1, "osm_match_frac": 0.25, "status": "partial"}}, {"type": "Feature", "geometry": {"type": "LineString", "coordinates": [[46.59841418266297, 41.18978868306443], [46.59815669059755, 41.18980483065356], [46.59792065620423, 41.189740240273146], [46.597598791122444, 41.18972409266808], [46.59751296043397, 41.18967564982899]]}, "properties": {"id": "det4798", "length_m": 78.8, "osm_match_frac": 0.75, "status": "confirmed_by_osm"}}, {"type": "Feature", "geometry": {"type": "LineString", "coordinates": [[46.59751296043397, 41.18967564982899], [46.59762024879456, 41.18956261639842], [46.59764170646669, 41.189384992041816], [46.597598791122444, 41.18935269665248], [46.59719109535218, 41.189384992041816]]}, "properties": {"id": "det4809", "length_m": 74.7, "osm_match_frac": 0.0, "status": "unmapped_candidate"}}, {"type": "Feature", "geometry": {"type": "LineString", "coordinates": [[46.598907709121704, 41.18961105932113], [46.598907709121704, 41.189449582772696], [46.59899353981019, 41.18943343509595], [46.59914374351502, 41.18928810582601], [46.59946560859681, 41.189191219466835]]}, "properties": {"id": "det4812", "length_m": 74.9, "osm_match_frac": 1.0, "status": "confirmed_by_osm"}}, {"type": "Feature", "geometry": {"type": "LineString", "coordinates": [[46.554082632064826, 41.18936884434914], [46.55414700508119, 41.18936884434914], [46.5542757511139, 41.18925581038889], [46.55438303947449, 41.188949002941655], [46.55457615852357, 41.18875522907633], [46.55468344688416, 41.18831923578257], [46.55476927757264, 41.18819005202687]]}, "properties": {"id": "det4821", "length_m": 149.4, "osm_match_frac": 1.0, "status": "confirmed_by_osm"}}, {"type": "Feature", "geometry": {"type": "LineString", "coordinates": [[46.55500531196595, 41.188949002941655], [46.55496239662171, 41.188868263900794], [46.555069684982314, 41.18869063766046], [46.555069684982314, 41.18856145463754], [46.55515551567078, 41.188480715118764], [46.55515551567078, 41.18830308782705]]}, "properties": {"id": "det4832", "length_m": 76.9, "osm_match_frac": 0.0, "status": "unmapped_candidate"}}, {"type": "Feature", "geometry": {"type": "LineString", "coordinates": [[46.66853785514832, 41.188868263900794], [46.6685163974762, 41.18843227135973], [46.66868805885316, 41.18827079190405], [46.668709516525276, 41.18810931205012], [46.66868805885316, 41.187931683750826], [46.66860222816468, 41.18786709152251]]}, "properties": {"id": "det4833", "length_m": 119.4, "osm_match_frac": 0.0, "status": "unmapped_candidate"}}, {"type": "Feature", "geometry": {"type": "LineString", "coordinates": [[46.60045266151428, 41.18880367259643], [46.60075306892396, 41.18862604618085], [46.600795984268196, 41.188464567203084], [46.601032018661506, 41.18830308782705], [46.60116076469422, 41.18827079190405], [46.60161137580872, 41.18788323958556], [46.60182595252992, 41.18785094345548]]}, "properties": {"id": "det4835", "length_m": 164.0, "osm_match_frac": 0.0, "status": "unmapped_candidate"}}, {"type": "Feature", "geometry": {"type": "LineString", "coordinates": [[46.55479073524476, 41.18817390403949], [46.554855108261116, 41.187931683750826], [46.55532717704774, 41.187366499592585], [46.55554175376893, 41.18699509020371], [46.55567049980164, 41.18689820045143], [46.55603528022767, 41.1862199681712], [46.55646443367005, 41.18567091784661]]}, "properties": {"id": "det4846", "length_m": 314.0, "osm_match_frac": 1.0, "status": "confirmed_by_osm"}}, {"type": "Feature", "geometry": {"type": "LineString", "coordinates": [[46.63261771202088, 41.187899387644634], [46.63281083106995, 41.18765716634043], [46.63296103477479, 41.187576425706574], [46.633197069168105, 41.187544129425156]]}, "properties": {"id": "det4859", "length_m": 67.0, "osm_match_frac": 0.0, "status": "unmapped_candidate"}}, {"type": "Feature", "geometry": {"type": "LineString", "coordinates": [[46.66860222816468, 41.18785094345548], [46.66853785514832, 41.18768946256609], [46.66858077049256, 41.18733420320762], [46.668473482131965, 41.18725346217551], [46.668452024459846, 41.18707583155441], [46.66836619377137, 41.186962793635544], [46.668215990066535, 41.1868336072036], [46.66813015937806, 41.18681745888169]]}, "properties": {"id": "det4862", "length_m": 131.8, "osm_match_frac": 0.0, "status": "unmapped_candidate"}}, {"type": "Feature", "geometry": {"type": "LineString", "coordinates": [[46.60073161125184, 41.187770203060566], [46.60135388374329, 41.187576425706574], [46.60141825675965, 41.1875118331278]]}, "properties": {"id": "det4865", "length_m": 65.4, "osm_match_frac": 1.0, "status": "confirmed_by_osm"}}, {"type": "Feature", "geometry": {"type": "LineString", "coordinates": [[46.634999513626106, 41.18762487009884], [46.63512825965882, 41.18772175877583], [46.6353213787079, 41.18768946256609], [46.63538575172425, 41.187544129425156], [46.63549304008485, 41.1874633886519]]}, "properties": {"id": "det4876", "length_m": 61.6, "osm_match_frac": 0.0, "status": "unmapped_candidate"}}, {"type": "Feature", "geometry": {"type": "LineString", "coordinates": [[46.603800058364875, 41.187479536814514], [46.60390734672548, 41.18741494414017], [46.60390734672548, 41.187269610389905], [46.603821516036994, 41.18712427631705], [46.60364985466004, 41.18699509020371]]}, "properties": {"id": "det4886", "length_m": 65.6, "osm_match_frac": 0.25, "status": "partial"}}, {"type": "Feature", "geometry": {"type": "LineString", "coordinates": [[46.64396882057191, 41.18672056886658], [46.64416193962098, 41.18667212380526], [46.64446234703064, 41.186510640008656], [46.64484858512879, 41.18647834320155]]}, "properties": {"id": "det4968", "length_m": 80.6, "osm_match_frac": 0.0, "status": "unmapped_candidate"}}, {"type": "Feature", "geometry": {"type": "LineString", "coordinates": [[46.60019516944886, 41.18667212380526], [46.60045266151428, 41.186655975443514], [46.60060286521913, 41.186510640008656], [46.600838899612434, 41.186446046378514], [46.60098910331727, 41.18631685892706], [46.6012465953827, 41.18625226510575], [46.60143971443177, 41.18612307727197], [46.6018044948578, 41.18610692877483]]}, "properties": {"id": "det4972", "length_m": 157.3, "osm_match_frac": 0.0, "status": "unmapped_candidate"}}, {"type": "Feature", "geometry": {"type": "LineString", "coordinates": [[46.66682124137879, 41.185299498840045], [46.666756868362434, 41.18515416039445], [46.666499376297004, 41.18502497039422], [46.66634917259217, 41.18489578013911]]}, "properties": {"id": "det5031", "length_m": 62.0, "osm_match_frac": 0.0, "status": "unmapped_candidate"}}, {"type": "Feature", "geometry": {"type": "LineString", "coordinates": [[46.55682921409607, 41.18494422651464], [46.55702233314514, 41.18484733372773], [46.55732274055482, 41.18441131441245], [46.557580232620246, 41.18418522918009], [46.55781626701356, 41.18389454702011], [46.5578591823578, 41.183765354534835]]}, "properties": {"id": "det5041", "length_m": 159.8, "osm_match_frac": 1.0, "status": "confirmed_by_osm"}}, {"type": "Feature", "geometry": {"type": "LineString", "coordinates": [[46.66426777839662, 41.184653547723805], [46.66409611701967, 41.184475910049755], [46.663924455642714, 41.18445976114641], [46.66386008262635, 41.18441131441245], [46.66379570960999, 41.184217527118214]]}, "properties": {"id": "det5055", "length_m": 68.7, "osm_match_frac": 0.0, "status": "unmapped_candidate"}}, {"type": "Feature", "geometry": {"type": "LineString", "coordinates": [[46.60839200019837, 41.18413678224302], [46.60849928855897, 41.183959143167165], [46.60882115364075, 41.183862248922686], [46.60935759544373, 41.18337777554976], [46.60948634147645, 41.1833616263756], [46.60972237586976, 41.18316783597508], [46.60995841026307, 41.183087089805596], [46.610001325607314, 41.182828701394236]]}, "properties": {"id": "det5112", "length_m": 211.7, "osm_match_frac": 1.0, "status": "confirmed_by_osm"}}, {"type": "Feature", "geometry": {"type": "LineString", "coordinates": [[46.527711153030396, 41.18321628362897], [46.52745366096497, 41.18321628362897], [46.527367830276496, 41.18320013441499], [46.52728199958802, 41.183119388285334], [46.526917219161994, 41.18307094055976]]}, "properties": {"id": "det5133", "length_m": 71.6, "osm_match_frac": 0.0, "status": "unmapped_candidate"}}, {"type": "Feature", "geometry": {"type": "LineString", "coordinates": [[46.528869867324836, 41.18286100000142], [46.52854800224305, 41.18279640277114], [46.52766823768617, 41.18279640277114], [46.527432203292854, 41.182715656143685], [46.526466608047485, 41.18266720811943]]}, "properties": {"id": "det5149", "length_m": 204.6, "osm_match_frac": 1.0, "status": "confirmed_by_osm"}}, {"type": "Feature", "geometry": {"type": "LineString", "coordinates": [[46.529899835586555, 41.182844850699816], [46.53110146522523, 41.18261876005933], [46.531916856765754, 41.18232807094605], [46.53253912925721, 41.18223117428822], [46.53303265571595, 41.182198875370425], [46.53313994407654, 41.18215042696385], [46.533483266830444, 41.18213427748704], [46.5336549282074, 41.18206967953992], [46.53401970863343, 41.18203738054247]]}, "properties": {"id": "det5153", "length_m": 360.6, "osm_match_frac": 1.0, "status": "confirmed_by_osm"}}, {"type": "Feature", "geometry": {"type": "LineString", "coordinates": [[46.61002278327943, 41.18281255208468], [46.61025881767273, 41.182764104132104], [46.61047339439393, 41.18265105877004], [46.61068797111513, 41.18265105877004], [46.610709428787246, 41.182521863831596], [46.61077380180359, 41.18247341566397]]}, "properties": {"id": "det5157", "length_m": 82.5, "osm_match_frac": 1.0, "status": "confirmed_by_osm"}}, {"type": "Feature", "geometry": {"type": "LineString", "coordinates": [[46.524749994277954, 41.18273180547714], [46.524857282638564, 41.18273180547714], [46.52511477470399, 41.18263490941667], [46.52575850486756, 41.18258646133268]]}, "properties": {"id": "det5165", "length_m": 87.4, "osm_match_frac": 1.0, "status": "confirmed_by_osm"}}, {"type": "Feature", "geometry": {"type": "LineString", "coordinates": [[46.53481364250184, 41.18206967953992], [46.53404116630555, 41.18202123103777]]}, "properties": {"id": "det5198", "length_m": 65.0, "osm_match_frac": 1.0, "status": "confirmed_by_osm"}}, {"type": "Feature", "geometry": {"type": "LineString", "coordinates": [[46.559854745864875, 41.181359097916314], [46.56000494956971, 41.18131064888849], [46.560133695602424, 41.18118145130574], [46.560305356979384, 41.18092305537562], [46.560369729995735, 41.180713107931716]]}, "properties": {"id": "det5247", "length_m": 87.7, "osm_match_frac": 1.0, "status": "confirmed_by_osm"}}, {"type": "Feature", "geometry": {"type": "LineString", "coordinates": [[46.5606701374054, 41.18042241035985], [46.56069159507752, 41.18026091115129], [46.560820341110244, 41.180147861468335], [46.560841798782356, 41.18005096158478], [46.56103491783143, 41.17982486129896], [46.561077833175666, 41.17966336061693], [46.56124949455261, 41.17950185953665], [46.56144261360169, 41.179146555758265], [46.561528444290175, 41.179114255319206], [46.56154990196229, 41.179017353906424], [46.56185030937196, 41.178629746821684], [46.56193614006043, 41.17838749122889], [46.56223654747009, 41.17811293380719], [46.562343835830696, 41.177838375234614]]}, "properties": {"id": "det5327", "length_m": 327.3, "osm_match_frac": 1.0, "status": "confirmed_by_osm"}}, {"type": "Feature", "geometry": {"type": "LineString", "coordinates": [[46.54146552085877, 41.18011556152309], [46.54174447059632, 41.180067111575326], [46.5418303012848, 41.17998636158278], [46.54206633567811, 41.17990561149065], [46.542195081710815, 41.17980871124868]]}, "properties": {"id": "det5345", "length_m": 72.5, "osm_match_frac": 1.0, "status": "confirmed_by_osm"}}, {"type": "Feature", "geometry": {"type": "LineString", "coordinates": [[46.62227511405945, 41.17966336061693], [46.62212491035462, 41.179614910334664], [46.622060537338264, 41.179550309902545], [46.62173867225648, 41.17950185953665], [46.621652841568, 41.1793726583857]]}, "properties": {"id": "det5369", "length_m": 66.3, "osm_match_frac": 1.0, "status": "confirmed_by_osm"}}, {"type": "Feature", "geometry": {"type": "LineString", "coordinates": [[46.54298901557923, 41.17943725899303], [46.54326796531678, 41.1793726583857], [46.54331088066102, 41.179291907536935], [46.54348254203797, 41.1791788561814], [46.54367566108704, 41.179146555758265], [46.543868780136116, 41.17898505340364], [46.5442979335785, 41.17877509974727]]}, "properties": {"id": "det5386", "length_m": 136.9, "osm_match_frac": 1.0, "status": "confirmed_by_osm"}}, {"type": "Feature", "geometry": {"type": "LineString", "coordinates": [[46.62160992622376, 41.17935650822392], [46.62152409553529, 41.17938880854352], [46.621180772781386, 41.179275757355235], [46.62085890769959, 41.17924345697989]]}, "properties": {"id": "det5395", "length_m": 66.7, "osm_match_frac": 1.0, "status": "confirmed_by_osm"}}, {"type": "Feature", "geometry": {"type": "LineString", "coordinates": [[46.62757515907288, 41.17864589716268], [46.62729620933534, 41.17856514541789], [46.62684559822083, 41.17861359647671]]}, "properties": {"id": "det5450", "length_m": 63.2, "osm_match_frac": 0.0, "status": "unmapped_candidate"}}, {"type": "Feature", "geometry": {"type": "LineString", "coordinates": [[46.61997914314271, 41.17835519041549], [46.61991477012636, 41.178290588740886], [46.619764566421516, 41.17825828787969], [46.61961436271668, 41.17812908427563], [46.619549989700324, 41.17795142890388], [46.61946415901184, 41.177886826831056]]}, "properties": {"id": "det5486", "length_m": 71.8, "osm_match_frac": 0.0, "status": "unmapped_candidate"}}, {"type": "Feature", "geometry": {"type": "LineString", "coordinates": [[46.54607892036439, 41.17801603091299], [46.54652953147888, 41.17761226731068], [46.546658277511604, 41.17761226731068], [46.5467655658722, 41.17756381551114], [46.54685139656068, 41.177402309253836]]}, "properties": {"id": "det5514", "length_m": 99.3, "osm_match_frac": 1.0, "status": "confirmed_by_osm"}}, {"type": "Feature", "geometry": {"type": "LineString", "coordinates": [[46.62957072257997, 41.17801603091299], [46.62959218025208, 41.177709170802224], [46.629763841629035, 41.177515363675774]]}, "properties": {"id": "det5515", "length_m": 60.0, "osm_match_frac": 0.0, "status": "unmapped_candidate"}}, {"type": "Feature", "geometry": {"type": "LineString", "coordinates": [[46.56245112419129, 41.177402309253836], [46.56264424324036, 41.17727310396127], [46.56290173530579, 41.17699854186833], [46.56296610832215, 41.17688548655437], [46.56300902366639, 41.176610922836645]]}, "properties": {"id": "det5553", "length_m": 103.4, "osm_match_frac": 1.0, "status": "confirmed_by_osm"}}, {"type": "Feature", "geometry": {"type": "LineString", "coordinates": [[46.545585393905654, 41.17720850121941], [46.54579997062684, 41.17720850121941], [46.54592871665956, 41.177095446267835], [46.54625058174134, 41.177030843350764]]}, "properties": {"id": "det5577", "length_m": 62.5, "osm_match_frac": 0.0, "status": "unmapped_candidate"}}, {"type": "Feature", "geometry": {"type": "LineString", "coordinates": [[46.563030481338515, 41.17659477199388], [46.56318068504334, 41.17651401772032], [46.5632450580597, 41.17633635796804], [46.563352346420295, 41.176255603375886], [46.563352346420295, 41.1761586977339], [46.56348109245301, 41.17591643300172], [46.5636956691742, 41.17580337582006]]}, "properties": {"id": "det5612", "length_m": 110.3, "osm_match_frac": 1.0, "status": "confirmed_by_osm"}}, {"type": "Feature", "geometry": {"type": "LineString", "coordinates": [[46.62869095802308, 41.17646556510839], [46.62834763526917, 41.17620715057282], [46.62830471992494, 41.17609409389293], [46.62817597389222, 41.17607794292273]]}, "properties": {"id": "det5622", "length_m": 64.7, "osm_match_frac": 0.0, "status": "unmapped_candidate"}}, {"type": "Feature", "geometry": {"type": "LineString", "coordinates": [[46.56376004219056, 41.175593411965004], [46.5640389919281, 41.17536729629152], [46.56416773796082, 41.17512502863237]]}, "properties": {"id": "det5658", "length_m": 63.3, "osm_match_frac": 1.0, "status": "confirmed_by_osm"}}, {"type": "Feature", "geometry": {"type": "LineString", "coordinates": [[46.6214382648468, 41.17533499398874], [46.62139534950257, 41.175238086984805], [46.621288061141975, 41.17518963342909], [46.62122368812562, 41.17509272621011], [46.62107348442078, 41.17502812131782], [46.62083745002748, 41.17502812131782]]}, "properties": {"id": "det5677", "length_m": 68.2, "osm_match_frac": 0.0, "status": "unmapped_candidate"}}, {"type": "Feature", "geometry": {"type": "LineString", "coordinates": [[46.56440377235413, 41.174672793271284], [46.56466126441957, 41.174527431242176], [46.56474709510804, 41.174188251919844]]}, "properties": {"id": "det5734", "length_m": 65.3, "osm_match_frac": 1.0, "status": "confirmed_by_osm"}}, {"type": "Feature", "geometry": {"type": "LineString", "coordinates": [[46.56515479087831, 41.173752161639214], [46.56545519828797, 41.173671403861256], [46.565605401992805, 41.17354219120945], [46.565583944320686, 41.17321915846491]]}, "properties": {"id": "det5823", "length_m": 81.8, "osm_match_frac": 1.0, "status": "confirmed_by_osm"}}, {"type": "Feature", "geometry": {"type": "LineString", "coordinates": [[46.565133333206184, 41.17373601009159], [46.56532645225526, 41.17328376514124], [46.56547665596009, 41.173203006785876], [46.56556248664856, 41.173203006785876]]}, "properties": {"id": "det5824", "length_m": 75.4, "osm_match_frac": 1.0, "status": "confirmed_by_osm"}}, {"type": "Feature", "geometry": {"type": "LineString", "coordinates": [[46.64158701896669, 41.17339682667152], [46.64160847663881, 41.173203006785876], [46.6415011882782, 41.17312224833093], [46.641479730606086, 41.172993034595954], [46.64137244224549, 41.1729284276329]]}, "properties": {"id": "det5840", "length_m": 60.3, "osm_match_frac": 0.0, "status": "unmapped_candidate"}}, {"type": "Feature", "geometry": {"type": "LineString", "coordinates": [[46.56566977500916, 41.1730576414953], [46.56573414802551, 41.172702302760435], [46.566120386123664, 41.17231465830602], [46.5661633014679, 41.17207237935721]]}, "properties": {"id": "det5844", "length_m": 120.8, "osm_match_frac": 1.0, "status": "confirmed_by_osm"}}, {"type": "Feature", "geometry": {"type": "LineString", "coordinates": [[46.54202342033386, 41.172282354497945], [46.54200196266175, 41.17213698716451], [46.542152166366584, 41.17183009951241], [46.54243111610413, 41.171700883228816]]}, "properties": {"id": "det5890", "length_m": 80.0, "osm_match_frac": 0.0, "status": "unmapped_candidate"}}, {"type": "Feature", "geometry": {"type": "LineString", "coordinates": [[46.56629204750062, 41.17205622739543], [46.566334962844856, 41.171749339365036], [46.56652808189393, 41.17160397084887], [46.56659245491028, 41.1714101456589], [46.56689286231995, 41.171119406798766]]}, "properties": {"id": "det5903", "length_m": 120.3, "osm_match_frac": 1.0, "status": "confirmed_by_osm"}}, {"type": "Feature", "geometry": {"type": "LineString", "coordinates": [[46.66261553764344, 41.17061868684848], [46.662508249282844, 41.17047331582355], [46.66237950325013, 41.17039255400365], [46.661950349807746, 41.17032794447605], [46.661735773086555, 41.17021487764943]]}, "properties": {"id": "det5952", "length_m": 91.2, "osm_match_frac": 0.0, "status": "unmapped_candidate"}}, {"type": "Feature", "geometry": {"type": "LineString", "coordinates": [[46.66059851646424, 41.169649540589496], [46.66046977043152, 41.1694557096174], [46.66019082069398, 41.16939109916595], [46.66004061698914, 41.16940725178478], [46.659740209579475, 41.16932648865077]]}, "properties": {"id": "det5985", "length_m": 88.0, "osm_match_frac": 0.0, "status": "unmapped_candidate"}}, {"type": "Feature", "geometry": {"type": "LineString", "coordinates": [[46.659718751907356, 41.16931033601202], [46.65954709053041, 41.169132656722965], [46.65894627571107, 41.16900343511919]]}, "properties": {"id": "det5999", "length_m": 76.8, "osm_match_frac": 0.0, "status": "unmapped_candidate"}}, {"type": "Feature", "geometry": {"type": "LineString", "coordinates": [[46.56901717185975, 41.16779197018932], [46.569103002548225, 41.167711205064236], [46.569124460220344, 41.16756582758821], [46.56921029090881, 41.167501215273106], [46.5692961215973, 41.16722661222311]]}, "properties": {"id": "det6115", "length_m": 69.2, "osm_match_frac": 1.0, "status": "confirmed_by_osm"}}, {"type": "Feature", "geometry": {"type": "LineString", "coordinates": [[46.44413352012635, 41.165094361145485], [46.44406914710999, 41.165062053777376], [46.44406914710999, 41.16499743899338], [46.44436955451966, 41.164835901754614], [46.444433927536025, 41.16465821033206]]}, "properties": {"id": "det6233", "length_m": 65.1, "osm_match_frac": 0.0, "status": "unmapped_candidate"}}, {"type": "Feature", "geometry": {"type": "LineString", "coordinates": [[46.56629204750062, 41.163317432245975], [46.56631350517274, 41.1632366616057], [46.56644225120545, 41.16318819917376], [46.56650662422181, 41.16297819488785], [46.566334962844856, 41.16283280691108], [46.56620621681214, 41.16281665267152]]}, "properties": {"id": "det6322", "length_m": 77.7, "osm_match_frac": 0.0, "status": "unmapped_candidate"}}, {"type": "Feature", "geometry": {"type": "LineString", "coordinates": [[46.65463328361512, 41.16292973226476], [46.65467619895936, 41.16288126960583], [46.654611825943, 41.16281665267152], [46.65459036827088, 41.16246125839393], [46.65431141853333, 41.16207355334757]]}, "properties": {"id": "det6339", "length_m": 104.0, "osm_match_frac": 0.0, "status": "unmapped_candidate"}}, {"type": "Feature", "geometry": {"type": "LineString", "coordinates": [[46.56618475914002, 41.162800498427984], [46.56618475914002, 41.16273588141403], [46.56607747077942, 41.162655110056996], [46.56601309776307, 41.162509721363456], [46.56594872474671, 41.162251251778535]]}, "properties": {"id": "det6347", "length_m": 66.1, "osm_match_frac": 0.0, "status": "unmapped_candidate"}}, {"type": "Feature", "geometry": {"type": "LineString", "coordinates": [[46.5732228755951, 41.162655110056996], [46.57326579093933, 41.162364332347366], [46.57335162162782, 41.1622835605324], [46.573415994644165, 41.162122016603796]]}, "properties": {"id": "det6354", "length_m": 62.7, "osm_match_frac": 1.0, "status": "confirmed_by_osm"}}, {"type": "Feature", "geometry": {"type": "LineString", "coordinates": [[46.45160079002381, 41.162332023633326], [46.45160079002381, 41.162267406157454], [46.45168662071229, 41.16221894300874], [46.45168662071229, 41.162122016603796], [46.45130038261414, 41.1620250900555]]}, "properties": {"id": "det6363", "length_m": 61.1, "osm_match_frac": 0.0, "status": "unmapped_candidate"}}, {"type": "Feature", "geometry": {"type": "LineString", "coordinates": [[46.57388806343079, 41.161734309550496], [46.57410264015198, 41.16165353695904], [46.57414555549622, 41.1613789094034], [46.574059724807746, 41.16124967250844]]}, "properties": {"id": "det6405", "length_m": 66.9, "osm_match_frac": 1.0, "status": "confirmed_by_osm"}}, {"type": "Feature", "geometry": {"type": "LineString", "coordinates": [[46.573115587234504, 41.161669691485294], [46.57279372215272, 41.16079734136913], [46.572622060775764, 41.16055501983173], [46.572514772415175, 41.16050655541673], [46.57247185707093, 41.16039347164239], [46.572321653366096, 41.160296542537644], [46.57167792320252, 41.1602642328042], [46.57090544700624, 41.160151148611746], [46.569854021072395, 41.160151148611746], [46.56970381736756, 41.16011883880663], [46.56951069831849, 41.1599895994269], [46.56938195228578, 41.15995728954215], [46.56923174858094, 41.159941134593794], [46.568824052810676, 41.1599895994269], [46.56875967979432, 41.159941134593794], [46.568630933761604, 41.15992497964147]]}, "properties": {"id": "det6411", "length_m": 491.7, "osm_match_frac": 1.0, "status": "confirmed_by_osm"}}, {"type": "Feature", "geometry": {"type": "LineString", "coordinates": [[46.60021662712098, 41.16149199147745], [46.60036683082581, 41.16141121858733], [46.60073161125184, 41.161362754805474], [46.60090327262879, 41.161395063997354]]}, "properties": {"id": "det6432", "length_m": 61.4, "osm_match_frac": 0.0, "status": "unmapped_candidate"}}, {"type": "Feature", "geometry": {"type": "LineString", "coordinates": [[46.60135388374329, 41.16133044559765], [46.601589918136604, 41.16126582713425], [46.60174012184144, 41.16115274466996], [46.60210490226746, 41.16113659001629]]}, "properties": {"id": "det6459", "length_m": 69.5, "osm_match_frac": 0.0, "status": "unmapped_candidate"}}, {"type": "Feature", "geometry": {"type": "LineString", "coordinates": [[46.64454817771913, 41.16113659001629], [46.644762754440315, 41.16103966201057], [46.64493441581726, 41.16103966201057], [46.644998788833625, 41.16081349610643], [46.64506316184999, 41.160765031882576]]}, "properties": {"id": "det6486", "length_m": 68.7, "osm_match_frac": 0.0, "status": "unmapped_candidate"}}, {"type": "Feature", "geometry": {"type": "LineString", "coordinates": [[46.57429575920106, 41.16079734136913], [46.574360132217414, 41.160668103327346], [46.574360132217414, 41.16050655541673], [46.57448887825013, 41.16031269739838], [46.574596166610725, 41.16019961328955], [46.574832201004035, 41.160086528985595]]}, "properties": {"id": "det6509", "length_m": 96.3, "osm_match_frac": 1.0, "status": "confirmed_by_osm"}}, {"type": "Feature", "geometry": {"type": "LineString", "coordinates": [[46.64506316184999, 41.16031269739838], [46.64506316184999, 41.16019961328955], [46.64487004280091, 41.16005421914862], [46.64456963539125, 41.16002190929572]]}, "properties": {"id": "det6528", "length_m": 60.9, "osm_match_frac": 0.0, "status": "unmapped_candidate"}}, {"type": "Feature", "geometry": {"type": "LineString", "coordinates": [[46.568609476089485, 41.159908824685154], [46.56893134117127, 41.159375708892924]]}, "properties": {"id": "det6551", "length_m": 65.1, "osm_match_frac": 0.5, "status": "confirmed_by_osm"}}, {"type": "Feature", "geometry": {"type": "LineString", "coordinates": [[46.644269227981574, 41.159908824685154], [46.6441833972931, 41.1597795848913], [46.6441833972931, 41.15955341463882], [46.64414048194886, 41.159521104539046], [46.64414048194886, 41.159375708892924], [46.6440761089325, 41.159311088502236]]}, "properties": {"id": "det6553", "length_m": 71.4, "osm_match_frac": 0.0, "status": "unmapped_candidate"}}, {"type": "Feature", "geometry": {"type": "LineString", "coordinates": [[46.45220160484315, 41.15955341463882], [46.45213723182678, 41.15944032921992], [46.45190119743348, 41.159359553801224], [46.451793909072876, 41.159359553801224], [46.45166516304017, 41.1594564842917], [46.45168662071229, 41.15950494948318]]}, "properties": {"id": "det6563", "length_m": 65.3, "osm_match_frac": 0.0, "status": "unmapped_candidate"}}, {"type": "Feature", "geometry": {"type": "LineString", "coordinates": [[46.57493948936463, 41.15914953724677], [46.5746819972992, 41.158955675214585], [46.57446742057801, 41.158971830405825], [46.574338674545295, 41.15892336482013]]}, "properties": {"id": "det6572", "length_m": 60.7, "osm_match_frac": 0.5, "status": "confirmed_by_osm"}}, {"type": "Feature", "geometry": {"type": "LineString", "coordinates": [[46.57515406608582, 41.15898798559309], [46.57521843910218, 41.15903645113101], [46.57549738883973, 41.15903645113101], [46.5756905078888, 41.158891054409764], [46.575840711593635, 41.15885874398346]]}, "properties": {"id": "det6575", "length_m": 67.0, "osm_match_frac": 0.5, "status": "confirmed_by_osm"}}, {"type": "Feature", "geometry": {"type": "LineString", "coordinates": [[46.57513260841371, 41.158971830405825], [46.57517552375794, 41.158503328242915], [46.575089693069465, 41.158438706992115]]}, "properties": {"id": "det6577", "length_m": 62.3, "osm_match_frac": 1.0, "status": "confirmed_by_osm"}}, {"type": "Feature", "geometry": {"type": "LineString", "coordinates": [[46.575862169265754, 41.15884258876433], [46.57590508460999, 41.158745657365984], [46.57616257667543, 41.15853563884442], [46.57626986503602, 41.15851948354566], [46.576591730117805, 41.15830946429939], [46.57721400260926, 41.15814791057511]]}, "properties": {"id": "det6583", "length_m": 143.2, "osm_match_frac": 0.0, "status": "unmapped_candidate"}}, {"type": "Feature", "geometry": {"type": "LineString", "coordinates": [[46.65089964866638, 41.157889423788006], [46.65094256401063, 41.15779249098003], [46.651049852371216, 41.15771171353055], [46.65109276771546, 41.15737244715567]]}, "properties": {"id": "det6621", "length_m": 61.9, "osm_match_frac": 0.0, "status": "unmapped_candidate"}}, {"type": "Feature", "geometry": {"type": "LineString", "coordinates": [[46.575561761856086, 41.15746938058483], [46.575626134872444, 41.15735629157021], [46.57573342323304, 41.15730782478993], [46.57581925392152, 41.15706549035097], [46.575840711593635, 41.15683931073295], [46.5757977962494, 41.15669390913781]]}, "properties": {"id": "det6638", "length_m": 93.7, "osm_match_frac": 1.0, "status": "confirmed_by_osm"}}, {"type": "Feature", "geometry": {"type": "LineString", "coordinates": [[46.57519698143006, 41.15742091388817], [46.57515406608582, 41.15738860273715], [46.57515406608582, 41.157243202360476], [46.57528281211854, 41.15683931073295]]}, "properties": {"id": "det6641", "length_m": 67.4, "osm_match_frac": 0.25, "status": "partial"}}, {"type": "Feature", "geometry": {"type": "LineString", "coordinates": [[46.642531156539924, 41.15436743975083], [46.642338037490845, 41.15433512709465], [46.64190888404847, 41.154044312472344]]}, "properties": {"id": "det6765", "length_m": 65.0, "osm_match_frac": 0.0, "status": "unmapped_candidate"}}, {"type": "Feature", "geometry": {"type": "LineString", "coordinates": [[46.64257407188416, 41.15436743975083], [46.64265990257264, 41.15412509444128], [46.64255261421204, 41.153995843243194], [46.64235949516297, 41.15401199965689]]}, "properties": {"id": "det6766", "length_m": 61.1, "osm_match_frac": 0.0, "status": "unmapped_candidate"}}, {"type": "Feature", "geometry": {"type": "LineString", "coordinates": [[46.61444306373597, 41.152250927126595], [46.61420702934266, 41.15210551535376], [46.61407828330994, 41.15192778941565], [46.614035367965705, 41.15173390602456]]}, "properties": {"id": "det6827", "length_m": 69.9, "osm_match_frac": 0.0, "status": "unmapped_candidate"}}, {"type": "Feature", "geometry": {"type": "LineString", "coordinates": [[46.63238167762757, 41.151006838201326], [46.63223147392274, 41.1510876239132], [46.63205981254578, 41.15107146677879], [46.631737947463996, 41.1509260523899]]}, "properties": {"id": "det6883", "length_m": 61.5, "osm_match_frac": 0.0, "status": "unmapped_candidate"}}, {"type": "Feature", "geometry": {"type": "LineString", "coordinates": [[46.65619969367982, 41.151006838201326], [46.656221151351936, 41.1508291092848], [46.65611386299133, 41.15060290814877], [46.65607094764711, 41.1503443916091], [46.655985116958625, 41.150215132957015]]}, "properties": {"id": "det6886", "length_m": 91.5, "osm_match_frac": 0.0, "status": "unmapped_candidate"}}, {"type": "Feature", "geometry": {"type": "LineString", "coordinates": [[46.455441713333144, 41.15084526647894], [46.45535588264466, 41.15065137988647], [46.45511984825135, 41.15052212183962], [46.45492672920227, 41.150489807288096], [46.45479798316956, 41.15031207696997], [46.45460486412049, 41.15019897560759], [46.454476118087776, 41.150037401894295], [46.45443320274354, 41.149891985211895], [46.454476118087776, 41.14984351291275]]}, "properties": {"id": "det6895", "length_m": 150.7, "osm_match_frac": 0.0, "status": "unmapped_candidate"}}, {"type": "Feature", "geometry": {"type": "LineString", "coordinates": [[46.45630002021791, 41.15040902083958], [46.45606398582459, 41.150295919644435], [46.455978155136116, 41.15015050353541], [46.45563483238221, 41.15008587405009], [46.45552754402161, 41.149924300058075]]}, "properties": {"id": "det6900", "length_m": 90.9, "osm_match_frac": 0.0, "status": "unmapped_candidate"}}, {"type": "Feature", "geometry": {"type": "LineString", "coordinates": [[46.6336476802826, 41.149891985211895], [46.63358330726624, 41.14968193832347], [46.6334331035614, 41.14963346586904], [46.63313269615174, 41.14966578084264]]}, "properties": {"id": "det6926", "length_m": 63.1, "osm_match_frac": 0.0, "status": "unmapped_candidate"}}, {"type": "Feature", "geometry": {"type": "LineString", "coordinates": [[46.456986665725715, 41.14874479785355], [46.457029581069946, 41.14871248242603], [46.457008123397834, 41.148567062805064], [46.45657896995545, 41.14834085386473]]}, "properties": {"id": "det6986", "length_m": 65.2, "osm_match_frac": 0.0, "status": "unmapped_candidate"}}, {"type": "Feature", "geometry": {"type": "LineString", "coordinates": [[46.65257334709168, 41.14853474728995], [46.65263772010804, 41.14826006476834], [46.65285229682923, 41.148033854768855], [46.652981042861946, 41.14801769688189]]}, "properties": {"id": "det6995", "length_m": 72.8, "osm_match_frac": 1.0, "status": "confirmed_by_osm"}}, {"type": "Feature", "geometry": {"type": "LineString", "coordinates": [[46.65353894233704, 41.147726854235565], [46.65360331535341, 41.147646064382634], [46.65364623069764, 41.14722595554276], [46.65368914604187, 41.14719363936666], [46.65364623069764, 41.14687047672973]]}, "properties": {"id": "det7020", "length_m": 98.4, "osm_match_frac": 1.0, "status": "confirmed_by_osm"}}, {"type": "Feature", "geometry": {"type": "LineString", "coordinates": [[46.62967801094056, 41.146611945473445], [46.629527807235725, 41.14646652119384], [46.62931323051453, 41.14643420464346], [46.62907719612122, 41.146256463331696], [46.62869095802308, 41.146256463331696]]}, "properties": {"id": "det7057", "length_m": 99.2, "osm_match_frac": 0.0, "status": "unmapped_candidate"}}, {"type": "Feature", "geometry": {"type": "LineString", "coordinates": [[46.63143754005433, 41.1460140880392], [46.63115859031677, 41.145723236505646], [46.63098692893982, 41.14565860265632], [46.630793809890754, 41.145513176262426]]}, "properties": {"id": "det7072", "length_m": 78.9, "osm_match_frac": 0.0, "status": "unmapped_candidate"}}, {"type": "Feature", "geometry": {"type": "LineString", "coordinates": [[46.512690782547004, 41.144996102027676], [46.51258349418641, 41.14485067416452], [46.51256203651429, 41.144543658727635], [46.51260495185853, 41.14449518247463], [46.51286244392396, 41.14447902371567]]}, "properties": {"id": "det7087", "length_m": 80.8, "osm_match_frac": 0.0, "status": "unmapped_candidate"}}, {"type": "Feature", "geometry": {"type": "LineString", "coordinates": [[46.625772714614875, 41.14473756338132], [46.625536680221565, 41.144592134944816], [46.62542939186097, 41.144592134944816], [46.625279188156135, 41.14441438863998], [46.6251289844513, 41.14433359470579]]}, "properties": {"id": "det7091", "length_m": 73.5, "osm_match_frac": 0.0, "status": "unmapped_candidate"}}, {"type": "Feature", "geometry": {"type": "LineString", "coordinates": [[46.51350617408754, 41.14360644481866], [46.513248682022095, 41.14352564988905], [46.51309847831727, 41.143396377794616], [46.51286244392396, 41.143283264502955]]}, "properties": {"id": "det7148", "length_m": 66.0, "osm_match_frac": 0.0, "status": "unmapped_candidate"}}, {"type": "Feature", "geometry": {"type": "LineString", "coordinates": [[46.630836725234985, 41.14331558260619], [46.630514860153205, 41.143234787318235], [46.63036465644837, 41.143153991930724], [46.630042791366584, 41.143153991930724]]}, "properties": {"id": "det7169", "length_m": 71.0, "osm_match_frac": 0.0, "status": "unmapped_candidate"}}, {"type": "Feature", "geometry": {"type": "LineString", "coordinates": [[46.63323998451234, 41.142750013500084], [46.633304357528694, 41.14268537672024], [46.63377642631531, 41.14265305830642], [46.63392663002015, 41.14258842143103]]}, "properties": {"id": "det7205", "length_m": 63.3, "osm_match_frac": 0.0, "status": "unmapped_candidate"}}, {"type": "Feature", "geometry": {"type": "LineString", "coordinates": [[46.57989621162415, 41.14268537672024], [46.57974600791932, 41.142539943732665], [46.57970309257507, 41.14234603258089], [46.57970309257507, 41.14216828018808], [46.57974600791932, 41.14213596151944]]}, "properties": {"id": "det7207", "length_m": 67.1, "osm_match_frac": 1.0, "status": "confirmed_by_osm"}}, {"type": "Feature", "geometry": {"type": "LineString", "coordinates": [[46.57993912696839, 41.14268537672024], [46.58015370368958, 41.142539943732665], [46.58015370368958, 41.14226523609843], [46.57991766929627, 41.14213596151944]]}, "properties": {"id": "det7208", "length_m": 79.2, "osm_match_frac": 1.0, "status": "confirmed_by_osm"}}, {"type": "Feature", "geometry": {"type": "LineString", "coordinates": [[46.52799010276796, 41.141731976817695], [46.527925729751594, 41.14168349848626], [46.52779698371888, 41.141667339034484], [46.52715325355531, 41.14165117957872]]}, "properties": {"id": "det7285", "length_m": 72.6, "osm_match_frac": 0.0, "status": "unmapped_candidate"}}, {"type": "Feature", "geometry": {"type": "LineString", "coordinates": [[46.634463071823134, 41.141505744297724], [46.63442015647889, 41.1412956705447], [46.634119749069214, 41.141004798083465], [46.634119749069214, 41.14092399994862]]}, "properties": {"id": "det7322", "length_m": 73.6, "osm_match_frac": 0.0, "status": "unmapped_candidate"}}, {"type": "Feature", "geometry": {"type": "LineString", "coordinates": [[46.5832006931305, 41.14147342530259], [46.58324360847474, 41.14144110629154], [46.58322215080262, 41.14116639405453], [46.58290028572083, 41.141101755713876]]}, "properties": {"id": "det7330", "length_m": 63.6, "osm_match_frac": 0.0, "status": "unmapped_candidate"}}, {"type": "Feature", "geometry": {"type": "LineString", "coordinates": [[46.512390375137336, 41.14144110629154], [46.51208996772767, 41.141134074892165], [46.51211142539979, 41.141069436519665], [46.5123474597931, 41.14098863846446]]}, "properties": {"id": "det7333", "length_m": 71.6, "osm_match_frac": 0.0, "status": "unmapped_candidate"}}, {"type": "Feature", "geometry": {"type": "LineString", "coordinates": [[46.63688778877259, 41.141231032331454], [46.6369092464447, 41.141134074892165], [46.63701653480531, 41.141085596118764], [46.63701653480531, 41.1409563192145], [46.63686633110047, 41.14084320171424], [46.63686633110047, 41.14076240338033], [46.63680195808411, 41.14071392433218]]}, "properties": {"id": "det7356", "length_m": 70.2, "osm_match_frac": 0.0, "status": "unmapped_candidate"}}, {"type": "Feature", "geometry": {"type": "LineString", "coordinates": [[46.51236891746522, 41.14097247884147], [46.5123474597931, 41.14052000778132], [46.51256203651429, 41.1403584102176], [46.51275515556336, 41.14034225043933], [46.51286244392396, 41.140293771080636]]}, "properties": {"id": "det7385", "length_m": 102.5, "osm_match_frac": 0.0, "status": "unmapped_candidate"}}, {"type": "Feature", "geometry": {"type": "LineString", "coordinates": [[46.49181246757508, 41.14058464669531], [46.49164080619813, 41.14055232724627], [46.49153351783753, 41.14047152855401], [46.49153351783753, 41.140277611286436], [46.491683721542366, 41.14021297206985], [46.49200558662415, 41.14022913187996]]}, "properties": {"id": "det7450", "length_m": 90.7, "osm_match_frac": 0.0, "status": "unmapped_candidate"}}, {"type": "Feature", "geometry": {"type": "LineString", "coordinates": [[46.64542794227601, 41.14058464669531], [46.644998788833625, 41.1403584102176], [46.64489150047304, 41.140164492615575]]}, "properties": {"id": "det7462", "length_m": 67.3, "osm_match_frac": 0.0, "status": "unmapped_candidate"}}, {"type": "Feature", "geometry": {"type": "LineString", "coordinates": [[46.52432084083558, 41.14056848697278], [46.524857282638564, 41.14042304929087], [46.52511477470399, 41.140503848042854]]}, "properties": {"id": "det7466", "length_m": 71.2, "osm_match_frac": 0.0, "status": "unmapped_candidate"}}, {"type": "Feature", "geometry": {"type": "LineString", "coordinates": [[46.63731694221497, 41.1403584102176], [46.637231111526496, 41.14019681225574], [46.63688778877259, 41.13992209480678], [46.63680195808411, 41.139776655691485]]}, "properties": {"id": "det7510", "length_m": 79.0, "osm_match_frac": 0.0, "status": "unmapped_candidate"}}, {"type": "Feature", "geometry": {"type": "LineString", "coordinates": [[46.64536356925965, 41.140002894175915], [46.645256280899055, 41.139905934921], [46.64484858512879, 41.139776655691485], [46.644762754440315, 41.139679696102114], [46.64456963539125, 41.13966353615662], [46.644526720047004, 41.13961505629623]]}, "properties": {"id": "det7573", "length_m": 86.9, "osm_match_frac": 0.0, "status": "unmapped_candidate"}}, {"type": "Feature", "geometry": {"type": "LineString", "coordinates": [[46.512647867202766, 41.1398574552398], [46.512819528579726, 41.139792815609106], [46.51329159736634, 41.13948577649336]]}, "properties": {"id": "det7587", "length_m": 68.4, "osm_match_frac": 0.0, "status": "unmapped_candidate"}}, {"type": "Feature", "geometry": {"type": "LineString", "coordinates": [[46.642445325851455, 41.13971201598117], [46.6425096988678, 41.13919489600521], [46.642338037490845, 41.139065615374165]]}, "properties": {"id": "det7613", "length_m": 78.0, "osm_match_frac": 0.0, "status": "unmapped_candidate"}}, {"type": "Feature", "geometry": {"type": "LineString", "coordinates": [[46.63675904273987, 41.13959889633482], [46.636587381362915, 41.13958273636941], [46.63645863533021, 41.13950193648266], [46.63643717765809, 41.139421136496374], [46.636286973953254, 41.13934033641054], [46.63620114326478, 41.13922721612315], [46.63622260093689, 41.13908177546698]]}, "properties": {"id": "det7622", "length_m": 83.9, "osm_match_frac": 0.0, "status": "unmapped_candidate"}}, {"type": "Feature", "geometry": {"type": "LineString", "coordinates": [[46.53374075889589, 41.13916257587134], [46.533483266830444, 41.138596970950495], [46.53339743614198, 41.137885917844336], [46.53318285942078, 41.13744958598557], [46.53313994407654, 41.1371586964672]]}, "properties": {"id": "det7670", "length_m": 229.9, "osm_match_frac": 1.0, "status": "confirmed_by_osm"}}, {"type": "Feature", "geometry": {"type": "LineString", "coordinates": [[46.51472926139832, 41.139049455277366], [46.5146005153656, 41.13879089318711], [46.5146005153656, 41.13858081073823], [46.514385938644416, 41.13840304814057]]}, "properties": {"id": "det7683", "length_m": 80.7, "osm_match_frac": 0.0, "status": "unmapped_candidate"}}, {"type": "Feature", "geometry": {"type": "LineString", "coordinates": [[46.63600802421571, 41.138952494612965], [46.63570761680604, 41.13890401422701], [46.63564324378968, 41.13879089318711], [46.63572907447815, 41.13862929136309], [46.635986566543586, 41.13869393214048]]}, "properties": {"id": "det7692", "length_m": 81.6, "osm_match_frac": 0.0, "status": "unmapped_candidate"}}, {"type": "Feature", "geometry": {"type": "LineString", "coordinates": [[46.53447031974793, 41.13890401422701], [46.53470635414124, 41.13885553380523], [46.53500676155092, 41.138710092324864], [46.53507113456727, 41.1386454515634], [46.53509259223939, 41.138500009617196], [46.53519988059998, 41.138386887880515]]}, "properties": {"id": "det7699", "length_m": 91.2, "osm_match_frac": 0.0, "status": "unmapped_candidate"}}, {"type": "Feature", "geometry": {"type": "LineString", "coordinates": [[46.63828253746034, 41.13877473302262], [46.63815379142762, 41.13872625250527], [46.638003587722785, 41.138500009617196], [46.63785338401795, 41.138386887880515], [46.63787484169007, 41.138354567348486]]}, "properties": {"id": "det7715", "length_m": 62.0, "osm_match_frac": 0.0, "status": "unmapped_candidate"}}, {"type": "Feature", "geometry": {"type": "LineString", "coordinates": [[46.513849496841445, 41.13853233007757], [46.51346325874329, 41.138548490301766], [46.51337742805482, 41.138241445360954], [46.513334512710585, 41.138225285061104]]}, "properties": {"id": "det7742", "length_m": 71.3, "osm_match_frac": 0.0, "status": "unmapped_candidate"}}, {"type": "Feature", "geometry": {"type": "LineString", "coordinates": [[46.580067873001106, 41.13843536864869], [46.57991766929627, 41.13827376594874], [46.579788923263564, 41.138241445360954], [46.579574346542366, 41.13804752149988]]}, "properties": {"id": "det7753", "length_m": 61.4, "osm_match_frac": 0.25, "status": "partial"}}, {"type": "Feature", "geometry": {"type": "LineString", "coordinates": [[46.5352213382721, 41.13837072761649], [46.5352213382721, 41.138241445360954], [46.535414457321174, 41.138063681843526], [46.535392999649055, 41.13791823860729], [46.53552174568178, 41.13774047421392], [46.53595089912415, 41.13736878347099], [46.53599381446839, 41.13723949924059], [46.536165475845344, 41.137191017588506], [46.536937952041626, 41.136528431418576], [46.53710961341858, 41.13630218094961], [46.53719544410706, 41.13625369860473], [46.53719544410706, 41.136189055422484], [46.537388563156135, 41.136027447188155], [46.53753876686097, 41.13576887318507]]}, "properties": {"id": "det7760", "length_m": 362.4, "osm_match_frac": 0.0, "status": "unmapped_candidate"}}, {"type": "Feature", "geometry": {"type": "LineString", "coordinates": [[46.57848000526429, 41.13814448350208], [46.578351259231574, 41.1380960025189], [46.57828688621522, 41.13798288008544], [46.57794356346131, 41.13769199293211]]}, "properties": {"id": "det7776", "length_m": 69.0, "osm_match_frac": 1.0, "status": "confirmed_by_osm"}}, {"type": "Feature", "geometry": {"type": "LineString", "coordinates": [[46.531659364700324, 41.1380798421832], [46.53146624565125, 41.13811216285061], [46.53131604194642, 41.138015200800616], [46.53127312660218, 41.1379020782278], [46.53127312660218, 41.13778895545989], [46.53133749961854, 41.13774047421392], [46.531659364700324, 41.13774047421392]]}, "properties": {"id": "det7781", "length_m": 93.5, "osm_match_frac": 0.0, "status": "unmapped_candidate"}}, {"type": "Feature", "geometry": {"type": "LineString", "coordinates": [[46.514922380447395, 41.137999040445024], [46.51485800743104, 41.1379020782278], [46.51457905769349, 41.13770815336336], [46.51447176933289, 41.13749806744655], [46.51430010795594, 41.13736878347099]]}, "properties": {"id": "det7788", "length_m": 89.2, "osm_match_frac": 0.0, "status": "unmapped_candidate"}}, {"type": "Feature", "geometry": {"type": "LineString", "coordinates": [[46.53635859489442, 41.13795055935433], [46.536444425582886, 41.13780511586725], [46.537131071090705, 41.13733646243728]]}, "properties": {"id": "det7790", "length_m": 95.3, "osm_match_frac": 0.0, "status": "unmapped_candidate"}}, {"type": "Feature", "geometry": {"type": "LineString", "coordinates": [[46.51430010795594, 41.13723949924059], [46.51410698890687, 41.13707789359428], [46.51410698890687, 41.13690012692345], [46.51434302330018, 41.136738520441]]}, "properties": {"id": "det7858", "length_m": 70.7, "osm_match_frac": 0.0, "status": "unmapped_candidate"}}, {"type": "Feature", "geometry": {"type": "LineString", "coordinates": [[46.533118486404426, 41.13714253590059], [46.532968282699585, 41.13693244817216], [46.532925367355354, 41.136673877736534], [46.53277516365052, 41.1365445921365], [46.53273224830629, 41.13633450249295], [46.53238892555238, 41.13589816031403], [46.532367467880256, 41.13542949325921], [46.53232455253602, 41.135397171269936], [46.53228163719178, 41.13513859478238], [46.53232455253602, 41.135057789421]]}, "properties": {"id": "det7868", "length_m": 250.3, "osm_match_frac": 1.0, "status": "confirmed_by_osm"}}, {"type": "Feature", "geometry": {"type": "LineString", "coordinates": [[46.53743147850037, 41.13711021475539], [46.53758168220521, 41.13709405417683], [46.53771042823792, 41.13704557241723], [46.53777480125428, 41.13696476940495], [46.53805375099183, 41.13688396629312], [46.53846144676209, 41.136819323732], [46.53859019279481, 41.13672235977086], [46.53876185417176, 41.13672235977086], [46.53906226158142, 41.136641556360416]]}, "properties": {"id": "det7875", "length_m": 151.8, "osm_match_frac": 0.0, "status": "unmapped_candidate"}}, {"type": "Feature", "geometry": {"type": "LineString", "coordinates": [[46.533483266830444, 41.13701325122426], [46.533612012863166, 41.13701325122426], [46.53369784355164, 41.13693244817216], [46.53393387794495, 41.13686780565881], [46.53419137001038, 41.136641556360416]]}, "properties": {"id": "det7891", "length_m": 76.5, "osm_match_frac": 0.0, "status": "unmapped_candidate"}}, {"type": "Feature", "geometry": {"type": "LineString", "coordinates": [[46.5787160396576, 41.13693244817216], [46.57863020896912, 41.13677084176934], [46.57850146293641, 41.136706199096736], [46.578329801559455, 41.13646378850707], [46.57805085182191, 41.13620521622401], [46.5779221057892, 41.13591432118723], [46.57777190208436, 41.13576887318507], [46.577557325363166, 41.13568806860008], [46.57753586769105, 41.13560726391556], [46.57740712165834, 41.13551029816273], [46.577364206314094, 41.13538101026932]]}, "properties": {"id": "det7901", "length_m": 213.8, "osm_match_frac": 0.0, "status": "unmapped_candidate"}}, {"type": "Feature", "geometry": {"type": "LineString", "coordinates": [[46.52788281440735, 41.136673877736534], [46.527711153030396, 41.13662539566638], [46.52775406837464, 41.13647994924092], [46.52809739112855, 41.13644762776924], [46.528226137161255, 41.13636682402037], [46.528333425521865, 41.13635066325865], [46.52850508689881, 41.13636682402037]]}, "properties": {"id": "det7921", "length_m": 98.7, "osm_match_frac": 0.0, "status": "unmapped_candidate"}}, {"type": "Feature", "geometry": {"type": "LineString", "coordinates": [[46.5148150920868, 41.136641556360416], [46.51485800743104, 41.1365769135604], [46.51485800743104, 41.13630218094961], [46.51496529579163, 41.13620521622401], [46.51505112648011, 41.136027447188155]]}, "properties": {"id": "det7922", "length_m": 73.6, "osm_match_frac": 0.0, "status": "unmapped_candidate"}}, {"type": "Feature", "geometry": {"type": "LineString", "coordinates": [[46.51711106300355, 41.13660923496837], [46.516832113266, 41.13639914553187], [46.516681909561164, 41.13615673380747]]}, "properties": {"id": "det7929", "length_m": 62.8, "osm_match_frac": 0.0, "status": "unmapped_candidate"}}, {"type": "Feature", "geometry": {"type": "LineString", "coordinates": [[46.539620161056526, 41.13651227069668], [46.539856195449836, 41.13647994924092], [46.54045701026917, 41.13622137702157], [46.54075741767885, 41.13617289461697], [46.54101490974427, 41.13605976886687], [46.54144406318666, 41.13594664292169], [46.541787385940566, 41.13591432118723], [46.54198050498964, 41.135785034090134]]}, "properties": {"id": "det7940", "length_m": 217.8, "osm_match_frac": 0.0, "status": "unmapped_candidate"}}, {"type": "Feature", "geometry": {"type": "LineString", "coordinates": [[46.51434302330018, 41.13639914553187], [46.51451468467713, 41.13630218094961], [46.5146005153656, 41.13614057299399], [46.51496529579163, 41.13584967767053]]}, "properties": {"id": "det7956", "length_m": 81.8, "osm_match_frac": 0.0, "status": "unmapped_candidate"}}, {"type": "Feature", "geometry": {"type": "LineString", "coordinates": [[46.639248132705696, 41.13617289461697], [46.639226675033576, 41.1358335167814], [46.63905501365662, 41.13567190767113], [46.63888335227967, 41.135332527243605]]}, "properties": {"id": "det7977", "length_m": 101.1, "osm_match_frac": 0.0, "status": "unmapped_candidate"}}, {"type": "Feature", "geometry": {"type": "LineString", "coordinates": [[46.54200196266175, 41.13576887318507], [46.542195081710815, 41.13576887318507], [46.5427315235138, 41.13563958580131], [46.54333233833314, 41.13560726391556]]}, "properties": {"id": "det8016", "length_m": 114.0, "osm_match_frac": 0.0, "status": "unmapped_candidate"}}, {"type": "Feature", "geometry": {"type": "LineString", "coordinates": [[46.53756022453309, 41.135736551363024], [46.537667512893684, 41.13563958580131], [46.537796258926406, 41.13534868825616], [46.537860631942756, 41.135316366227066], [46.537860631942756, 41.135187077951436], [46.53792500495911, 41.1350901115775], [46.538161039352424, 41.134880017275556], [46.538161039352424, 41.134815372739595], [46.53828978538514, 41.13466992230076], [46.53878331184388, 41.13424973033252], [46.538804769516, 41.134185085175446], [46.539319753646865, 41.133813374285985], [46.539341211318984, 41.1337487286989], [46.539620161056526, 41.13353863010094], [46.53966307640077, 41.133457822768705], [46.53989911079407, 41.13332853083009], [46.53992056846619, 41.13319923863668], [46.54002785682679, 41.1331669155485], [46.54028534889222, 41.13297297668504], [46.540349721908576, 41.13282752216119]]}, "properties": {"id": "det8019", "length_m": 414.1, "osm_match_frac": 0.0, "status": "unmapped_candidate"}}, {"type": "Feature", "geometry": {"type": "LineString", "coordinates": [[46.6440761089325, 41.13555878105706], [46.643711328506484, 41.13530020520655], [46.64366841316224, 41.13510627264977]]}, "properties": {"id": "det8050", "length_m": 63.8, "osm_match_frac": 0.0, "status": "unmapped_candidate"}}, {"type": "Feature", "geometry": {"type": "LineString", "coordinates": [[46.579595804214485, 41.135445654247874], [46.57948851585389, 41.135219400044235], [46.579166650772095, 41.134993145060214]]}, "properties": {"id": "det8059", "length_m": 63.6, "osm_match_frac": 1.0, "status": "confirmed_by_osm"}}, {"type": "Feature", "geometry": {"type": "LineString", "coordinates": [[46.57028317451478, 41.13460527755776], [46.57039046287538, 41.13441134294652], [46.57077670097352, 41.13421740776195]]}, "properties": {"id": "det8168", "length_m": 62.3, "osm_match_frac": 0.5, "status": "confirmed_by_osm"}}, {"type": "Feature", "geometry": {"type": "LineString", "coordinates": [[46.5712058544159, 41.13458911636205], [46.57182812690735, 41.134475987880634], [46.572085618972785, 41.13437902045557], [46.57223582267762, 41.13437902045557]]}, "properties": {"id": "det8169", "length_m": 90.5, "osm_match_frac": 1.0, "status": "confirmed_by_osm"}}, {"type": "Feature", "geometry": {"type": "LineString", "coordinates": [[46.54841780662537, 41.13429821415853], [46.548374891281135, 41.13426589161184], [46.548374891281135, 41.13413660126583], [46.54843926429749, 41.1340396333391], [46.5486752986908, 41.13378105150041], [46.54882550239564, 41.13373256729218]]}, "properties": {"id": "det8200", "length_m": 80.1, "osm_match_frac": 1.0, "status": "confirmed_by_osm"}}, {"type": "Feature", "geometry": {"type": "LineString", "coordinates": [[46.531788110733046, 41.13415276257302], [46.53176665306092, 41.134023472004046], [46.53150916099549, 41.13371640588148], [46.53097271919251, 41.1327143906419]]}, "properties": {"id": "det8229", "length_m": 174.9, "osm_match_frac": 1.0, "status": "confirmed_by_osm"}}, {"type": "Feature", "geometry": {"type": "LineString", "coordinates": [[46.47368073463441, 41.13392650391009], [46.47327303886414, 41.13392650391009], [46.47316575050355, 41.133845697055634], [46.472865343093886, 41.133845697055634], [46.47265076637269, 41.1337487286989], [46.47241473197938, 41.13370024446679], [46.47217869758607, 41.13370024446679], [46.47194266319276, 41.133845697055634], [46.47179245948792, 41.133861858434486]]}, "properties": {"id": "det8260", "length_m": 171.8, "osm_match_frac": 0.0, "status": "unmapped_candidate"}}, {"type": "Feature", "geometry": {"type": "LineString", "coordinates": [[46.548846960067756, 41.13371640588148], [46.548975706100464, 41.13363559876822], [46.54899716377259, 41.13347398424311], [46.54906153678895, 41.133409338321584], [46.54927611351014, 41.13336085383863], [46.54946923255921, 41.13324772323907], [46.54974818229676, 41.13319923863668]]}, "properties": {"id": "det8284", "length_m": 104.4, "osm_match_frac": 1.0, "status": "confirmed_by_osm"}}, {"type": "Feature", "geometry": {"type": "LineString", "coordinates": [[46.62585854530335, 41.133603275895055], [46.626094579696655, 41.133603275895055], [46.626287698745735, 41.13366792162547], [46.62648081779481, 41.13366792162547], [46.626523733139045, 41.13361943733363], [46.62701725959778, 41.133587114452496], [46.627253293991096, 41.133522468642454], [46.62783265113831, 41.13349014571354], [46.62798285484315, 41.133522468642454]]}, "properties": {"id": "det8294", "length_m": 184.8, "osm_match_frac": 0.0, "status": "unmapped_candidate"}}, {"type": "Feature", "geometry": {"type": "LineString", "coordinates": [[46.54056429862977, 41.13281136052752], [46.540607213974006, 41.132779037248234], [46.540607213974006, 41.132471965300766], [46.540864706039436, 41.132407318391834]]}, "properties": {"id": "det8344", "length_m": 62.0, "osm_match_frac": 0.0, "status": "unmapped_candidate"}}, {"type": "Feature", "geometry": {"type": "LineString", "coordinates": [[46.53425574302675, 41.13248812701805], [46.53395533561707, 41.13250428873135], [46.533890962600715, 41.13245580357951], [46.533890962600715, 41.13214873011908]]}, "properties": {"id": "det8377", "length_m": 67.0, "osm_match_frac": 0.5, "status": "confirmed_by_osm"}}, {"type": "Feature", "geometry": {"type": "LineString", "coordinates": [[46.51391386985779, 41.132407318391834], [46.51406407356263, 41.1323426714192], [46.51410698890687, 41.13226186261383], [46.51378512382508, 41.13184165522134]]}, "properties": {"id": "det8384", "length_m": 78.1, "osm_match_frac": 0.5, "status": "confirmed_by_osm"}}, {"type": "Feature", "geometry": {"type": "LineString", "coordinates": [[46.64356112480164, 41.132407318391834], [46.643496751785285, 41.13231034790899], [46.64336800575256, 41.13227802438286], [46.64334654808045, 41.132197215497854], [46.642938852310195, 41.13218105370891], [46.64283156394959, 41.132132568318184], [46.64259552955628, 41.13211640651332]]}, "properties": {"id": "det8385", "length_m": 97.3, "osm_match_frac": 0.0, "status": "unmapped_candidate"}}, {"type": "Feature", "geometry": {"type": "LineString", "coordinates": [[46.540886163711555, 41.13239115665465], [46.54099345207215, 41.132326509666086], [46.54105782508851, 41.132164891915984], [46.54127240180971, 41.13208408289163], [46.541379690170295, 41.13198711193101]]}, "properties": {"id": "det8386", "length_m": 64.4, "osm_match_frac": 0.25, "status": "partial"}}, {"type": "Feature", "geometry": {"type": "LineString", "coordinates": [[46.55049920082094, 41.13239115665465], [46.5505850315094, 41.132326509666086], [46.55097126960755, 41.132326509666086], [46.55116438865662, 41.13218105370891]]}, "properties": {"id": "det8388", "length_m": 65.5, "osm_match_frac": 1.0, "status": "confirmed_by_osm"}}, {"type": "Feature", "geometry": {"type": "LineString", "coordinates": [[46.55204415321351, 41.132294186147924], [46.55230164527894, 41.13226186261383], [46.552602052688606, 41.1323426714192], [46.552881002426155, 41.132294186147924]]}, "properties": {"id": "det8394", "length_m": 72.7, "osm_match_frac": 1.0, "status": "confirmed_by_osm"}}, {"type": "Feature", "geometry": {"type": "LineString", "coordinates": [[46.53157353401185, 41.13227802438286], [46.53208851814271, 41.13227802438286], [46.53249621391297, 41.132197215497854]]}, "properties": {"id": "det8396", "length_m": 78.6, "osm_match_frac": 1.0, "status": "confirmed_by_osm"}}, {"type": "Feature", "geometry": {"type": "LineString", "coordinates": [[46.53133749961854, 41.132245700840805], [46.53123021125794, 41.132164891915984], [46.531187295913696, 41.13200327376774], [46.53133749961854, 41.13192246454431], [46.531401872634895, 41.13179316957979], [46.531637907028205, 41.1316315505158]]}, "properties": {"id": "det8399", "length_m": 88.6, "osm_match_frac": 1.0, "status": "confirmed_by_osm"}}, {"type": "Feature", "geometry": {"type": "LineString", "coordinates": [[46.551121473312385, 41.13214873011908], [46.55086398124696, 41.13189014082707], [46.55071377754212, 41.13184165522134], [46.55028462409974, 41.131583064718974], [46.549812555313125, 41.13140528315734], [46.54972672462464, 41.13140528315734], [46.549597978591926, 41.1312436631378]]}, "properties": {"id": "det8424", "length_m": 168.2, "osm_match_frac": 1.0, "status": "confirmed_by_osm"}}, {"type": "Feature", "geometry": {"type": "LineString", "coordinates": [[46.533890962600715, 41.132132568318184], [46.534169912338264, 41.13205175925402], [46.53498530387879, 41.13205175925402], [46.53571486473084, 41.13195478824562]]}, "properties": {"id": "det8426", "length_m": 155.7, "osm_match_frac": 1.0, "status": "confirmed_by_osm"}}, {"type": "Feature", "geometry": {"type": "LineString", "coordinates": [[46.536036729812636, 41.13193862639696], [46.53605818748475, 41.131712360097566], [46.53618693351747, 41.131615388587505], [46.53631567955018, 41.131615388587505], [46.53661608695984, 41.131857817093895]]}, "properties": {"id": "det8447", "length_m": 88.1, "osm_match_frac": 1.0, "status": "confirmed_by_osm"}}, {"type": "Feature", "geometry": {"type": "LineString", "coordinates": [[46.539126634597785, 41.13190630268768], [46.53856873512269, 41.13193862639696], [46.538397073745735, 41.131857817093895]]}, "properties": {"id": "det8450", "length_m": 63.9, "osm_match_frac": 1.0, "status": "confirmed_by_osm"}}, {"type": "Feature", "geometry": {"type": "LineString", "coordinates": [[46.53955578804016, 41.131873978962474], [46.539877653121955, 41.131857817093895], [46.53996348381043, 41.13180933146429], [46.540349721908576, 41.13180933146429], [46.54052138328553, 41.131712360097566]]}, "properties": {"id": "det8459", "length_m": 86.5, "osm_match_frac": 1.0, "status": "confirmed_by_osm"}}, {"type": "Feature", "geometry": {"type": "LineString", "coordinates": [[46.5372383594513, 41.13176084579884], [46.53743147850037, 41.13176084579884], [46.53749585151673, 41.131712360097566], [46.53807520866395, 41.13164771244012]]}, "properties": {"id": "det8477", "length_m": 73.0, "osm_match_frac": 1.0, "status": "confirmed_by_osm"}}, {"type": "Feature", "geometry": {"type": "LineString", "coordinates": [[46.538354158401496, 41.131712360097566], [46.53848290443422, 41.131599226655226], [46.539126634597785, 41.13156690277872]]}, "properties": {"id": "det8488", "length_m": 70.7, "osm_match_frac": 1.0, "status": "confirmed_by_osm"}}, {"type": "Feature", "geometry": {"type": "LineString", "coordinates": [[46.53951287269594, 41.131583064718974], [46.539641618728645, 41.1315345788863], [46.54047846794129, 41.131502254977946]]}, "properties": {"id": "det8504", "length_m": 82.4, "osm_match_frac": 1.0, "status": "confirmed_by_osm"}}, {"type": "Feature", "geometry": {"type": "LineString", "coordinates": [[46.54049992561341, 41.1314860930178], [46.54054284095765, 41.13145376908557], [46.54097199440003, 41.13143760711347], [46.54101490974427, 41.13140528315734], [46.54148697853089, 41.1313891211733]]}, "properties": {"id": "det8513", "length_m": 85.9, "osm_match_frac": 1.0, "status": "confirmed_by_osm"}}, {"type": "Feature", "geometry": {"type": "LineString", "coordinates": [[46.54213070869447, 41.131324473197346], [46.54258131980897, 41.1312436631378], [46.542688608169556, 41.13117901501852], [46.542795896530166, 41.13121133908613]]}, "properties": {"id": "det8536", "length_m": 60.1, "osm_match_frac": 1.0, "status": "confirmed_by_osm"}}, {"type": "Feature", "geometry": {"type": "LineString", "coordinates": [[46.545392274856574, 41.131227501113955], [46.545091867446914, 41.13098507027842], [46.544898748397834, 41.13088809769337], [46.54446959495545, 41.130791124965]]}, "properties": {"id": "det8544", "length_m": 94.0, "osm_match_frac": 1.0, "status": "confirmed_by_osm"}}, {"type": "Feature", "geometry": {"type": "LineString", "coordinates": [[46.53206706047059, 41.13108204272013], [46.532152891159065, 41.131001232361996], [46.532174348831184, 41.130791124965], [46.53232455253602, 41.13064566560369], [46.53232455253602, 41.130581016895135], [46.53253912925721, 41.130435557068], [46.53309702873231, 41.129821389797996], [46.533612012863166, 41.12933651683958], [46.533869504928596, 41.1289486158929], [46.53404116630555, 41.128819315067716], [46.53406262397767, 41.12870617663666], [46.53419137001038, 41.128609200683336], [46.53429865837098, 41.128415248346705], [46.53468489646912, 41.128140481555064], [46.53504967689515, 41.12763943326698], [46.535135507583625, 41.12742931510426], [46.535371541976936, 41.12717070721109]]}, "properties": {"id": "det8549", "length_m": 525.7, "osm_match_frac": 1.0, "status": "confirmed_by_osm"}}, {"type": "Feature", "geometry": {"type": "LineString", "coordinates": [[46.54281735420228, 41.13087193558193], [46.54262423515321, 41.130920421904314], [46.542173624038696, 41.130920421904314], [46.54208779335023, 41.13082344922371], [46.542109251022346, 41.130726476399786]]}, "properties": {"id": "det8561", "length_m": 78.8, "osm_match_frac": 0.0, "status": "unmapped_candidate"}}, {"type": "Feature", "geometry": {"type": "LineString", "coordinates": [[46.54404044151307, 41.13059717907825], [46.543911695480354, 41.13045171928694], [46.54382586479188, 41.130435557068], [46.54356837272645, 41.130241610130156], [46.54337525367738, 41.130031500300504], [46.54288172721863, 41.1297729026634], [46.54236674308777, 41.12932035434592], [46.54198050498964, 41.129110241566046]]}, "properties": {"id": "det8582", "length_m": 242.4, "osm_match_frac": 1.0, "status": "confirmed_by_osm"}}, {"type": "Feature", "geometry": {"type": "LineString", "coordinates": [[46.65491223335267, 41.130581016895135], [46.65467619895936, 41.13056485470805], [46.65454745292664, 41.13046788150189], [46.65437579154969, 41.13016079873683]]}, "properties": {"id": "det8585", "length_m": 72.2, "osm_match_frac": 0.75, "status": "confirmed_by_osm"}}, {"type": "Feature", "geometry": {"type": "LineString", "coordinates": [[46.51286244392396, 41.13004766261898], [46.5127980709076, 41.130015337978044], [46.5127980709076, 41.12993452630603], [46.51316285133363, 41.12953046645294], [46.5138065814972, 41.12951430400705], [46.51391386985779, 41.12948197910335], [46.51412844657899, 41.12951430400705], [46.51423573493958, 41.129433491717926], [46.51447176933289, 41.12909407901664], [46.51453614234925, 41.12888396551216]]}, "properties": {"id": "det8616", "length_m": 231.2, "osm_match_frac": 0.0, "status": "unmapped_candidate"}}, {"type": "Feature", "geometry": {"type": "LineString", "coordinates": [[46.54605746269227, 41.12972441549298], [46.54595017433167, 41.12956279133276], [46.54592871665956, 41.129385004296665], [46.54582142829896, 41.12930419184828], [46.54577851295472, 41.12912640411147]]}, "properties": {"id": "det8629", "length_m": 72.7, "osm_match_frac": 0.0, "status": "unmapped_candidate"}}, {"type": "Feature", "geometry": {"type": "LineString", "coordinates": [[46.54198050498964, 41.129110241566046], [46.541894674301155, 41.12888396551216], [46.54174447059632, 41.128722339281616], [46.54069304466248, 41.127833387896885], [46.54047846794129, 41.12760710743959], [46.54047846794129, 41.12755861866864], [46.54030680656434, 41.12742931510426]]}, "properties": {"id": "det8636", "length_m": 237.1, "osm_match_frac": 1.0, "status": "confirmed_by_osm"}}, {"type": "Feature", "geometry": {"type": "LineString", "coordinates": [[46.54575705528261, 41.129110241566046], [46.54549956321716, 41.1289162907105], [46.545370817184455, 41.128657688677926]]}, "properties": {"id": "det8637", "length_m": 61.2, "osm_match_frac": 0.0, "status": "unmapped_candidate"}}, {"type": "Feature", "geometry": {"type": "LineString", "coordinates": [[46.54148697853089, 41.12907791646327], [46.54133677482606, 41.12896477847812], [46.54077887535096, 41.128722339281616]]}, "properties": {"id": "det8639", "length_m": 71.8, "osm_match_frac": 1.0, "status": "confirmed_by_osm"}}, {"type": "Feature", "geometry": {"type": "LineString", "coordinates": [[46.51453614234925, 41.12886780290702], [46.5148150920868, 41.128415248346705], [46.51457905769349, 41.12805966757383], [46.5143644809723, 41.12796269066498]]}, "properties": {"id": "det8647", "length_m": 120.6, "osm_match_frac": 0.0, "status": "unmapped_candidate"}}, {"type": "Feature", "geometry": {"type": "LineString", "coordinates": [[46.57747149467469, 41.128366760172966], [46.57753586769105, 41.12799501631719], [46.577600240707405, 41.12793036499684], [46.577600240707405, 41.12775257353743]]}, "properties": {"id": "det8668", "length_m": 70.4, "osm_match_frac": 1.0, "status": "confirmed_by_osm"}}, {"type": "Feature", "geometry": {"type": "LineString", "coordinates": [[46.518183946609504, 41.12804350476564], [46.51756167411804, 41.12786571361279], [46.51723980903626, 41.1276879219782]]}, "properties": {"id": "det8680", "length_m": 89.3, "osm_match_frac": 1.0, "status": "confirmed_by_osm"}}, {"type": "Feature", "geometry": {"type": "LineString", "coordinates": [[46.479924917221076, 41.12776873641729], [46.479924917221076, 41.1276879219782], [46.47971034049988, 41.12744547806375], [46.479688882827766, 41.12723535927994]]}, "properties": {"id": "det8686", "length_m": 64.8, "osm_match_frac": 0.0, "status": "unmapped_candidate"}}, {"type": "Feature", "geometry": {"type": "LineString", "coordinates": [[46.577600240707405, 41.12772024776578], [46.577836275100715, 41.12723535927994], [46.57805085182191, 41.12618475526818], [46.5781581401825, 41.1260392856946], [46.578179597854614, 41.125748345579986]]}, "properties": {"id": "det8688", "length_m": 226.3, "osm_match_frac": 1.0, "status": "confirmed_by_osm"}}, {"type": "Feature", "geometry": {"type": "LineString", "coordinates": [[46.54009222984314, 41.12718687023428], [46.54002785682679, 41.12697675062235], [46.539856195449836, 41.12679895657902], [46.5398132801056, 41.12665348836707], [46.53966307640077, 41.126443367047145], [46.539233922958374, 41.126023122388744], [46.539212465286255, 41.12584532576152]]}, "properties": {"id": "det8723", "length_m": 170.2, "osm_match_frac": 1.0, "status": "confirmed_by_osm"}}, {"type": "Feature", "geometry": {"type": "LineString", "coordinates": [[46.53599381446839, 41.12710605507855], [46.53631567955018, 41.12718687023428], [46.53670191764833, 41.12720303325348], [46.53683066368104, 41.12726768529047], [46.53730273246766, 41.127283848289764], [46.537646055221565, 41.12718687023428], [46.53771042823792, 41.127089892035464], [46.53777480125428, 41.126782793460286]]}, "properties": {"id": "det8733", "length_m": 190.9, "osm_match_frac": 1.0, "status": "confirmed_by_osm"}}, {"type": "Feature", "geometry": {"type": "LineString", "coordinates": [[46.57255768775941, 41.12684744591135], [46.57275080680848, 41.12681511969378], [46.57294392585755, 41.126718140945535], [46.573008298873916, 41.12662116205396], [46.573008298873916, 41.126443367047145]]}, "properties": {"id": "det8756", "length_m": 67.9, "osm_match_frac": 0.0, "status": "unmapped_candidate"}}, {"type": "Feature", "geometry": {"type": "LineString", "coordinates": [[46.53545737266541, 41.12679895657902], [46.53550028800965, 41.126718140945535], [46.535650491714485, 41.12662116205396], [46.535671949386604, 41.126508019832634], [46.535886526107795, 41.126346387749464], [46.535907983779914, 41.12618475526818], [46.536036729812636, 41.126023122388744], [46.53629422187806, 41.12587765245684]]}, "properties": {"id": "det8757", "length_m": 130.3, "osm_match_frac": 1.0, "status": "confirmed_by_osm"}}, {"type": "Feature", "geometry": {"type": "LineString", "coordinates": [[46.53777480125428, 41.12676663033757], [46.537860631942756, 41.12668581466427], [46.53796792030336, 41.12639487741622], [46.53809666633607, 41.12628173480473]]}, "properties": {"id": "det8761", "length_m": 61.6, "osm_match_frac": 1.0, "status": "confirmed_by_osm"}}, {"type": "Feature", "geometry": {"type": "LineString", "coordinates": [[46.53807520866395, 41.12626557155859], [46.53798937797547, 41.12620091853422], [46.53798937797547, 41.1260392856946], [46.538354158401496, 41.12505331675134], [46.53859019279481, 41.124794699494046], [46.53865456581117, 41.12461689953843], [46.538804769516, 41.12453608121754], [46.538869142532356, 41.124374444277144]]}, "properties": {"id": "det8779", "length_m": 231.4, "osm_match_frac": 0.833, "status": "confirmed_by_osm"}}, {"type": "Feature", "geometry": {"type": "LineString", "coordinates": [[46.65072798728943, 41.126071612294375], [46.65089964866638, 41.12605544899648], [46.651028394699104, 41.125958469125486], [46.6511356830597, 41.12581299905027], [46.6511356830597, 41.12573218220246], [46.65135025978089, 41.125522057932365]]}, "properties": {"id": "det8795", "length_m": 86.7, "osm_match_frac": 1.0, "status": "confirmed_by_osm"}}, {"type": "Feature", "geometry": {"type": "LineString", "coordinates": [[46.53629422187806, 41.12587765245684], [46.53629422187806, 41.12581299905027], [46.536401510238655, 41.12569985543547], [46.53685212135316, 41.125392750354784], [46.53700232505799, 41.1252311155245], [46.53719544410706, 41.1251179709064], [46.537367105484016, 41.1251018073736], [46.53753876686097, 41.12500482609323], [46.53756022453309, 41.12485935390392], [46.5376889705658, 41.12476237226522], [46.53771042823792, 41.124681554123484]]}, "properties": {"id": "det8805", "length_m": 189.2, "osm_match_frac": 1.0, "status": "confirmed_by_osm"}}, {"type": "Feature", "geometry": {"type": "LineString", "coordinates": [[46.57820105552674, 41.12573218220246], [46.578329801559455, 41.12558671162559], [46.578351259231574, 41.125425077273064], [46.57854437828065, 41.125214952019576]]}, "properties": {"id": "det8815", "length_m": 65.9, "osm_match_frac": 1.0, "status": "confirmed_by_osm"}}, {"type": "Feature", "geometry": {"type": "LineString", "coordinates": [[46.572364568710334, 41.125457404175414], [46.572364568710334, 41.1252634425224], [46.57247185707093, 41.12519878851066], [46.57253623008729, 41.124988662532566], [46.57242894172669, 41.124713881392125]]}, "properties": {"id": "det8832", "length_m": 88.8, "osm_match_frac": 0.0, "status": "unmapped_candidate"}}, {"type": "Feature", "geometry": {"type": "LineString", "coordinates": [[46.57242894172669, 41.124681554123484], [46.572321653366096, 41.12445526279711], [46.57217144966127, 41.124374444277144], [46.57197833061219, 41.124018841606876]]}, "properties": {"id": "det8866", "length_m": 84.9, "osm_match_frac": 0.0, "status": "unmapped_candidate"}}, {"type": "Feature", "geometry": {"type": "LineString", "coordinates": [[46.57401680946351, 41.12387336723182], [46.573952436447144, 41.123824875701814], [46.573930978775024, 41.123711728659096], [46.57373785972596, 41.123598581421305], [46.57365202903748, 41.12346927005352], [46.57345890998841, 41.12332379446019], [46.57337307929994, 41.12330763048548]]}, "properties": {"id": "det8904", "length_m": 87.2, "osm_match_frac": 0.0, "status": "unmapped_candidate"}}, {"type": "Feature", "geometry": {"type": "LineString", "coordinates": [[46.500910520553596, 41.123824875701814], [46.50138258934022, 41.12356625360326], [46.501446962356574, 41.12342077822492], [46.50161862373353, 41.12330763048548], [46.501682996749885, 41.12319448255095]]}, "properties": {"id": "det8908", "length_m": 98.8, "osm_match_frac": 1.0, "status": "confirmed_by_osm"}}, {"type": "Feature", "geometry": {"type": "LineString", "coordinates": [[46.49108290672303, 41.123808711850515], [46.49108290672303, 41.12346927005352], [46.49112582206727, 41.12342077822492], [46.491340398788466, 41.12337228636047]]}, "properties": {"id": "det8914", "length_m": 63.0, "osm_match_frac": 0.0, "status": "unmapped_candidate"}}, {"type": "Feature", "geometry": {"type": "LineString", "coordinates": [[46.50204777717591, 41.122741888862045], [46.50217652320863, 41.12270956062196], [46.50239109992981, 41.12253175501689], [46.50254130363465, 41.12248326249554], [46.50290608406067, 41.12215997810415], [46.5033781528473, 41.121852856457274]]}, "properties": {"id": "det8998", "length_m": 151.3, "osm_match_frac": 1.0, "status": "confirmed_by_osm"}}, {"type": "Feature", "geometry": {"type": "LineString", "coordinates": [[46.57953143119812, 41.121852856457274], [46.57970309257507, 41.12177203473237], [46.57961726188661, 41.12156189778183], [46.579681634902954, 41.12138408906739], [46.579595804214485, 41.121270937816476], [46.579574346542366, 41.12112545735006]]}, "properties": {"id": "det9054", "length_m": 92.6, "osm_match_frac": 1.0, "status": "confirmed_by_osm"}}, {"type": "Feature", "geometry": {"type": "LineString", "coordinates": [[46.503399610519416, 41.121836692120254], [46.50352835655213, 41.12167504853112], [46.503914594650276, 41.12138408906739], [46.50404334068299, 41.12119011537495], [46.50457978248597, 41.120705178635646]]}, "properties": {"id": "det9055", "length_m": 161.0, "osm_match_frac": 1.0, "status": "confirmed_by_osm"}}, {"type": "Feature", "geometry": {"type": "LineString", "coordinates": [[46.49073958396912, 41.12177203473237], [46.4904820919037, 41.12167504853112], [46.49031043052675, 41.12167504853112], [46.490160226821914, 41.121626555376736], [46.49007439613343, 41.12165888415031]]}, "properties": {"id": "det9057", "length_m": 60.3, "osm_match_frac": 0.0, "status": "unmapped_candidate"}}, {"type": "Feature", "geometry": {"type": "LineString", "coordinates": [[46.48282170295716, 41.12152956896049], [46.482971906661994, 41.121578062186536], [46.48314356803895, 41.12152956896049], [46.48318648338318, 41.121481075698625], [46.48318648338318, 41.12119011537495], [46.4833152294159, 41.12109312831373]]}, "properties": {"id": "det9060", "length_m": 83.1, "osm_match_frac": 0.0, "status": "unmapped_candidate"}}, {"type": "Feature", "geometry": {"type": "LineString", "coordinates": [[46.48254275321961, 41.1213032667652], [46.482478380203254, 41.12120627987122], [46.482242345809944, 41.1210769637896], [46.482220888137824, 41.12093148289322], [46.48209214210511, 41.120834495449806]]}, "properties": {"id": "det9069", "length_m": 68.0, "osm_match_frac": 0.0, "status": "unmapped_candidate"}}, {"type": "Feature", "geometry": {"type": "LineString", "coordinates": [[46.579574346542366, 41.12109312831373], [46.579831838607795, 41.120446544242924], [46.57991766929627, 41.1203818854855], [46.58002495765686, 41.12036572078619]]}, "properties": {"id": "det9078", "length_m": 94.3, "osm_match_frac": 1.0, "status": "confirmed_by_osm"}}, {"type": "Feature", "geometry": {"type": "LineString", "coordinates": [[46.54891133308411, 41.121012305653245], [46.54893279075623, 41.12080216627017], [46.54914736747742, 41.120608190857816], [46.54925465583802, 41.12036572078619]]}, "properties": {"id": "det9090", "length_m": 79.9, "osm_match_frac": 0.0, "status": "unmapped_candidate"}}, {"type": "Feature", "geometry": {"type": "LineString", "coordinates": [[46.51249766349794, 41.12085066003367], [46.512390375137336, 41.12065668476465], [46.51206851005555, 41.12043037955954]]}, "properties": {"id": "det9103", "length_m": 60.2, "osm_match_frac": 0.0, "status": "unmapped_candidate"}}, {"type": "Feature", "geometry": {"type": "LineString", "coordinates": [[46.50908589363099, 41.120721343251354], [46.509150266647346, 41.1206728493923], [46.50910735130311, 41.119993931603226], [46.508957147598274, 41.11986461313287]]}, "properties": {"id": "det9111", "length_m": 102.2, "osm_match_frac": 1.0, "status": "confirmed_by_osm"}}, {"type": "Feature", "geometry": {"type": "LineString", "coordinates": [[46.54989838600159, 41.120026261180996], [46.55004858970643, 41.11986461313287], [46.55015587806703, 41.11983228347546], [46.55017733573915, 41.1196544700751], [46.550112962722785, 41.11955748074459]]}, "properties": {"id": "det9149", "length_m": 63.5, "osm_match_frac": 0.0, "status": "unmapped_candidate"}}, {"type": "Feature", "geometry": {"type": "LineString", "coordinates": [[46.57378077507019, 41.11997776680837], [46.57365202903748, 41.12005859074285], [46.573544740676894, 41.12005859074285], [46.57320141792299, 41.120026261180996], [46.57313704490662, 41.119961602009525]]}, "properties": {"id": "det9150", "length_m": 61.1, "osm_match_frac": 0.0, "status": "unmapped_candidate"}}, {"type": "Feature", "geometry": {"type": "LineString", "coordinates": [[46.57474637031556, 41.1198807779556], [46.57474637031556, 41.11968679982009], [46.57489657402039, 41.11950898602558], [46.57493948936463, 41.11933117174936]]}, "properties": {"id": "det9167", "length_m": 65.0, "osm_match_frac": 0.0, "status": "unmapped_candidate"}}, {"type": "Feature", "geometry": {"type": "LineString", "coordinates": [[46.58000349998475, 41.119799953802136], [46.58002495765686, 41.11962214031419], [46.580110788345344, 41.11950898602558], [46.580110788345344, 41.119104861973796]]}, "properties": {"id": "det9171", "length_m": 79.2, "osm_match_frac": 1.0, "status": "confirmed_by_osm"}}, {"type": "Feature", "geometry": {"type": "LineString", "coordinates": [[46.550112962722785, 41.119541315842234], [46.550112962722785, 41.11947665619301], [46.550327539443984, 41.11931500679126], [46.55039191246033, 41.11900787183111]]}, "properties": {"id": "det9177", "length_m": 67.1, "osm_match_frac": 0.0, "status": "unmapped_candidate"}}, {"type": "Feature", "geometry": {"type": "LineString", "coordinates": [[46.57493948936463, 41.1190402018946], [46.57517552375794, 41.11876539584737], [46.57519698143006, 41.11842592796523]]}, "properties": {"id": "det9193", "length_m": 74.1, "osm_match_frac": 0.0, "status": "unmapped_candidate"}}, {"type": "Feature", "geometry": {"type": "LineString", "coordinates": [[46.54159426689149, 41.11756916788414], [46.54170155525208, 41.11766616015277], [46.54195904731752, 41.11764999478462], [46.54232382774354, 41.11747217547217]]}, "properties": {"id": "det9276", "length_m": 72.2, "osm_match_frac": 0.0, "status": "unmapped_candidate"}}, {"type": "Feature", "geometry": {"type": "LineString", "coordinates": [[46.54236674308777, 41.117456010056245], [46.542645692825324, 41.11734285203327], [46.542860269546516, 41.11735901747707], [46.543160676956184, 41.11714886639718], [46.54326796531678, 41.117116535402104]]}, "properties": {"id": "det9284", "length_m": 88.7, "osm_match_frac": 0.0, "status": "unmapped_candidate"}}, {"type": "Feature", "geometry": {"type": "LineString", "coordinates": [[46.54142260551453, 41.11724585928689], [46.54176592826844, 41.11716503188875], [46.541808843612685, 41.117116535402104], [46.542109251022346, 41.117068038879616], [46.54234528541565, 41.116954880187805], [46.54262423515321, 41.11690638354589], [46.543117761611946, 41.11669623101685]]}, "properties": {"id": "det9286", "length_m": 157.5, "osm_match_frac": 0.0, "status": "unmapped_candidate"}}, {"type": "Feature", "geometry": {"type": "LineString", "coordinates": [[46.57667756080629, 41.116647734183836], [46.57682776451112, 41.11663156856487], [46.57695651054383, 41.116534574767456], [46.577106714248664, 41.1165022434698], [46.577364206314094, 41.11625975822981]]}, "properties": {"id": "det9310", "length_m": 75.6, "osm_match_frac": 0.0, "status": "unmapped_candidate"}}, {"type": "Feature", "geometry": {"type": "LineString", "coordinates": [[46.642981767654426, 41.11621126107431], [46.64313197135926, 41.116098100905496], [46.64315342903138, 41.116001106319814], [46.643260717391975, 41.115904111590815], [46.643282175064094, 41.11571012170284], [46.64315342903138, 41.11567778999911]]}, "properties": {"id": "det9332", "length_m": 75.8, "osm_match_frac": 1.0, "status": "confirmed_by_osm"}}, {"type": "Feature", "geometry": {"type": "LineString", "coordinates": [[46.64607167243958, 41.1159849405416], [46.64639353752137, 41.115742453390645], [46.64669394493104, 41.11530597426162], [46.64684414863588, 41.115208978505486], [46.64699435234071, 41.11517664655492]]}, "properties": {"id": "det9344", "length_m": 122.5, "osm_match_frac": 1.0, "status": "confirmed_by_osm"}}, {"type": "Feature", "geometry": {"type": "LineString", "coordinates": [[46.507669687271125, 41.115952608973224], [46.5068542957306, 41.11571012170284], [46.506704092025764, 41.11564545827946], [46.50661826133729, 41.11553229713526]]}, "properties": {"id": "det9347", "length_m": 102.6, "osm_match_frac": 1.0, "status": "confirmed_by_osm"}}, {"type": "Feature", "geometry": {"type": "LineString", "coordinates": [[46.578329801559455, 41.1157909508925], [46.57850146293641, 41.11566162414128], [46.578587293624885, 41.11566162414128], [46.57869458198548, 41.11554846302494], [46.57890915870667, 41.11556462891064]]}, "properties": {"id": "det9358", "length_m": 61.1, "osm_match_frac": 0.0, "status": "unmapped_candidate"}}, {"type": "Feature", "geometry": {"type": "LineString", "coordinates": [[46.64699435234071, 41.11517664655492], [46.647037267684944, 41.115047318593426], [46.64733767509462, 41.11485332617345], [46.64744496345521, 41.11464316707155]]}, "properties": {"id": "det9394", "length_m": 73.0, "osm_match_frac": 1.0, "status": "confirmed_by_osm"}}, {"type": "Feature", "geometry": {"type": "LineString", "coordinates": [[46.50554537773132, 41.115160480573664], [46.50530934333803, 41.11507965060769], [46.50496602058412, 41.114772495829264], [46.504665613174446, 41.114659333180185]]}, "properties": {"id": "det9395", "length_m": 94.6, "osm_match_frac": 1.0, "status": "confirmed_by_osm"}}, {"type": "Feature", "geometry": {"type": "LineString", "coordinates": [[46.50674700737, 41.11475632974849], [46.50659680366517, 41.11467549928486], [46.50640368461609, 41.11467549928486], [46.50633931159974, 41.1146108348423], [46.50608181953431, 41.11453000419953], [46.505953073501594, 41.11457850259714]]}, "properties": {"id": "det9418", "length_m": 76.2, "osm_match_frac": 0.0, "status": "unmapped_candidate"}}, {"type": "Feature", "geometry": {"type": "LineString", "coordinates": [[46.64384007453919, 41.114594668721715], [46.64386153221132, 41.11448150576609], [46.64405465126039, 41.11423901306145], [46.64416193962098, 41.11415818196085], [46.64431214332581, 41.11423901306145]]}, "properties": {"id": "det9425", "length_m": 72.3, "osm_match_frac": 1.0, "status": "confirmed_by_osm"}}, {"type": "Feature", "geometry": {"type": "LineString", "coordinates": [[46.581634283065796, 41.11435217643509], [46.58167719841004, 41.113834856563166], [46.581763029098525, 41.11377019129254]]}, "properties": {"id": "det9439", "length_m": 67.7, "osm_match_frac": 0.0, "status": "unmapped_candidate"}}, {"type": "Feature", "geometry": {"type": "LineString", "coordinates": [[46.504944562911994, 41.11419051441304], [46.50485873222351, 41.11398035318919], [46.504665613174446, 41.11388335547434], [46.50445103645326, 41.11388335547434], [46.50423645973206, 41.113964186913336]]}, "properties": {"id": "det9443", "length_m": 82.0, "osm_match_frac": 0.2, "status": "partial"}}, {"type": "Feature", "geometry": {"type": "LineString", "coordinates": [[46.64763808250428, 41.11415818196085], [46.647702455520644, 41.113964186913336], [46.64785265922548, 41.11385102287086], [46.64783120155335, 41.113527695960364], [46.64787411689759, 41.113398364750275], [46.6476595401764, 41.11280020458935], [46.64733767509462, 41.112428372553175], [46.64712309837342, 41.11225053909576], [46.647080183029175, 41.11215353882504]]}, "properties": {"id": "det9444", "length_m": 247.0, "osm_match_frac": 1.0, "status": "confirmed_by_osm"}}, {"type": "Feature", "geometry": {"type": "LineString", "coordinates": [[46.581333875656135, 41.11323670037937], [46.58124804496766, 41.113301366175506], [46.58096909523011, 41.113301366175506], [46.58090472221375, 41.1132690332854], [46.58094763755799, 41.11309120210516], [46.58124804496766, 41.11309120210516]]}, "properties": {"id": "det9461", "length_m": 85.4, "osm_match_frac": 0.0, "status": "unmapped_candidate"}}, {"type": "Feature", "geometry": {"type": "LineString", "coordinates": [[46.648002862930305, 41.11288103736202], [46.64789557456971, 41.11259003891463], [46.647702455520644, 41.112493039145534], [46.647702455520644, 41.112428372553175]]}, "properties": {"id": "det9471", "length_m": 60.2, "osm_match_frac": 1.0, "status": "confirmed_by_osm"}}, {"type": "Feature", "geometry": {"type": "LineString", "coordinates": [[46.647680997848525, 41.11241220589513], [46.64750933647157, 41.11223437239393], [46.647466421127326, 41.11207270515663], [46.647273302078254, 41.111991871388696]]}, "properties": {"id": "det9489", "length_m": 61.3, "osm_match_frac": 1.0, "status": "confirmed_by_osm"}}, {"type": "Feature", "geometry": {"type": "LineString", "coordinates": [[46.504172086715705, 41.11213737209932], [46.50400042533875, 41.112008038150236], [46.5039360523224, 41.11183020355424], [46.5039360523224, 41.11166853532167], [46.504172086715705, 41.11157153419105]]}, "properties": {"id": "det9507", "length_m": 81.3, "osm_match_frac": 0.0, "status": "unmapped_candidate"}}, {"type": "Feature", "geometry": {"type": "LineString", "coordinates": [[46.4993441104889, 41.110536846546744], [46.499150991439826, 41.11042367659636], [46.49880766868592, 41.11010033280608], [46.498678922653205, 41.11008416557476]]}, "properties": {"id": "det9562", "length_m": 77.5, "osm_match_frac": 1.0, "status": "confirmed_by_osm"}}, {"type": "Feature", "geometry": {"type": "LineString", "coordinates": [[46.5020263195038, 41.109712318155765], [46.50213360786439, 41.10963148148166], [46.502155065536506, 41.109518309970696], [46.50241255760193, 41.10946980783486], [46.50256276130676, 41.10948597521745]]}, "properties": {"id": "det9599", "length_m": 60.4, "osm_match_frac": 0.0, "status": "unmapped_candidate"}}, {"type": "Feature", "geometry": {"type": "LineString", "coordinates": [[46.50267004966737, 41.10938897086217], [46.502755880355835, 41.10945364044829], [46.50303483009339, 41.109437473057724], [46.50303483009339, 41.10932430121236], [46.5028202533722, 41.10924346406053]]}, "properties": {"id": "det9612", "length_m": 66.4, "osm_match_frac": 0.0, "status": "unmapped_candidate"}}, {"type": "Feature", "geometry": {"type": "LineString", "coordinates": [[46.523183584213264, 41.106430269180564], [46.523312330245986, 41.10647877356169], [46.52352690696717, 41.106430269180564], [46.52359127998353, 41.10636559661666], [46.523677110672004, 41.10609073750949]]}, "properties": {"id": "det9651", "length_m": 71.2, "osm_match_frac": 0.0, "status": "unmapped_candidate"}}, {"type": "Feature", "geometry": {"type": "LineString", "coordinates": [[46.524578332901, 41.105524847489704], [46.52477145195008, 41.105508679131766], [46.52492165565491, 41.10537933212496], [46.52500748634339, 41.10537933212496], [46.52511477470399, 41.105314658526005], [46.52573704719544, 41.105314658526005]]}, "properties": {"id": "det9673", "length_m": 106.4, "osm_match_frac": 0.0, "status": "unmapped_candidate"}}]}