{"type": "FeatureCollection", "features": [{"type": "Feature", "properties": {"name": "\u10d5\u10d0\u10e8\u10da\u10dd\u10d5\u10d0\u10dc\u10d8\u10e1 \u10d4\u10e0\u10dd\u10d5\u10dc\u10e3\u10da\u10d8 \u10de\u10d0\u10e0\u10d9\u10d8, \u10d3\u10d4\u10d3\u10dd\u10e4\u10da\u10d8\u10e1\u10ec\u10e7\u10d0\u10e0\u10dd\u10e1 \u10db\u10e3\u10dc\u10d8\u10ea\u10d8\u10de\u10d0\u10da\u10d8\u10e2\u10d4\u10e2\u10d8, \u10d9\u10d0\u10ee\u10d4\u10d7\u10d8, \u10e1\u10d0\u10e5\u10d0\u10e0\u10d7\u10d5\u10d4\u10da\u10dd", "osm_type": "relation", "osm_id": 6135120, "source": "OpenStreetMap via Nominatim", "license": "ODbL"}, "geometry": {"type": "MultiPolygon", "coordinates": [[[[46.27756, 41.261586], [46.27762, 41.261037], [46.277631, 41.260716], [46.277964, 41.260538], [46.278029, 41.26023], [46.277614, 41.259847], [46.277973, 41.259496], [46.277833, 41.259269], [46.277823, 41.258735], [46.277966, 41.258494], [46.278023, 41.258077], [46.278118, 41.257741], [46.278549, 41.257791], [46.279134, 41.257838], [46.279678, 41.257551], [46.280666, 41.257299], [46.281993, 41.256932], [46.282019, 41.25691], [46.2820819, 41.2569149], [46.282083, 41.256915], [46.283021, 41.256993], [46.283347, 41.257052], [46.283429, 41.257247], [46.283279, 41.257482], [46.283278, 41.257484], [46.283333, 41.257641], [46.283674, 41.257813], [46.283834, 41.258047], [46.284279, 41.258199], [46.2846917, 41.258152], [46.284692, 41.258152], [46.28542, 41.258069], [46.285786, 41.258163], [46.28587, 41.258456], [46.2856912, 41.2586258], [46.285411, 41.258892], [46.28495, 41.259251], [46.284642, 41.25945], [46.285036, 41.259662], [46.284837, 41.260135], [46.284554, 41.260295], [46.284456, 41.26057], [46.28506, 41.260917], [46.285531, 41.261049], [46.285869, 41.261084], [46.286341, 41.261275], [46.286165, 41.261571], [46.286325, 41.261766], [46.287056, 41.261934], [46.287472, 41.261929], [46.287806, 41.261769], [46.288192, 41.261568], [46.288402, 41.261402], [46.288349, 41.261239], [46.28833, 41.261114], [46.28796, 41.260917], [46.288025, 41.260803], [46.287938, 41.260654], [46.287852, 41.260466], [46.287733, 41.260355], [46.28778, 41.260216], [46.287793, 41.26004], [46.287841, 41.259902], [46.287721, 41.25974], [46.287719, 41.259627], [46.2876332, 41.2595462], [46.2876, 41.259515], [46.287514, 41.259366], [46.287645, 41.259264], [46.287876, 41.259186], [46.287639, 41.258937], [46.287619, 41.258787], [46.287684, 41.258698], [46.287899, 41.258658], [46.288047, 41.258544], [46.288111, 41.258443], [46.288139, 41.258179], [46.288269, 41.258014], [46.2883, 41.257888], [46.288413, 41.257711], [46.288409, 41.257498], [46.288622, 41.25732], [46.288871, 41.257342], [46.289091, 41.257095], [46.289055, 41.256957], [46.289203, 41.256855], [46.289101, 41.256756], [46.289215, 41.256641], [46.2894, 41.256702], [46.289481, 41.256601], [46.289411, 41.256451], [46.289144, 41.256391], [46.289042, 41.256292], [46.289173, 41.256165], [46.289054, 41.256028], [46.289149, 41.255788], [46.289263, 41.255699], [46.289294, 41.255561], [46.289157, 41.255362], [46.288969, 41.255125], [46.288833, 41.254951], [46.288901, 41.254617], [46.288879, 41.254597], [46.288766, 41.254493], [46.288563, 41.25432], [46.28836, 41.254184], [46.288306, 41.253959], [46.288563, 41.253517], [46.288841, 41.25325], [46.289072, 41.253147], [46.289184, 41.252945], [46.288949, 41.252822], [46.288683, 41.25285], [46.288517, 41.252864], [46.288497, 41.252701], [46.288876, 41.252509], [46.289155, 41.252305], [46.289219, 41.252191], [46.288731, 41.251895], [46.288445, 41.251748], [46.288145, 41.251701], [46.287598, 41.251808], [46.287235, 41.251962], [46.28697, 41.252015], [46.286837, 41.252017], [46.286775, 41.252244], [46.28683, 41.252481], [46.286782, 41.252608], [46.286566, 41.252585], [46.28638, 41.252424], [46.286179, 41.252376], [46.285948, 41.252466], [46.285554, 41.252747], [46.285225, 41.252901], [46.284776, 41.252956], [46.284296, 41.253062], [46.283865, 41.25313], [46.283617, 41.253233], [46.283173, 41.253489], [46.282758, 41.253519], [46.28236, 41.253561], [46.281961, 41.253578], [46.281808, 41.253556], [46.281711, 41.253581], [46.281674, 41.253368], [46.282186, 41.253199], [46.28253, 41.252931], [46.282491, 41.252605], [46.282252, 41.252307], [46.281767, 41.252061], [46.281593, 41.251354], [46.280864, 41.251063], [46.280721, 41.250987], [46.28035, 41.25074], [46.280577, 41.250423], [46.281023, 41.249957], [46.28117, 41.249985], [46.281467, 41.250203], [46.281742, 41.249959], [46.281901, 41.249947], [46.281997, 41.250076], [46.282131, 41.250115], [46.282276, 41.250043], [46.282449, 41.250051], [46.282612, 41.25021], [46.282903, 41.250146], [46.2829, 41.249996], [46.282965, 41.249875], [46.282976, 41.249764], [46.282574, 41.249618], [46.282439, 41.249539], [46.282397, 41.249409], [46.2827, 41.249255], [46.282731, 41.248805], [46.282857, 41.248715], [46.282855, 41.248635], [46.282768, 41.248531], [46.282722, 41.248379], [46.282685, 41.248082], [46.282809, 41.247896], [46.282854, 41.247494], [46.282831, 41.247382], [46.282861, 41.247309], [46.282766, 41.246848], [46.283082, 41.246915], [46.283478, 41.246686], [46.283595, 41.246588], [46.28349, 41.246403], [46.283607, 41.246312], [46.283887, 41.246244], [46.284133, 41.246229], [46.284394, 41.246039], [46.284459, 41.24591], [46.285031, 41.245765], [46.28514, 41.245649], [46.285411, 41.245581], [46.285682, 41.245533], [46.285876, 41.245409], [46.285998, 41.24515], [46.286004, 41.244981], [46.286003, 41.244945], [46.286072, 41.244774], [46.286353, 41.244771], [46.286623, 41.244671], [46.287039, 41.244583], [46.287305, 41.24467], [46.287319, 41.244548], [46.287402, 41.244425], [46.28762, 41.244255], [46.287954, 41.243885], [46.288003, 41.243788], [46.287949, 41.243647], [46.287845, 41.243546], [46.287773, 41.243366], [46.287769, 41.243186], [46.287843, 41.243044], [46.287892, 41.242915], [46.287759, 41.242627], [46.287756, 41.242518], [46.2877, 41.242249], [46.287808, 41.242113], [46.287954, 41.241738], [46.289724, 41.241777], [46.290692, 41.241793], [46.292209, 41.241997], [46.292425, 41.242028], [46.292323, 41.241797], [46.292376, 41.241638], [46.292795, 41.241613], [46.292978, 41.241663], [46.293273, 41.241723], [46.293414, 41.241817], [46.293959, 41.241758], [46.294082, 41.24163], [46.294444, 41.241531], [46.294218, 41.241428], [46.29409, 41.241313], [46.294242, 41.241206], [46.294505, 41.241097], [46.294631, 41.241106], [46.294754, 41.240968], [46.294653, 41.2408], [46.294764, 41.240725], [46.295032, 41.240848], [46.295242, 41.240846], [46.295266, 41.240687], [46.295212, 41.240317], [46.295263, 41.240237], [46.295261, 41.240145], [46.295295, 41.240079], [46.295554, 41.239931], [46.295584, 41.239706], [46.295809, 41.239545], [46.295736, 41.239427], [46.295946, 41.239425], [46.295943, 41.23928], [46.2961, 41.239251], [46.29622, 41.239144], [46.296359, 41.23909], [46.296622, 41.239127], [46.296899, 41.239005], [46.296809, 41.238874], [46.296736, 41.238716], [46.296959, 41.238476], [46.296901, 41.238187], [46.296983, 41.237948], [46.297242, 41.23776], [46.297288, 41.237417], [46.297391, 41.237282], [46.297469, 41.237116], [46.297142, 41.23712], [46.297302, 41.236932], [46.297573, 41.236826], [46.297734, 41.236659], [46.297954, 41.23676], [46.298061, 41.236656], [46.298004, 41.236533], [46.298167, 41.236469], [46.298521, 41.236424], [46.298299, 41.236261], [46.298052, 41.236161], [46.298403, 41.235971], [46.298697, 41.235638], [46.29891, 41.235347], [46.299124, 41.235118], [46.299259, 41.235055], [46.299307, 41.234703], [46.298757, 41.234545], [46.29881, 41.234462], [46.299053, 41.234314], [46.299381, 41.234331], [46.29954, 41.234082], [46.299733, 41.234162], [46.300141, 41.234096], [46.300325, 41.233919], [46.299834, 41.233749], [46.29959, 41.233834], [46.299589, 41.233772], [46.299775, 41.233502], [46.299307, 41.233363], [46.299303, 41.233136], [46.299216, 41.23291], [46.299404, 41.232723], [46.299318, 41.232497], [46.299067, 41.232252], [46.299229, 41.232189], [46.29939, 41.232022], [46.299168, 41.231818], [46.299052, 41.23151], [46.299072, 41.231139], [46.298827, 41.231183], [46.298471, 41.231104], [46.298399, 41.230943], [46.298497, 41.23073], [46.298471, 41.230691], [46.298316, 41.230645], [46.298273, 41.230549], [46.298344, 41.230509], [46.298793, 41.230442], [46.298853, 41.230372], [46.29892, 41.230132], [46.299081, 41.230022], [46.298736, 41.229623], [46.298704, 41.229555], [46.299124, 41.229582], [46.299247, 41.229627], [46.299147, 41.229751], [46.299189, 41.229782], [46.299404, 41.229772], [46.299576, 41.229716], [46.299626, 41.229645], [46.299512, 41.229585], [46.299459, 41.229485], [46.299479, 41.229431], [46.299954, 41.229178], [46.299954, 41.22914], [46.299758, 41.229088], [46.299067, 41.228844], [46.298777, 41.228597], [46.298448, 41.228022], [46.298393, 41.227822], [46.298411, 41.227636], [46.298913, 41.227719], [46.29919, 41.227747], [46.299594, 41.22773], [46.299689, 41.228151], [46.299987, 41.228248], [46.300241, 41.228685], [46.300564, 41.228963], [46.301516, 41.229022], [46.304461, 41.228927], [46.304978, 41.229272], [46.304789, 41.229521], [46.30504, 41.22982], [46.30534, 41.229994], [46.305032, 41.230461], [46.305118, 41.230637], [46.306109, 41.230755], [46.306307, 41.230968], [46.306608, 41.230965], [46.306832, 41.230867], [46.307063, 41.23072], [46.307434, 41.23045], [46.307474, 41.230339], [46.307731, 41.230235], [46.307889, 41.23017], [46.308229, 41.230034], [46.308768, 41.229813], [46.309452, 41.229096], [46.310674, 41.229798], [46.311016, 41.22975], [46.311149, 41.229698], [46.311281, 41.229621], [46.311445, 41.229473], [46.311543, 41.229308], [46.311589, 41.229118], [46.311636, 41.228973], [46.311675, 41.22884], [46.311829, 41.228585], [46.312091, 41.228298], [46.312154, 41.228164], [46.312339, 41.228144], [46.312784, 41.228094], [46.313248, 41.22786], [46.314221, 41.22761], [46.314652, 41.227085], [46.314773, 41.226711], [46.314806, 41.226542], [46.316758, 41.226312], [46.31756, 41.226448], [46.319169, 41.226971], [46.318942, 41.227537], [46.318716, 41.227767], [46.318473, 41.227998], [46.318559, 41.228143], [46.318834, 41.22814], [46.31908, 41.228054], [46.31968, 41.227714], [46.320008, 41.227585], [46.320395, 41.227664], [46.320483, 41.227892], [46.319907, 41.228023], [46.319938, 41.22819], [46.320712, 41.228305], [46.320786, 41.228444], [46.319869, 41.228898], [46.319903, 41.229209], [46.32005, 41.229665], [46.320191, 41.229851], [46.320637, 41.230075], [46.32075, 41.230228], [46.321024, 41.230133], [46.321188, 41.230089], [46.321406, 41.229941], [46.321732, 41.229729], [46.322193, 41.22935], [46.3234, 41.229065], [46.323776, 41.228582], [46.323906, 41.228206], [46.324122, 41.227954], [46.324696, 41.22774], [46.325079, 41.22759], [46.325547, 41.227563], [46.32604, 41.227412], [46.326257, 41.227222], [46.327038, 41.227282], [46.326295, 41.227763], [46.326387, 41.228219], [46.326671, 41.228611], [46.326869, 41.22888], [46.327287, 41.229125], [46.327812, 41.229181], [46.328527, 41.22911], [46.329082, 41.228637], [46.329283, 41.228352], [46.329692, 41.228119], [46.330044, 41.227824], [46.330316, 41.227172], [46.330918, 41.226796], [46.332415, 41.225329], [46.332434, 41.22531], [46.334089, 41.225752], [46.336191, 41.225033], [46.336765, 41.224826], [46.342079, 41.22473], [46.346899, 41.220674], [46.348801, 41.219769], [46.357928, 41.215277], [46.359792, 41.213346], [46.360044, 41.213683], [46.360133, 41.214007], [46.359969, 41.214297], [46.359886, 41.214609], [46.359437, 41.214905], [46.358919, 41.215309], [46.358818, 41.215495], [46.358538, 41.215552], [46.358294, 41.215607], [46.358035, 41.215751], [46.357779, 41.21617], [46.357663, 41.217395], [46.357343, 41.218796], [46.357354, 41.2190489], [46.357371, 41.219434], [46.356643, 41.220552], [46.356221, 41.220934], [46.355788, 41.221621], [46.355482, 41.222102], [46.354868, 41.222427], [46.354022, 41.222701], [46.353431, 41.223], [46.353205, 41.22333], [46.352326, 41.223834], [46.35202, 41.224287], [46.351743, 41.22477], [46.351307, 41.225434], [46.351141, 41.226245], [46.350809, 41.226817], [46.350763, 41.227574], [46.351049, 41.228218], [46.351376, 41.228797], [46.351768, 41.229083], [46.352513, 41.229103], [46.353135, 41.229041], [46.354022, 41.228797], [46.354609, 41.22905], [46.355658, 41.229444], [46.356029, 41.229907], [46.356865, 41.230123], [46.357407, 41.230387], [46.357869, 41.23068], [46.35854, 41.23091], [46.359316, 41.231086], [46.360202, 41.231084], [46.360926, 41.230931], [46.362277, 41.231645], [46.360278, 41.232982], [46.357323, 41.233338], [46.355724, 41.233531], [46.354956, 41.233826], [46.353844, 41.234254], [46.349585, 41.235855], [46.344738, 41.236315], [46.342974, 41.236483], [46.340969, 41.236926], [46.33558, 41.237205], [46.331216, 41.237376], [46.326737, 41.238346], [46.324386, 41.238801], [46.321654, 41.23933], [46.319957, 41.239662], [46.319212, 41.239843], [46.319095, 41.239872], [46.317991, 41.239802], [46.317764, 41.239611], [46.317556, 41.239435], [46.317058, 41.239152], [46.316526, 41.238986], [46.314623, 41.239039], [46.313963, 41.239328], [46.313015, 41.239738], [46.312709, 41.239976], [46.31148, 41.240256], [46.310786, 41.240414], [46.31057, 41.240477], [46.31027, 41.240564], [46.310082, 41.241192], [46.309172, 41.241725], [46.308872, 41.243135], [46.309433, 41.243854], [46.309465, 41.2439179], [46.309965, 41.244928], [46.309647, 41.245878], [46.309706, 41.246537], [46.310791, 41.247141], [46.311114, 41.247313], [46.311493, 41.247514], [46.311917, 41.247554], [46.312288, 41.247588], [46.312632, 41.247491], [46.313175, 41.247313], [46.31367, 41.247465], [46.313998, 41.247881], [46.313862, 41.248364], [46.313845, 41.248887], [46.313942, 41.249189], [46.314266, 41.249433], [46.31437, 41.249604], [46.314397, 41.249757], [46.314421, 41.249892], [46.314354, 41.249987], [46.314279, 41.250093], [46.314046, 41.250281], [46.31445, 41.250879], [46.315902, 41.251935], [46.31651, 41.251678], [46.316858, 41.25153], [46.317648, 41.250856], [46.31828, 41.25056], [46.31894, 41.250703], [46.319391, 41.250953], [46.319506, 41.251656], [46.319221, 41.252017], [46.318025, 41.252341], [46.316694, 41.25281], [46.31604, 41.253811], [46.316386, 41.254708], [46.316786, 41.255089], [46.316699, 41.255334], [46.316488, 41.255701], [46.316493, 41.255956], [46.316599, 41.256075], [46.316677, 41.256162], [46.316791, 41.256262], [46.317384, 41.256275], [46.317576, 41.256308], [46.317769, 41.256402], [46.317927, 41.256579], [46.317932, 41.256826], [46.318172, 41.256954], [46.318455, 41.256965], [46.318917, 41.256836], [46.319072, 41.25682], [46.319117, 41.25682], [46.319248, 41.25699], [46.319138, 41.257404], [46.318922, 41.257542], [46.318733, 41.257663], [46.318109, 41.257893], [46.317575, 41.258163], [46.316985, 41.258588], [46.31684, 41.258958], [46.316968, 41.259193], [46.317504, 41.259385], [46.317876, 41.259375], [46.318184, 41.259438], [46.318378, 41.25965], [46.318186, 41.259933], [46.31738, 41.260446], [46.316989, 41.260951], [46.316872, 41.261492], [46.316869, 41.261508], [46.317324, 41.262037], [46.317139, 41.262234], [46.316748, 41.262382], [46.316548, 41.262513], [46.31633, 41.262656], [46.3163852, 41.2629177], [46.316403, 41.263002], [46.31604, 41.263655], [46.316028, 41.263835], [46.316015, 41.26403], [46.316337, 41.264065], [46.317018, 41.263842], [46.317225, 41.263647], [46.317523, 41.263595], [46.317849, 41.263735], [46.318046, 41.26382], [46.318403, 41.263827], [46.318948, 41.263369], [46.318975, 41.263308], [46.319102, 41.263026], [46.318987, 41.262758], [46.319086, 41.262581], [46.319603, 41.262569], [46.32006, 41.262329], [46.320736, 41.261973], [46.321131, 41.261655], [46.321242, 41.2614], [46.321442, 41.261161], [46.321535, 41.261187], [46.32172, 41.261238], [46.322075, 41.26146], [46.322506, 41.261521], [46.322751, 41.261749], [46.322984, 41.262054], [46.323306, 41.262832], [46.323473, 41.26351], [46.323427, 41.263791], [46.323562, 41.263949], [46.323819, 41.264056], [46.323894, 41.264154], [46.323792, 41.264284], [46.323745, 41.264343], [46.323792, 41.264513], [46.323978, 41.264715], [46.323987, 41.264769], [46.323987, 41.26477], [46.323938, 41.26488], [46.323488, 41.264984], [46.323267, 41.265226], [46.323345, 41.265347], [46.323455, 41.265516], [46.323528, 41.265667], [46.323614, 41.265844], [46.323805, 41.265949], [46.323858, 41.265979], [46.324066, 41.266191], [46.324121, 41.266355], [46.324053, 41.266522], [46.324037, 41.26656], [46.324084, 41.267049], [46.324414, 41.267538], [46.324874, 41.268408], [46.325165, 41.26896], [46.325209, 41.269026], [46.324879, 41.269201], [46.324077, 41.269548], [46.323711, 41.269663], [46.323551, 41.269707], [46.323369, 41.269709], [46.323288, 41.269688], [46.323105, 41.26964], [46.322847, 41.269556], [46.322733, 41.269422], [46.322429, 41.269425], [46.322306, 41.269528], [46.322156, 41.269658], [46.321897, 41.269764], [46.321561, 41.269836], [46.321246, 41.269842], [46.320916, 41.26985], [46.320327, 41.269833], [46.3199, 41.269887], [46.319234, 41.26996], [46.31828, 41.270363], [46.317941, 41.270557], [46.317531, 41.270729], [46.31734, 41.270747], [46.31594, 41.271267], [46.31573, 41.271353], [46.315499, 41.271401], [46.315168, 41.271402], [46.314545, 41.271401], [46.314201, 41.271329], [46.314075, 41.271322], [46.31379, 41.271331], [46.313686, 41.271329], [46.31343, 41.271522], [46.3129942, 41.271561], [46.312111, 41.27164], [46.311762, 41.27181], [46.311223, 41.271871], [46.311088, 41.272017], [46.310432, 41.272914], [46.309863, 41.272976], [46.307883, 41.273665], [46.307425, 41.27467], [46.307043, 41.274684], [46.306824, 41.274748], [46.306579, 41.274837], [46.306467, 41.274876], [46.30626, 41.274926], [46.306109, 41.27499], [46.306002, 41.275137], [46.305956, 41.275177], [46.304871, 41.275513], [46.304739, 41.275505], [46.304655, 41.275402], [46.304463, 41.27525], [46.30438, 41.275245], [46.304266, 41.275264], [46.303786, 41.275727], [46.303395, 41.27588], [46.302974, 41.275991], [46.302875, 41.276103], [46.302805, 41.276146], [46.302555, 41.276261], [46.302598, 41.276415], [46.302624, 41.276546], [46.302652, 41.276589], [46.301836, 41.276965], [46.301758, 41.276978], [46.30113, 41.277116], [46.300629, 41.2773], [46.300246, 41.277499], [46.298923, 41.277744], [46.298007, 41.277776], [46.297737, 41.27796], [46.296798, 41.278222], [46.296378, 41.278383], [46.295696, 41.279279], [46.294368, 41.280348], [46.293452, 41.281677], [46.293158, 41.281947], [46.292499, 41.281729], [46.292302, 41.281613], [46.291864, 41.281186], [46.291615, 41.280913], [46.291142, 41.28024], [46.290366, 41.279526], [46.28997, 41.279236], [46.289454, 41.279076], [46.289205, 41.278858], [46.288905, 41.278474], [46.288495, 41.278018], [46.288156, 41.277672], [46.28786, 41.277491], [46.287438, 41.277164], [46.287384, 41.276889], [46.287425, 41.276483], [46.28742, 41.276225], [46.287514, 41.276058], [46.287559, 41.275855], [46.287507, 41.27569], [46.287454, 41.275469], [46.287351, 41.275231], [46.287347, 41.274991], [46.287488, 41.27475], [46.287655, 41.274546], [46.287822, 41.274341], [46.287917, 41.274211], [46.287914, 41.274027], [46.287788, 41.273863], [46.287394, 41.273683], [46.287221, 41.273574], [46.286828, 41.273431], [46.28651, 41.273435], [46.286292, 41.273493], [46.286072, 41.273513], [46.285876, 41.273479], [46.285507, 41.273354], [46.28527, 41.27309], [46.285252, 41.272767], [46.285127, 41.27264], [46.284978, 41.272494], [46.284805, 41.272422], [46.284527, 41.272316], [46.284339, 41.272317], [46.284192, 41.272263], [46.284092, 41.272135], [46.284089, 41.271988], [46.284086, 41.271822], [46.284154, 41.271601], [46.284079, 41.271472], [46.28405, 41.271233], [46.284064, 41.270717], [46.284108, 41.270496], [46.284258, 41.270157], [46.283997, 41.269778], [46.283898, 41.269706], [46.28375, 41.269671], [46.283554, 41.269636], [46.283407, 41.269582], [46.283282, 41.269455], [46.283255, 41.269289], [46.283277, 41.269179], [46.283323, 41.269031], [46.283369, 41.268901], [46.283367, 41.268809], [46.283242, 41.268663], [46.283191, 41.268535], [46.283189, 41.268424], [46.283285, 41.268368], [46.283357, 41.268293], [46.283356, 41.26822], [46.28333, 41.268165], [46.283207, 41.268092], [46.283059, 41.268039], [46.282909, 41.267875], [46.282858, 41.267728], [46.282855, 41.267599], [46.282904, 41.267488], [46.282674, 41.267473], [46.282635, 41.267564], [46.282521, 41.267667], [46.282063, 41.267672], [46.281757, 41.267606], [46.281541, 41.267494], [46.281477, 41.267379], [46.281444, 41.267242], [46.28135, 41.267104], [46.281166, 41.267037], [46.280645, 41.266974], [46.280177, 41.266745], [46.280164, 41.266076], [46.280103, 41.265716], [46.279608, 41.265775], [46.279356, 41.265537], [46.279305, 41.265375], [46.279472, 41.265161], [46.279996, 41.264741], [46.280024, 41.264366], [46.279424, 41.263597], [46.278003, 41.263439], [46.277927, 41.263247], [46.277609, 41.262281], [46.27756, 41.261586]]], [[[46.351299, 41.227531], [46.351308, 41.227182], [46.351528, 41.226493], [46.352117, 41.225584], [46.352427, 41.22496], [46.352762, 41.22457], [46.353069, 41.224143], [46.353654, 41.223694], [46.354314, 41.223254], [46.354733, 41.22317], [46.355343, 41.222899], [46.355982, 41.222546], [46.356496, 41.221957], [46.357252, 41.221138], [46.357728, 41.22046], [46.358133, 41.219714], [46.35823, 41.219289], [46.358208, 41.21892], [46.358254, 41.2185812], [46.358342, 41.217937], [46.358317, 41.217297], [46.358556, 41.216425], [46.35855, 41.216134], [46.358965, 41.215838], [46.359284, 41.215575], [46.35962, 41.2153], [46.360242, 41.214869], [46.360423, 41.214433], [46.360437, 41.214237], [46.360548, 41.214002], [46.360542, 41.213699], [46.360562, 41.21338], [46.360542, 41.213194], [46.360207, 41.212915], [46.360767, 41.212314], [46.362464, 41.211413], [46.366005, 41.209532], [46.369391, 41.203688], [46.371964, 41.20357], [46.37514, 41.201488], [46.377929, 41.199683], [46.378639, 41.199262], [46.378693, 41.199142], [46.37861, 41.198981], [46.378686, 41.198835], [46.378778, 41.198928], [46.378914, 41.198926], [46.37907, 41.198839], [46.379124, 41.198745], [46.379054, 41.198635], [46.379017, 41.19849], [46.379264, 41.198419], [46.379329, 41.198265], [46.379507, 41.198152], [46.37947, 41.198033], [46.37966, 41.197929], [46.379828, 41.197884], [46.380046, 41.197766], [46.380113, 41.197723], [46.380337, 41.197661], [46.380595, 41.197564], [46.380671, 41.197452], [46.380612, 41.197325], [46.380664, 41.19712], [46.380765, 41.197093], [46.38089, 41.197143], [46.380982, 41.197201], [46.381095, 41.197208], [46.38124, 41.197138], [46.381342, 41.197146], [46.381489, 41.197178], [46.381586, 41.196964], [46.381517, 41.196879], [46.381514, 41.19676], [46.381614, 41.196699], [46.381647, 41.196622], [46.381599, 41.19652], [46.381497, 41.196462], [46.381374, 41.196532], [46.381149, 41.196543], [46.381024, 41.196502], [46.38093, 41.196367], [46.381233, 41.196252], [46.38122, 41.196167], [46.381228, 41.196048], [46.381316, 41.19591], [46.38137, 41.195799], [46.381468, 41.195644], [46.381693, 41.19559], [46.381688, 41.195386], [46.381618, 41.195276], [46.381731, 41.195275], [46.38191, 41.195187], [46.381964, 41.195067], [46.382086, 41.194989], [46.382129, 41.194895], [46.38223, 41.194834], [46.382478, 41.194848], [46.382624, 41.194795], [46.382712, 41.1947], [46.382654, 41.194616], [46.382741, 41.194496], [46.382931, 41.194399], [46.383157, 41.194397], [46.383268, 41.19431], [46.383315, 41.194202], [46.383279, 41.193731], [46.383331, 41.193584], [46.383842, 41.193166], [46.383906, 41.192971], [46.384031, 41.192945], [46.3842, 41.19284], [46.384307, 41.19271], [46.384245, 41.192499], [46.384141, 41.192332], [46.384102, 41.192145], [46.384473, 41.191999], [46.384649, 41.191899], [46.38491, 41.191879], [46.385034, 41.19175], [46.385188, 41.191697], [46.3853, 41.191513], [46.385715, 41.191408], [46.385888, 41.191211], [46.386726, 41.190999], [46.386837, 41.19084], [46.38681, 41.190517], [46.386839, 41.190346], [46.38751, 41.190006], [46.387601, 41.189877], [46.387395, 41.189721], [46.387127, 41.189102], [46.388061, 41.18931], [46.388751, 41.189533], [46.3893, 41.189673], [46.391428, 41.190076], [46.391943, 41.189852], [46.393162, 41.189868], [46.394035, 41.190235], [46.39456, 41.19027], [46.394915, 41.190411], [46.39578, 41.190588], [46.396, 41.190339], [46.395781, 41.190111], [46.395122, 41.189889], [46.39481, 41.18971], [46.395058, 41.18947], [46.395358, 41.189375], [46.395755, 41.189288], [46.396045, 41.189303], [46.396236, 41.189237], [46.396087, 41.189047], [46.395769, 41.188832], [46.395766, 41.188668], [46.396004, 41.188519], [46.396163, 41.188349], [46.396578, 41.187997], [46.396724, 41.188032], [46.396934, 41.188275], [46.3971, 41.18818], [46.397271, 41.188235], [46.397376, 41.188069], [46.397253, 41.187943], [46.397191, 41.187844], [46.397331, 41.18765], [46.397809, 41.187389], [46.397804, 41.187189], [46.397679, 41.186971], [46.39741, 41.186829], [46.39731, 41.186629], [46.39746, 41.186318], [46.397609, 41.18596], [46.397687, 41.185371], [46.39778, 41.185178], [46.398055, 41.185066], [46.398368, 41.185021], [46.398226, 41.185155], [46.398108, 41.185302], [46.398208, 41.185456], [46.398486, 41.185462], [46.398881, 41.18532], [46.399079, 41.184989], [46.399095, 41.184597], [46.399295, 41.184358], [46.399688, 41.184116], [46.399875, 41.183794], [46.400111, 41.183545], [46.400517, 41.183358], [46.400699, 41.183419], [46.400859, 41.183527], [46.400968, 41.183377], [46.401105, 41.183214], [46.401101, 41.182995], [46.401132, 41.182758], [46.401507, 41.182493], [46.401696, 41.182299], [46.401787, 41.182079], [46.401941, 41.181904], [46.402107, 41.181793], [46.402296, 41.181599], [46.402293, 41.181435], [46.402401, 41.181243], [46.402469, 41.181232], [46.402721, 41.181129], [46.40308, 41.181006], [46.403453, 41.180956], [46.403824, 41.180805], [46.404122, 41.18061], [46.40459, 41.180199], [46.404575, 41.18008], [46.404578, 41.179652], [46.404548, 41.179379], [46.404376, 41.179253], [46.404059, 41.179102], [46.404127, 41.178873], [46.40422, 41.178708], [46.404241, 41.178543], [46.404117, 41.178399], [46.403837, 41.178302], [46.403988, 41.178008], [46.404119, 41.177925], [46.40437, 41.177812], [46.404534, 41.177591], [46.40513, 41.177238], [46.405285, 41.177135], [46.405618, 41.17694], [46.406012, 41.176725], [46.406249, 41.176531], [46.40662, 41.176371], [46.40683, 41.176319], [46.406924, 41.176217], [46.40708, 41.17617], [46.407174, 41.17605], [46.407295, 41.176067], [46.407357, 41.176139], [46.407392, 41.176084], [46.407546, 41.175936], [46.407655, 41.175962], [46.407756, 41.176152], [46.407926, 41.176196], [46.408067, 41.17603], [46.408295, 41.175973], [46.408462, 41.175861], [46.408495, 41.175733], [46.408469, 41.175642], [46.408552, 41.175577], [46.408441, 41.175469], [46.408474, 41.175332], [46.408615, 41.175148], [46.408443, 41.174986], [46.408573, 41.174875], [46.408743, 41.174927], [46.408921, 41.174761], [46.409052, 41.174687], [46.409112, 41.174677], [46.409314, 41.174547], [46.409396, 41.174391], [46.40951, 41.174079], [46.409636, 41.173861], [46.410336, 41.173367], [46.412119, 41.172356], [46.415567, 41.17096], [46.416788, 41.169657], [46.41778, 41.167595], [46.421157, 41.165941], [46.42326, 41.165575], [46.425013, 41.165249], [46.426766, 41.162517], [46.427845, 41.15997], [46.4285138, 41.1592163], [46.429348, 41.158276], [46.431886, 41.156346], [46.436006, 41.155843], [46.437188, 41.153986], [46.438434, 41.153511], [46.439533, 41.153599], [46.439934, 41.153574], [46.440584, 41.153408], [46.440975, 41.153151], [46.441065, 41.152896], [46.441203, 41.152755], [46.441635, 41.152734], [46.442072, 41.152458], [46.442218, 41.152078], [46.442213, 41.152055], [46.441965, 41.151817], [46.442169, 41.151594], [46.442644, 41.151251], [46.442962, 41.151294], [46.443055, 41.151601], [46.443333, 41.151881], [46.443642, 41.152229], [46.443801, 41.152524], [46.443826, 41.152549], [46.444184, 41.152918], [46.444343, 41.153009], [46.444968, 41.153373], [46.445423, 41.153804], [46.445557, 41.154105], [46.445637, 41.154353], [46.445876, 41.154737], [46.446069, 41.154896], [46.446365, 41.154902], [46.446828, 41.154949], [46.446869, 41.154945], [46.447322, 41.155088], [46.44728, 41.15471], [46.447375, 41.154543], [46.447688, 41.154343], [46.447848, 41.154131], [46.447748, 41.15388], [46.447439, 41.153526], [46.447256, 41.153254], [46.447349, 41.15299], [46.447036, 41.152406], [46.446737, 41.152128], [46.446248, 41.151984], [46.44584, 41.151778], [46.445782, 41.151422], [46.445784, 41.151243], [46.445959, 41.151214], [46.446615, 41.151246], [46.447511, 41.151562], [46.447683, 41.151488], [46.447769, 41.151288], [46.447859, 41.151097], [46.447912, 41.150886], [46.447843, 41.15071], [46.448154, 41.150279], [46.448285, 41.150039], [46.448403, 41.149792], [46.448721, 41.149464], [46.449949, 41.149344], [46.449804, 41.149052], [46.449859, 41.148548], [46.450024, 41.148198], [46.449747, 41.148145], [46.449525, 41.147994], [46.449495, 41.147758], [46.449152, 41.147246], [46.449348, 41.14688], [46.449543, 41.146728], [46.449848, 41.146587], [46.450009, 41.14642], [46.450417, 41.146202], [46.45104, 41.145711], [46.451157, 41.145425], [46.451384, 41.145245], [46.451584, 41.145167], [46.45178, 41.144885], [46.451815, 41.144601], [46.451934, 41.144395], [46.451974, 41.144193], [46.4521, 41.144104], [46.452113, 41.143948], [46.452125, 41.143923], [46.452291, 41.143803], [46.452384, 41.143696], [46.452586, 41.143902], [46.452749, 41.143812], [46.452761, 41.143639], [46.452838, 41.143399], [46.45298, 41.143307], [46.45298, 41.143086], [46.453133, 41.14295], [46.453138, 41.14281], [46.45306, 41.142429], [46.452723, 41.142287], [46.45223, 41.142147], [46.452454, 41.142048], [46.452919, 41.141911], [46.453147, 41.142089], [46.45353, 41.142277], [46.453798, 41.142467], [46.454, 41.142663], [46.454109, 41.142768], [46.454354, 41.142839], [46.454658, 41.142976], [46.454863, 41.143138], [46.455169, 41.143385], [46.455461, 41.143724], [46.45566, 41.143976], [46.455946, 41.144248], [46.456353, 41.144589], [46.456727, 41.144746], [46.457654, 41.145382], [46.456632, 41.143807], [46.456538, 41.143637], [46.456665, 41.143369], [46.457026, 41.142987], [46.45703, 41.142774], [46.456897, 41.142569], [46.456947, 41.142325], [46.457002, 41.142252], [46.457214, 41.14219], [46.457257, 41.141756], [46.45728, 41.141737], [46.457492, 41.141862], [46.457792, 41.141962], [46.457872, 41.141943], [46.457992, 41.141923], [46.458338, 41.1419], [46.458716, 41.14192], [46.459098, 41.142085], [46.459324, 41.142119], [46.45968, 41.142218], [46.460059, 41.142268], [46.460251, 41.142235], [46.460283, 41.142186], [46.460313, 41.142106], [46.460277, 41.141937], [46.460305, 41.141766], [46.459829, 41.141687], [46.45981, 41.141553], [46.459872, 41.141443], [46.460034, 41.141484], [46.459997, 41.14129], [46.460011, 41.141174], [46.460144, 41.141026], [46.460119, 41.140984], [46.459843, 41.140878], [46.459826, 41.14083], [46.459792, 41.140757], [46.459572, 41.140602], [46.459353, 41.140532], [46.459158, 41.140431], [46.459115, 41.14031], [46.459345, 41.140149], [46.459228, 41.13998], [46.459293, 41.139651], [46.459356, 41.139601], [46.459555, 41.139489], [46.459882, 41.139363], [46.460211, 41.139341], [46.460276, 41.139364], [46.460431, 41.139448], [46.460537, 41.139525], [46.460755, 41.139535], [46.461049, 41.139385], [46.461247, 41.139267], [46.461395, 41.139019], [46.461501, 41.138714], [46.461541, 41.13836], [46.461505, 41.138191], [46.461405, 41.138034], [46.461618, 41.137855], [46.461892, 41.137851], [46.462239, 41.137926], [46.46244, 41.137929], [46.462574, 41.137794], [46.462466, 41.137649], [46.462167, 41.137562], [46.462026, 41.137387], [46.461765, 41.137239], [46.461547, 41.137199], [46.461246, 41.13702], [46.460858, 41.13673], [46.461283, 41.136886], [46.461805, 41.136858], [46.462575, 41.136757], [46.46275, 41.136645], [46.46285, 41.13645], [46.462946, 41.136071], [46.463094, 41.135863], [46.463267, 41.135672], [46.463233, 41.135593], [46.463577, 41.135498], [46.463462, 41.134851], [46.464201, 41.134626], [46.471517, 41.131685], [46.473606, 41.125422], [46.47922, 41.116083], [46.488858, 41.110322], [46.48942, 41.108936], [46.489709, 41.106969], [46.489878, 41.106623], [46.491569, 41.107394], [46.491983, 41.106939], [46.49216, 41.107012], [46.492502, 41.107112], [46.492879, 41.107036], [46.493166, 41.106728], [46.493604, 41.106667], [46.493609, 41.106666], [46.493613, 41.106671], [46.493808, 41.106913], [46.493967, 41.107227], [46.494319, 41.107655], [46.494939, 41.108136], [46.495276, 41.1084892], [46.495563, 41.10879], [46.495858, 41.10924], [46.496946, 41.109348], [46.497273, 41.109672], [46.498035, 41.109122], [46.498113, 41.109046], [46.4983625, 41.1089043], [46.50038, 41.107762], [46.503105, 41.106218], [46.512137, 41.101091], [46.521837, 41.09729], [46.530132, 41.094003], [46.538607, 41.103677], [46.542673, 41.108954], [46.544936, 41.11194], [46.549353, 41.115934], [46.553774, 41.115517], [46.556375, 41.11528], [46.5563755, 41.11528], [46.558682, 41.11507], [46.563515, 41.114629], [46.581058, 41.113027], [46.58097, 41.11202], [46.581071, 41.111424], [46.582153, 41.111193], [46.582736, 41.111185], [46.583553, 41.111174], [46.584468, 41.110411], [46.58498, 41.109874], [46.585496, 41.110536], [46.581275, 41.120224], [46.579953, 41.126682], [46.580904, 41.130587], [46.582949, 41.13412], [46.582897, 41.135049], [46.583015, 41.135104], [46.583228, 41.135202], [46.583743, 41.135346], [46.584335, 41.135512], [46.584524, 41.135682], [46.584597, 41.135746], [46.584777, 41.135834], [46.585002, 41.135876], [46.585294, 41.136119], [46.585909, 41.136453], [46.586395, 41.136852], [46.586541, 41.137022], [46.586616, 41.13711], [46.587249, 41.137669], [46.591193, 41.141255], [46.591194, 41.141291], [46.591619, 41.142008], [46.591617, 41.142431], [46.591887, 41.142743], [46.591849, 41.14314], [46.592055, 41.14329], [46.592224, 41.143396], [46.59231, 41.143494], [46.592315, 41.143692], [46.592283, 41.143845], [46.592384, 41.144114], [46.592751, 41.144487], [46.592913, 41.1448], [46.592745, 41.145244], [46.592502, 41.145535], [46.592266, 41.145602], [46.592015, 41.145605], [46.591873, 41.145573], [46.591716, 41.145537], [46.591522, 41.145387], [46.591363, 41.145227], [46.591125, 41.145239], [46.590757, 41.145316], [46.590615, 41.145327], [46.590349, 41.145196], [46.590195, 41.145106], [46.590047, 41.14502], [46.589901, 41.144896], [46.5899, 41.144845], [46.589899, 41.144797], [46.589898, 41.144766], [46.589897, 41.144725], [46.589801, 41.144699], [46.589586, 41.144675], [46.589383, 41.144651], [46.589262, 41.14458], [46.589093, 41.144457], [46.588949, 41.144441], [46.588747, 41.144443], [46.588436, 41.144421], [46.588244, 41.144333], [46.587979, 41.144247], [46.587728, 41.144205], [46.587498, 41.144028], [46.587338, 41.143814], [46.587228, 41.143726], [46.58706, 41.143674], [46.586959, 41.14362], [46.586734, 41.143498], [46.586468, 41.143331], [46.586311, 41.143225], [46.586041, 41.142896], [46.585726, 41.142711], [46.585375, 41.142472], [46.585316, 41.142473], [46.584989, 41.143665], [46.584976, 41.143712], [46.584778, 41.144894], [46.584946, 41.145414], [46.585699, 41.14603], [46.586228, 41.146707], [46.586304, 41.146937], [46.586433, 41.147326], [46.586279, 41.148319], [46.586333, 41.148602], [46.586797, 41.149073], [46.58682, 41.149191], [46.586852, 41.149351], [46.586819, 41.149505], [46.586715, 41.149614], [46.586586, 41.149697], [46.586147, 41.149757], [46.586146, 41.149757], [46.585754, 41.149771], [46.585623, 41.1498], [46.585606, 41.149862], [46.585601, 41.149882], [46.585652, 41.149998], [46.585834, 41.15014], [46.585968, 41.150246], [46.58601, 41.150256], [46.586039, 41.150263], [46.58608, 41.150258], [46.586123, 41.150253], [46.5862796, 41.1501782], [46.586358, 41.150141], [46.586477, 41.15014], [46.586562, 41.150175], [46.586582, 41.150228], [46.5866, 41.150273], [46.586601, 41.1503288], [46.586601, 41.150336], [46.586575, 41.150356], [46.586543, 41.150382], [46.586176, 41.150486], [46.586077, 41.150519], [46.585951, 41.150561], [46.585918, 41.150643], [46.585991, 41.150714], [46.5861, 41.150793], [46.58614, 41.150968], [46.586131, 41.151095], [46.585791, 41.151333], [46.585791, 41.151334], [46.585734, 41.151433], [46.585796, 41.151532], [46.585787, 41.15164], [46.585752, 41.151694], [46.585659, 41.151795], [46.585638, 41.151903], [46.58563, 41.152047], [46.585584, 41.152147], [46.585491, 41.152229], [46.585313, 41.152277], [46.58529, 41.152272], [46.58505, 41.152226], [46.58492, 41.152255], [46.584839, 41.152355], [46.584784, 41.152545], [46.58482, 41.152588], [46.584882, 41.152661], [46.58494, 41.152675], [46.58499, 41.152686], [46.585073, 41.152694], [46.585204, 41.152684], [46.585323, 41.152673], [46.585395, 41.152699], [46.585432, 41.152743], [46.585433, 41.152772], [46.585433, 41.152806], [46.584998, 41.153033], [46.584716, 41.153181], [46.584635, 41.153299], [46.584637, 41.153389], [46.58471, 41.153424], [46.584744, 41.153427], [46.584805, 41.153432], [46.584983, 41.153412], [46.585162, 41.153418], [46.585283, 41.15347], [46.585416, 41.15372], [46.585417, 41.15372], [46.585665, 41.154024], [46.585656, 41.154114], [46.585728, 41.15414], [46.585858, 41.154111], [46.58586, 41.154111], [46.586025, 41.154087], [46.586131, 41.154071], [46.586358, 41.154095], [46.586551, 41.154165], [46.586693, 41.15424], [46.586816, 41.154305], [46.586696, 41.15481], [46.586621, 41.155127], [46.585511, 41.156993], [46.584661, 41.157875], [46.583406, 41.159179], [46.581453, 41.163709], [46.581012, 41.164732], [46.579613, 41.167973], [46.579605, 41.16799], [46.579678, 41.168346], [46.579171, 41.169164], [46.579183, 41.169292], [46.579317, 41.169355], [46.579666, 41.169364], [46.579719, 41.169391], [46.579762, 41.169413], [46.579773, 41.169491], [46.579699, 41.169563], [46.579319, 41.169818], [46.579321, 41.169918], [46.579542, 41.170485], [46.579436, 41.17089], [46.579335, 41.171279], [46.579462, 41.171462], [46.579559, 41.17156], [46.579559, 41.171561], [46.579601, 41.171745], [46.579133, 41.172315], [46.579136, 41.172436], [46.579165, 41.172466], [46.579195, 41.172499], [46.579384, 41.172518], [46.579638, 41.172529], [46.579752, 41.172529], [46.579837, 41.172529], [46.580229, 41.172766], [46.580713, 41.173294], [46.580748, 41.17355], [46.580864, 41.173698], [46.581378, 41.173898], [46.581695, 41.174107], [46.582085, 41.174251], [46.582375, 41.174547], [46.582622, 41.174622], [46.582876, 41.17459], [46.583295, 41.174399], [46.583568, 41.174352], [46.583869, 41.17432], [46.584196, 41.174215], [46.584327, 41.174167], [46.584369, 41.174178], [46.584403, 41.174188], [46.584489, 41.174236], [46.584525, 41.174236], [46.584555, 41.174235], [46.58457, 41.174226], [46.584616, 41.174197], [46.584648, 41.174177], [46.584683, 41.174157], [46.584723, 41.174133], [46.584751, 41.174133], [46.584789, 41.174139], [46.584809, 41.174182], [46.584829, 41.174232], [46.584664, 41.174847], [46.584663, 41.175174], [46.584907, 41.175542], [46.584919, 41.176033], [46.584776, 41.176334], [46.584749, 41.176392], [46.584756, 41.176481], [46.584762, 41.17657], [46.584837, 41.176734], [46.584892, 41.176857], [46.585038, 41.177026], [46.5851, 41.17726], [46.585085, 41.177445], [46.584903, 41.177683], [46.584875, 41.177719], [46.584876, 41.177769], [46.584915, 41.177818], [46.585089, 41.17798], [46.585114, 41.178257], [46.58505, 41.178337], [46.584864, 41.178439], [46.584819, 41.178511], [46.584839, 41.178553], [46.584887, 41.178595], [46.58503, 41.178665], [46.585126, 41.17872], [46.585131, 41.178738], [46.585136, 41.178756], [46.585146, 41.178799], [46.585128, 41.178827], [46.584979, 41.178886], [46.584885, 41.17893], [46.584859, 41.178995], [46.584869, 41.179045], [46.584959, 41.179082], [46.584993, 41.179096], [46.585211, 41.17915], [46.585231, 41.17917], [46.58526, 41.1792], [46.585187, 41.1793], [46.585188, 41.179364], [46.585274, 41.179406], [46.585701, 41.179493], [46.585989, 41.17971], [46.586237, 41.179835], [46.586483, 41.17986], [46.586559, 41.179873], [46.586607, 41.179908], [46.586608, 41.179972], [46.58661, 41.180029], [46.586648, 41.180064], [46.586677, 41.180085], [46.586944, 41.180028], [46.586996, 41.180017], [46.58725, 41.179992], [46.587661, 41.179836], [46.58795, 41.179676], [46.588312, 41.17945], [46.589191, 41.179145], [46.589604, 41.179026], [46.590024, 41.17886], [46.590093, 41.178805], [46.590209, 41.178714], [46.590319, 41.178592], [46.590427, 41.178348], [46.59055, 41.178262], [46.590668, 41.178181], [46.590693, 41.178052], [46.59085, 41.177922], [46.591045, 41.177805], [46.591053, 41.177776], [46.591054, 41.177773], [46.59108, 41.177676], [46.591113, 41.177662], [46.591183, 41.177632], [46.591389, 41.177586], [46.591761, 41.177346], [46.592089, 41.1769], [46.592348, 41.176682], [46.592487, 41.176567], [46.592937, 41.176446], [46.593215, 41.176261], [46.593445, 41.176022], [46.593499, 41.175929], [46.593497, 41.175844], [46.593391, 41.175745], [46.593361, 41.175682], [46.593359, 41.175596], [46.593363, 41.175588], [46.593404, 41.175503], [46.593581, 41.175429], [46.593655, 41.175357], [46.593641, 41.175317], [46.593615, 41.175243], [46.593651, 41.175164], [46.593763, 41.175134], [46.594084, 41.175158], [46.594424, 41.175189], [46.594708, 41.175221], [46.594934, 41.175211], [46.595298, 41.175028], [46.59564, 41.174766], [46.5957, 41.174642], [46.5957, 41.174641], [46.595711, 41.174619], [46.595757, 41.174522], [46.595803, 41.174458], [46.595924, 41.174406], [46.596251, 41.174302], [46.59635, 41.174239], [46.596446, 41.174178], [46.596594, 41.17403], [46.596645, 41.173416], [46.596613, 41.172868], [46.596559, 41.172591], [46.597508, 41.163741], [46.598915, 41.161973], [46.601682, 41.158495], [46.602559, 41.157808], [46.604212, 41.156511], [46.605603, 41.155423], [46.608802, 41.152921], [46.60898, 41.152826], [46.609529, 41.152536], [46.610528, 41.151983], [46.611526, 41.15136], [46.612795, 41.150542], [46.614664, 41.14982], [46.61482, 41.149711], [46.615072, 41.149536], [46.615248, 41.14922], [46.615306, 41.148767], [46.614742, 41.148288], [46.614191, 41.147426], [46.61408, 41.147011], [46.614014, 41.146767], [46.614186, 41.146278], [46.614592, 41.145924], [46.615379, 41.145732], [46.615786, 41.145824], [46.616084, 41.145945], [46.616231, 41.145957], [46.617116, 41.145248], [46.617531, 41.144922], [46.61767, 41.144559], [46.618177, 41.144231], [46.618615, 41.144086], [46.618979, 41.143914], [46.619492, 41.143809], [46.61955, 41.143821], [46.619825, 41.143874], [46.620067, 41.143954], [46.620179, 41.143953], [46.62038, 41.14395], [46.621107, 41.143592], [46.621668, 41.143194], [46.622348, 41.143122], [46.622519, 41.143089], [46.622732, 41.143047], [46.623747, 41.142392], [46.624057, 41.142263], [46.624403, 41.142091], [46.624658, 41.141882], [46.624818, 41.141751], [46.62503, 41.141386], [46.625608, 41.140947], [46.625984, 41.140524], [46.626601, 41.140167], [46.627224, 41.139309], [46.627636, 41.138816], [46.627978, 41.138526], [46.628144, 41.138524], [46.628402, 41.13852], [46.628536, 41.138541], [46.628642, 41.138558], [46.628752, 41.138557], [46.628879, 41.138458], [46.629294, 41.138118], [46.629422, 41.138102], [46.629521, 41.138101], [46.62968, 41.138098], [46.630049, 41.138149], [46.630082, 41.138144], [46.630245, 41.138118], [46.630434, 41.138088], [46.631324, 41.137602], [46.631442, 41.137591], [46.631508, 41.137585], [46.631742, 41.137865], [46.631831, 41.137971], [46.632193, 41.138242], [46.632506, 41.138476], [46.633135, 41.137841], [46.633237, 41.136016], [46.633228, 41.135883], [46.633207, 41.135571], [46.63447, 41.134537], [46.634202, 41.134109], [46.630648, 41.136317], [46.627515, 41.136932], [46.626164, 41.136617], [46.625742, 41.135955], [46.625939, 41.135258], [46.626132, 41.134572], [46.625567, 41.133228], [46.624489, 41.130663], [46.624034, 41.130266], [46.624023, 41.129695], [46.623443, 41.1293], [46.623385, 41.129203], [46.623362, 41.129009], [46.623477, 41.128883], [46.623639, 41.128881], [46.623863, 41.129011], [46.624038, 41.128951], [46.624102, 41.128935], [46.624257, 41.128895], [46.623237, 41.127506], [46.622571, 41.125005], [46.621429, 41.123456], [46.621409, 41.123262], [46.621493, 41.1207], [46.620948, 41.120408], [46.619912, 41.119853], [46.617558, 41.11933], [46.615954, 41.118155], [46.613966, 41.117537], [46.617278, 41.116923], [46.62021, 41.117004], [46.623386, 41.116225], [46.626121, 41.116704], [46.626413, 41.11664], [46.626871, 41.11654], [46.627416, 41.116421], [46.628021, 41.116323], [46.628477, 41.11625], [46.628999, 41.116014], [46.629228, 41.115761], [46.629283, 41.115704], [46.629396, 41.115695], [46.629465, 41.115808], [46.629512, 41.115814], [46.62954, 41.115793], [46.629575, 41.115707], [46.629604, 41.115706], [46.62968, 41.115741], [46.629728, 41.115769], [46.629746, 41.115771], [46.629775, 41.115775], [46.629886, 41.115688], [46.629984, 41.115487], [46.630236, 41.115355], [46.630329, 41.115358], [46.630415, 41.11536], [46.630482, 41.115409], [46.630497, 41.115529], [46.630527, 41.115578], [46.630547, 41.11561], [46.63059, 41.115623], [46.63062, 41.115623], [46.630691, 41.115576], [46.630744, 41.115551], [46.630781, 41.115534], [46.630859, 41.115528], [46.630944, 41.115564], [46.631011, 41.115595], [46.631072, 41.115612], [46.631126, 41.115611], [46.631174, 41.115597], [46.631246, 41.115568], [46.631277, 41.115561], [46.631324, 41.115549], [46.631457, 41.115575], [46.631659, 41.11569], [46.631732, 41.115744], [46.631745, 41.115742], [46.631763, 41.115739], [46.631822, 41.115702], [46.631904, 41.115618], [46.631982, 41.115604], [46.632043, 41.115607], [46.63211, 41.115634], [46.632183, 41.115669], [46.632224, 41.115669], [46.632255, 41.115668], [46.632315, 41.115649], [46.632397, 41.115566], [46.632412, 41.115424], [46.632416, 41.115356], [46.632452, 41.115328], [46.632488, 41.115323], [46.63253, 41.115322], [46.632561, 41.115345], [46.632693, 41.115557], [46.632772, 41.115574], [46.633263, 41.11544], [46.633389, 41.115438], [46.63348, 41.11545], [46.633596, 41.115517], [46.633678, 41.115591], [46.633843, 41.115741], [46.634044, 41.115816], [46.634249, 41.115825], [46.634321, 41.115814], [46.634339, 41.115796], [46.634362, 41.115745], [46.634322, 41.115609], [46.634345, 41.11555], [46.634428, 41.115507], [46.63453, 41.115483], [46.634536, 41.115475], [46.634571, 41.115432], [46.634599, 41.115359], [46.634647, 41.115313], [46.634706, 41.115289], [46.634761, 41.115293], [46.634783, 41.115309], [46.634797, 41.11532], [46.634811, 41.11537], [46.634812, 41.115429], [46.634813, 41.115452], [46.634862, 41.115506], [46.634917, 41.115528], [46.635002, 41.115527], [46.635098, 41.115512], [46.635182, 41.115506], [46.635219, 41.115533], [46.635245, 41.115601], [46.635294, 41.11565], [46.635336, 41.11565], [46.635503, 41.115565], [46.635736, 41.115243], [46.635802, 41.115228], [46.635947, 41.115221], [46.636007, 41.115198], [46.63605, 41.115019], [46.636131, 41.114881], [46.636128, 41.114503], [46.636161, 41.114393], [46.636203, 41.114356], [46.636263, 41.114355], [46.636385, 41.11439], [46.636456, 41.114462], [46.636589, 41.114596], [46.636589, 41.114597], [46.636606, 41.114797], [46.636631, 41.114815], [46.636661, 41.114837], [46.636711, 41.114836], [46.636745, 41.114836], [46.637043, 41.114764], [46.637123, 41.114744], [46.637152, 41.114712], [46.637146, 41.11468], [46.637005, 41.1146], [46.636632, 41.114404], [46.636613, 41.114364], [46.636678, 41.114326], [46.636798, 41.11427], [46.63687, 41.114255], [46.636973, 41.114281], [46.637083, 41.114348], [46.637167, 41.11434], [46.637197, 41.114321], [46.637208, 41.114271], [46.637133, 41.114158], [46.636989, 41.113973], [46.636988, 41.113923], [46.637052, 41.113817], [46.637195, 41.11376], [46.63732, 41.113717], [46.637416, 41.113684], [46.63751, 41.113582], [46.637582, 41.113559], [46.637582, 41.113558], [46.637682, 41.113611], [46.637735, 41.113638], [46.637795, 41.113658], [46.637869, 41.113682], [46.637958, 41.113663], [46.63803, 41.113616], [46.638119, 41.113578], [46.638186, 41.113555], [46.638215, 41.113545], [46.638266, 41.113538], [46.638323, 41.11353], [46.638421, 41.113527], [46.638521, 41.113523], [46.638549, 41.11339], [46.638541, 41.113335], [46.638474, 41.113286], [46.638395, 41.113273], [46.63824, 41.113335], [46.638137, 41.113341], [46.638083, 41.113328], [46.638034, 41.113301], [46.638027, 41.113265], [46.638026, 41.113233], [46.638095, 41.113095], [46.638103, 41.113073], [46.638112, 41.113047], [46.638093, 41.113015], [46.63804, 41.112965], [46.637994, 41.112921], [46.637961, 41.112789], [46.637954, 41.112752], [46.637947, 41.112716], [46.637953, 41.112687], [46.637958, 41.112666], [46.637994, 41.112647], [46.638048, 41.112651], [46.638109, 41.112678], [46.638163, 41.112663], [46.638192, 41.112626], [46.638251, 41.112566], [46.638293, 41.112556], [46.638341, 41.112574], [46.638482, 41.112659], [46.638499, 41.112661], [46.63852, 41.112664], [46.638549, 41.112671], [46.638609, 41.112671], [46.638645, 41.112661], [46.638686, 41.112624], [46.638773, 41.112481], [46.638828, 41.112455], [46.638982, 41.112382], [46.639098, 41.112329], [46.639244, 41.112262], [46.639242, 41.112244], [46.639237, 41.112208], [46.639075, 41.112108], [46.638906, 41.112003], [46.638761, 41.111976], [46.638652, 41.111956], [46.638559, 41.111962], [46.638477, 41.111968], [46.638349, 41.111901], [46.638255, 41.111747], [46.638229, 41.111652], [46.638195, 41.111529], [46.638199, 41.111394], [46.638201, 41.111301], [46.638242, 41.111237], [46.63838, 41.111198], [46.63847, 41.111211], [46.638572, 41.111182], [46.638674, 41.111144], [46.638821, 41.111001], [46.638933, 41.110912], [46.639035, 41.110879], [46.639083, 41.110883], [46.639133, 41.110923], [46.63917, 41.110968], [46.639243, 41.110985], [46.639338, 41.110952], [46.639344, 41.110947], [46.639533, 41.110781], [46.6397, 41.110705], [46.63982, 41.110694], [46.639952, 41.110656], [46.640065, 41.110595], [46.640105, 41.110546], [46.640141, 41.110501], [46.640109, 41.110405], [46.64007, 41.110324], [46.64007, 41.110292], [46.640087, 41.110246], [46.640122, 41.110223], [46.640188, 41.110213], [46.640267, 41.110248], [46.640347, 41.110274], [46.640412, 41.11026], [46.640593, 41.110143], [46.641247, 41.109759], [46.641773, 41.109451], [46.64248, 41.110357], [46.643525, 41.110756], [46.645266, 41.110834], [46.647466, 41.110522], [46.648681, 41.110682], [46.649235, 41.110955], [46.649818, 41.111597], [46.650104, 41.11211], [46.650055, 41.11248], [46.649871, 41.112933], [46.649227, 41.11377], [46.647604, 41.116054], [46.646081, 41.117635], [46.6456, 41.118735], [46.645437, 41.119255], [46.645389, 41.119669], [46.645499, 41.120185], [46.64601, 41.121079], [46.646769, 41.121741], [46.648765, 41.122613], [46.651682, 41.123606], [46.652587, 41.123844], [46.653084, 41.124177], [46.653387, 41.124572], [46.653428, 41.125428], [46.653201, 41.127271], [46.653239, 41.128009], [46.653445, 41.12845], [46.654104, 41.129002], [46.655035, 41.129491], [46.656352, 41.12979], [46.658547, 41.130024], [46.659259, 41.130368], [46.659618, 41.130644], [46.65974, 41.130834], [46.659745, 41.131026], [46.659711, 41.131234], [46.659292, 41.131683], [46.658605, 41.132328], [46.657313, 41.133042], [46.655904, 41.133727], [46.654641, 41.134809], [46.654, 41.135756], [46.653673, 41.136736], [46.653672, 41.137461], [46.653896, 41.137856], [46.654475, 41.138336], [46.654927, 41.139216], [46.655216, 41.139817], [46.655223, 41.140069], [46.655194, 41.140468], [46.655242, 41.140837], [46.656479, 41.143398], [46.656903, 41.144707], [46.656893, 41.145069], [46.656613, 41.146403], [46.656567, 41.14845], [46.656588, 41.148893], [46.656651, 41.150207], [46.656653, 41.151094], [46.65658, 41.152056], [46.656262, 41.152636], [46.655019, 41.153755], [46.653669, 41.154469], [46.652749, 41.155206], [46.652258, 41.155908], [46.652148, 41.15619], [46.652136, 41.156501], [46.652327, 41.158663], [46.652975, 41.160309], [46.65376, 41.161213], [46.654239, 41.161591], [46.654754, 41.161849], [46.655055, 41.162155], [46.655243, 41.162655], [46.655436, 41.163332], [46.655416, 41.164079], [46.655382, 41.164286], [46.653747, 41.166895], [46.653715, 41.167177], [46.65376, 41.167412], [46.653922, 41.167661], [46.654201, 41.167864], [46.654419, 41.167979], [46.654733, 41.168034], [46.65632, 41.168137], [46.658045, 41.168289], [46.659894, 41.168735], [46.661635, 41.169508], [46.6631, 41.170211], [46.665245, 41.170757], [46.665977, 41.171086], [46.666411, 41.171257], [46.666632, 41.171475], [46.666718, 41.171784], [46.666592, 41.172215], [46.666148, 41.172743], [46.665254, 41.173288], [46.663248, 41.174369], [46.662237, 41.175223], [46.661883, 41.176091], [46.661693, 41.17662], [46.661775, 41.177399], [46.662359, 41.180694], [46.662854, 41.181668], [46.66363, 41.182662], [46.664571, 41.183381], [46.66652, 41.184329], [46.667201, 41.18465], [46.667973, 41.184875], [46.668148, 41.184979], [46.668311, 41.185236], [46.668352, 41.185614], [46.668722, 41.186614], [46.66915, 41.18747], [46.669197, 41.188681], [46.668951, 41.189477], [46.668558, 41.190027], [46.668008, 41.190543], [46.666939, 41.190972], [46.665818, 41.191225], [46.664833, 41.191245], [46.662796, 41.191156], [46.661237, 41.190753], [46.660514, 41.190657], [46.659999, 41.1907], [46.659563, 41.190765], [46.659128, 41.190925], [46.658836, 41.19113], [46.65864, 41.191405], [46.658478, 41.191833], [46.658426, 41.192248], [46.658498, 41.192613], [46.659101, 41.194159], [46.660086, 41.196013], [46.660195, 41.19659], [46.660131, 41.197159], [46.659986, 41.197622], [46.659519, 41.198332], [46.658463, 41.199281], [46.657227, 41.200528], [46.657017, 41.200909], [46.656982, 41.201383], [46.657004, 41.202263], [46.657257, 41.202981], [46.658095, 41.203914], [46.661078, 41.206147], [46.661678, 41.206954], [46.662969, 41.209087], [46.663237, 41.209798], [46.663688, 41.211553], [46.664118, 41.213054], [46.664715, 41.213767], [46.665956, 41.214553], [46.667092, 41.214903], [46.66802, 41.215055], [46.668866, 41.215066], [46.669864, 41.214945], [46.670988, 41.214799], [46.671615, 41.214825], [46.672038, 41.214866], [46.672388, 41.215086], [46.672602, 41.215497], [46.672662, 41.21598], [46.672562, 41.216348], [46.672274, 41.216737], [46.671905, 41.21699], [46.671424, 41.217186], [46.670649, 41.21747], [46.669512, 41.217711], [46.66855, 41.218032], [46.667853, 41.218361], [46.667406, 41.218616], [46.667209, 41.218891], [46.667066, 41.219401], [46.667076, 41.219821], [46.667214, 41.220292], [46.667747, 41.220969], [46.66837, 41.221421], [46.669771, 41.221756], [46.67194, 41.222055], [46.672604, 41.222306], [46.674639, 41.223512], [46.675866, 41.224357], [46.676498, 41.225187], [46.677702, 41.226363], [46.677992, 41.226666], [46.678107, 41.226901], [46.678244, 41.227342], [46.67818, 41.227887], [46.677843, 41.228814], [46.677353, 41.229838], [46.677004, 41.230298], [46.676347, 41.230946], [46.676263, 41.231337], [46.67635, 41.231679], [46.67699, 41.232793], [46.677569, 41.233387], [46.677839, 41.233537], [46.678137, 41.233556], [46.678733, 41.233595], [46.67973, 41.233403], [46.681526, 41.232608], [46.684061, 41.231927], [46.685327, 41.231814], [46.686393, 41.231881], [46.687456, 41.231794], [46.68858, 41.231648], [46.689236, 41.231615], [46.689741, 41.231737], [46.690234, 41.232026], [46.690476, 41.232306], [46.690772, 41.232881], [46.690913, 41.233493], [46.69118, 41.234116], [46.691452, 41.234348], [46.691931, 41.234702], [46.692944, 41.235124], [46.695466, 41.235761], [46.696129, 41.235964], [46.69645, 41.236243], [46.69655, 41.23649], [46.696554, 41.236632], [46.696483, 41.23694], [46.696338, 41.237368], [46.695797, 41.238871], [46.69563, 41.239666], [46.695671, 41.240055], [46.695927, 41.240252], [46.696399, 41.240352], [46.69708, 41.240614], [46.698329, 41.241092], [46.699087, 41.241341], [46.699514, 41.241488], [46.699821, 41.24185], [46.699968, 41.242084], [46.700057, 41.242479], [46.700006, 41.242953], [46.699843, 41.243889], [46.699863, 41.244692], [46.700076, 41.245659], [46.700021, 41.246528], [46.699959, 41.247156], [46.699473, 41.248357], [46.699013, 41.249954], [46.698984, 41.250663], [46.699124, 41.251205], [46.699403, 41.251697], [46.699901, 41.252198], [46.700476, 41.252604], [46.701253, 41.252982], [46.70365, 41.253591], [46.706341, 41.254083], [46.706847, 41.254265], [46.707166, 41.254449], [46.707472, 41.254776], [46.707652, 41.25508], [46.707741, 41.255481], [46.707703, 41.255848], [46.707495, 41.256265], [46.707127, 41.256566], [46.706382, 41.256837], [46.705403, 41.257147], [46.702624, 41.257502], [46.699725, 41.258076], [46.698237, 41.258713], [46.697196, 41.259621], [46.696925, 41.260062], [46.696858, 41.260489], [46.697001, 41.261184], [46.6974, 41.262053], [46.697981, 41.262718], [46.698797, 41.263392], [46.69969, 41.263999], [46.700938, 41.264371], [46.702404, 41.264728], [46.704369, 41.264982], [46.705394, 41.265215], [46.706139, 41.265547], [46.706889, 41.26608], [46.707421, 41.266657], [46.707993, 41.266968], [46.708849, 41.267357], [46.709524, 41.267382], [46.710209, 41.26723], [46.711921, 41.266803], [46.712657, 41.26678], [46.713572, 41.267003], [46.714001, 41.267257], [46.714313, 41.267772], [46.71447, 41.268396], [46.714507, 41.269223], [46.714291, 41.269936], [46.713792, 41.270617], [46.712496, 41.271399], [46.711487, 41.271614], [46.708298, 41.272922], [46.707159, 41.273458], [46.704728, 41.27429], [46.703473, 41.274696], [46.700664, 41.275503], [46.698637, 41.276056], [46.694299, 41.277309], [46.692345, 41.278051], [46.689937, 41.278544], [46.689422, 41.278921], [46.687634, 41.279974], [46.686649, 41.280388], [46.685614, 41.280823], [46.68342, 41.281423], [46.681603, 41.282242], [46.681542, 41.282684], [46.680888, 41.282775], [46.680761, 41.285857], [46.680701, 41.2862], [46.680029, 41.28884], [46.680279, 41.290206], [46.680339, 41.293042], [46.680159, 41.294396], [46.680342, 41.296384], [46.679876, 41.298255], [46.679292, 41.299462], [46.679065, 41.299774], [46.678791, 41.300005], [46.678315, 41.300268], [46.677247, 41.300521], [46.676688, 41.300607], [46.676184, 41.300795], [46.675659, 41.301001], [46.674862, 41.300897], [46.674234, 41.300859], [46.674141, 41.300969], [46.67397, 41.301277], [46.673968, 41.30149], [46.674224, 41.302325], [46.674752, 41.302932], [46.674722, 41.30314], [46.674598, 41.303461], [46.674659, 41.304015], [46.674714, 41.304239], [46.674904, 41.30465], [46.674853, 41.305017], [46.674767, 41.305502], [46.674561, 41.306196], [46.674049, 41.306518], [46.673463, 41.306905], [46.673307, 41.307151], [46.673155, 41.307729], [46.671849, 41.308973], [46.671178, 41.309848], [46.670336, 41.310085], [46.670205, 41.310096], [46.669677, 41.310294], [46.669255, 41.310317], [46.669033, 41.310232], [46.668365, 41.30984], [46.667833, 41.308869], [46.666626, 41.308878], [46.666054, 41.308335], [46.665694, 41.308046], [46.665667, 41.307906], [46.665721, 41.307567], [46.665498, 41.307394], [46.66522, 41.307133], [46.664943, 41.306569], [46.6654, 41.306239], [46.665667, 41.30604], [46.665462, 41.30585], [46.665508, 41.305769], [46.665783, 41.305746], [46.665877, 41.305721], [46.665898, 41.305619], [46.665777, 41.30551], [46.665701, 41.305388], [46.665481, 41.305184], [46.665237, 41.304971], [46.664744, 41.304861], [46.664302, 41.304207], [46.663434, 41.303601], [46.66252, 41.303344], [46.6613, 41.303307], [46.66039, 41.30369], [46.659282, 41.304009], [46.658304, 41.304323], [46.658012, 41.304435], [46.657394, 41.304425], [46.656234, 41.304632], [46.655539, 41.304556], [46.654895, 41.304431], [46.654625, 41.304322], [46.65404, 41.304358], [46.653069, 41.304201], [46.652686, 41.304359], [46.652351, 41.304506], [46.652078, 41.304604], [46.651885, 41.304605], [46.651786, 41.304489], [46.651469, 41.304339], [46.651288, 41.304124], [46.651133, 41.303946], [46.650968, 41.303657], [46.650863, 41.303395], [46.650353, 41.303352], [46.65012, 41.303297], [46.649598, 41.30324], [46.649043, 41.303144], [46.648337, 41.302984], [46.647819, 41.302831], [46.647406, 41.302733], [46.64684, 41.301814], [46.645967, 41.300507], [46.643999, 41.297532], [46.643623, 41.296044], [46.643281, 41.295406], [46.643101, 41.295287], [46.642462, 41.295242], [46.641556, 41.295205], [46.64074, 41.295288], [46.638909, 41.295378], [46.634246, 41.296624], [46.632149, 41.29633], [46.629701, 41.296833], [46.627296, 41.295], [46.626167, 41.294277], [46.624729, 41.293327], [46.625791, 41.293001], [46.626278, 41.292909], [46.626839, 41.292769], [46.627137, 41.292689], [46.627322, 41.292563], [46.627533, 41.292288], [46.627545, 41.292063], [46.627516, 41.291821], [46.627495, 41.29143], [46.627289, 41.290548], [46.626961, 41.289909], [46.627466, 41.289082], [46.627692, 41.28878], [46.627642, 41.288251], [46.627694, 41.287834], [46.627807, 41.287429], [46.627778, 41.28724], [46.627525, 41.286569], [46.62712, 41.285268], [46.626639, 41.284185], [46.626485, 41.283718], [46.626341, 41.282855], [46.626322, 41.281982], [46.62641, 41.281577], [46.626308, 41.280433], [46.626311, 41.280082], [46.626241, 41.279305], [46.626328, 41.278857], [46.626033, 41.278014], [46.626839, 41.2773], [46.627271, 41.276884], [46.628121, 41.275093], [46.628549, 41.274336], [46.628621, 41.274077], [46.62831, 41.273261], [46.628148, 41.272823], [46.628078, 41.272035], [46.628248, 41.271561], [46.628183, 41.271336], [46.628179, 41.271055], [46.628221, 41.270723], [46.628327, 41.270416], [46.628447, 41.27021], [46.628871, 41.269617], [46.628675, 41.269501], [46.627042, 41.269653], [46.62596, 41.26981], [46.625299, 41.269157], [46.625027, 41.268778], [46.624542, 41.268408], [46.623745, 41.268093], [46.623081, 41.267825], [46.622627, 41.267671], [46.622146, 41.267666], [46.620002, 41.267362], [46.619113, 41.267141], [46.618664, 41.267231], [46.617424, 41.267372], [46.616702, 41.266979], [46.615915, 41.266717], [46.615437, 41.266524], [46.614719, 41.26614], [46.613651, 41.265649], [46.613239, 41.265647], [46.61234, 41.265342], [46.611646, 41.264958], [46.610807, 41.264576], [46.610668, 41.264503], [46.610567, 41.264175], [46.610609, 41.263444], [46.610699, 41.262618], [46.610697, 41.262127], [46.610626, 41.261837], [46.610637, 41.261341], [46.610691, 41.260685], [46.610582, 41.260301], [46.610247, 41.260023], [46.609626, 41.259369], [46.609523, 41.259234], [46.609506, 41.258962], [46.609511, 41.258757], [46.609418, 41.258645], [46.609236, 41.258565], [46.608974, 41.258523], [46.608693, 41.25846], [46.607625, 41.25872], [46.607365, 41.258746], [46.607145, 41.258607], [46.606915, 41.258366], [46.606773, 41.258308], [46.606369, 41.258177], [46.606017, 41.258129], [46.605746, 41.258148], [46.605056, 41.258195], [46.604481, 41.25806], [46.604188, 41.257757], [46.603396, 41.256615], [46.602637, 41.255613], [46.602096, 41.254874], [46.601859, 41.254507], [46.601706, 41.254387], [46.599671, 41.254079], [46.599175, 41.253851], [46.598756, 41.253338], [46.598328, 41.252429], [46.597429, 41.251762], [46.596836, 41.251678], [46.596609, 41.251424], [46.596545, 41.251244], [46.596602, 41.251129], [46.596838, 41.250929], [46.596916, 41.250814], [46.5968, 41.250623], [46.596494, 41.250401], [46.596157, 41.250126], [46.596005, 41.249651], [46.595903, 41.249405], [46.595499, 41.249053], [46.595293, 41.248825], [46.595208, 41.248622], [46.59519, 41.248312], [46.594856, 41.248093], [46.594475, 41.248074], [46.593178, 41.246759], [46.59289, 41.246536], [46.592494, 41.246138], [46.592316, 41.245453], [46.592296, 41.244366], [46.591921, 41.243754], [46.591772, 41.24354], [46.591519, 41.243408], [46.591333, 41.243114], [46.591276, 41.242164], [46.590867, 41.241608], [46.590643, 41.241272], [46.590375, 41.240952], [46.590271, 41.240649], [46.59023, 41.240355], [46.590134, 41.239838], [46.59018, 41.23896], [46.59018, 41.238315], [46.591392, 41.236119], [46.591435, 41.235813], [46.591464, 41.235611], [46.59147, 41.23346], [46.591089, 41.231502], [46.591226, 41.231173], [46.591661, 41.230532], [46.591822, 41.23014], [46.591995, 41.22985], [46.592232, 41.229442], [46.59269, 41.228759], [46.593391, 41.227482], [46.593655, 41.227098], [46.594093, 41.226696], [46.595249, 41.225576], [46.596094, 41.224866], [46.596761, 41.224314], [46.598011, 41.223385], [46.598212, 41.22318], [46.598292, 41.22298], [46.598238, 41.222807], [46.597913, 41.222221], [46.597594, 41.221792], [46.597698, 41.221651], [46.597943, 41.221427], [46.598123, 41.221087], [46.598042, 41.220861], [46.597995, 41.220643], [46.598074, 41.220634], [46.59831, 41.220517], [46.59909, 41.220152], [46.599337, 41.219997], [46.599599, 41.219891], [46.599581, 41.219748], [46.599602, 41.219577], [46.599527, 41.219086], [46.599289, 41.21856], [46.599249, 41.218457], [46.599258, 41.218305], [46.599314, 41.21749], [46.599251, 41.216854], [46.599126, 41.216637], [46.599143, 41.215348], [46.598788, 41.213946], [46.597996, 41.210966], [46.598315, 41.210748], [46.600681, 41.209641], [46.603995, 41.207913], [46.610316, 41.20596], [46.613987, 41.204855], [46.613955, 41.204534], [46.613575, 41.20383], [46.613483, 41.203772], [46.612776, 41.203945], [46.609735, 41.205023], [46.608193, 41.205458], [46.605236, 41.20649], [46.603481, 41.206884], [46.603203, 41.206248], [46.601175, 41.207204], [46.599574, 41.207091], [46.598605, 41.207197], [46.598005, 41.207302], [46.597684, 41.207423], [46.597371, 41.207437], [46.597095, 41.207421], [46.596923, 41.207444], [46.596846, 41.207453], [46.596481, 41.207392], [46.59578, 41.207522], [46.59472, 41.207577], [46.594185, 41.207689], [46.59194, 41.207549], [46.591983, 41.20792], [46.591774, 41.208191], [46.591277, 41.208642], [46.590868, 41.208808], [46.590145, 41.208969], [46.589726, 41.20923], [46.589166, 41.209408], [46.588828, 41.209413], [46.588663, 41.209316], [46.588616, 41.209207], [46.588595, 41.209099], [46.588454, 41.20896], [46.588252, 41.208896], [46.587519, 41.208718], [46.587468, 41.209068], [46.587214, 41.209468], [46.586898, 41.209875], [46.586692, 41.210053], [46.586629, 41.210143], [46.586493, 41.210183], [46.586356, 41.210251], [46.586172, 41.210377], [46.586, 41.21053], [46.585696, 41.210769], [46.585482, 41.210868], [46.585144, 41.210864], [46.584844, 41.210896], [46.584469, 41.21092], [46.583796, 41.210993], [46.583556, 41.211082], [46.583334, 41.211243], [46.583323, 41.211487], [46.583377, 41.211706], [46.583513, 41.211972], [46.583594, 41.212212], [46.583609, 41.212454], [46.583579, 41.212528], [46.583495, 41.212705], [46.583359, 41.212881], [46.583215, 41.213155], [46.583145, 41.213557], [46.582961, 41.214077], [46.583046, 41.214455], [46.583147, 41.214892], [46.583449, 41.215777], [46.583566, 41.216056], [46.583595, 41.21614], [46.583559, 41.216199], [46.583492, 41.216321], [46.583327, 41.216528], [46.583232, 41.216734], [46.583225, 41.216862], [46.5833, 41.217065], [46.583307, 41.217353], [46.583222, 41.217573], [46.583106, 41.217642], [46.582828, 41.217874], [46.582293, 41.218108], [46.582037, 41.218301], [46.581969, 41.218408], [46.581904, 41.21859], [46.58193, 41.21884], [46.581829, 41.219242], [46.581676, 41.219516], [46.581607, 41.219593], [46.581453, 41.219808], [46.581216, 41.219804], [46.580905, 41.219809], [46.580408, 41.219738], [46.580119, 41.21978], [46.579919, 41.219798], [46.579508, 41.21979], [46.579501, 41.21994], [46.579503, 41.219993], [46.579515, 41.220091], [46.579607, 41.22018], [46.579831, 41.220298], [46.579924, 41.220448], [46.580047, 41.220545], [46.580058, 41.22059], [46.579984, 41.220729], [46.579748, 41.220843], [46.579565, 41.2209], [46.579245, 41.220965], [46.57858, 41.220981], [46.578179, 41.220962], [46.578036, 41.221006], [46.578016, 41.221242], [46.577973, 41.221376], [46.578004, 41.221694], [46.577929, 41.221913], [46.577766, 41.222291], [46.577516, 41.222396], [46.57714, 41.222426], [46.576963, 41.22238], [46.576686, 41.222196], [46.576605, 41.222117], [46.574202, 41.224889], [46.576008, 41.22608], [46.576514, 41.226378], [46.576877, 41.226506], [46.577208, 41.226574], [46.577428, 41.226722], [46.577593, 41.226914], [46.577602, 41.22698], [46.577518, 41.227145], [46.577275, 41.22739], [46.577133, 41.227477], [46.577029, 41.22749], [46.57694, 41.227461], [46.576772, 41.227445], [46.576605, 41.227508], [46.57646, 41.227497], [46.575893, 41.227893], [46.575225, 41.228138], [46.575131, 41.228166], [46.575098, 41.228176], [46.574865, 41.228186], [46.57453, 41.228233], [46.574439, 41.228281], [46.574324, 41.228326], [46.57422, 41.228346], [46.573985, 41.228234], [46.57287, 41.227538], [46.572531, 41.227343], [46.57252, 41.227331], [46.57236, 41.227339], [46.572137, 41.227421], [46.571632, 41.227767], [46.571071, 41.228428], [46.570999, 41.228625], [46.571226, 41.228871], [46.571974, 41.229297], [46.572615, 41.229855], [46.572751, 41.22994], [46.573133, 41.230155], [46.573805, 41.230443], [46.574278, 41.230769], [46.574602, 41.231116], [46.574674, 41.231218], [46.574305, 41.23155], [46.574178, 41.231594], [46.574058, 41.231607], [46.573921, 41.231615], [46.573866, 41.231634], [46.57374, 41.231751], [46.573446, 41.231834], [46.573069, 41.231849], [46.572539, 41.231928], [46.572124, 41.231971], [46.57175, 41.231999], [46.571068, 41.232029], [46.570981, 41.232034], [46.570615, 41.232172], [46.570329, 41.232255], [46.570121, 41.232288], [46.569745, 41.232299], [46.568977, 41.2324], [46.568846, 41.23242], [46.568332, 41.232563], [46.56803, 41.232688], [46.567602, 41.23277], [46.567415, 41.232775], [46.566782, 41.232445], [46.566538, 41.232339], [46.566305, 41.232318], [46.565952, 41.232305], [46.565825, 41.232299], [46.56514, 41.232543], [46.564935, 41.232345], [46.564399, 41.231732], [46.56404, 41.231389], [46.563815, 41.231092], [46.563792, 41.231044], [46.563618, 41.230903], [46.563135, 41.230811], [46.562549, 41.230638], [46.562215, 41.230546], [46.561614, 41.229667], [46.561188, 41.229479], [46.560613, 41.229306], [46.560029, 41.229162], [46.559648, 41.22916], [46.559003, 41.229033], [46.558157, 41.228825], [46.557877, 41.228859], [46.557343, 41.228847], [46.55701, 41.229052], [46.556776, 41.229089], [46.55645, 41.22912], [46.555829, 41.229151], [46.555201, 41.229074], [46.554665, 41.228743], [46.554436, 41.228623], [46.554254, 41.228411], [46.553985, 41.228261], [46.553675, 41.228107], [46.553337, 41.227985], [46.553155, 41.227955], [46.553038, 41.227941], [46.552404, 41.227436], [46.552086, 41.227026], [46.551945, 41.226951], [46.551649, 41.226828], [46.551543, 41.226754], [46.551518, 41.226609], [46.551537, 41.226511], [46.551688, 41.22609], [46.551678, 41.22569], [46.55162, 41.225474], [46.551538, 41.225248], [46.551083, 41.225084], [46.550555, 41.224858], [46.550463, 41.224818], [46.550105, 41.224502], [46.549699, 41.224299], [46.54957, 41.22414], [46.548861, 41.223819], [46.548365, 41.223564], [46.547914, 41.222956], [46.547744, 41.222637], [46.54743, 41.222074], [46.547056, 41.221625], [46.546934, 41.221565], [46.546853, 41.221505], [46.546501, 41.221462], [46.545712, 41.221463], [46.544998, 41.221482], [46.544336, 41.221529], [46.543869, 41.221606], [46.543662, 41.221633], [46.5425, 41.22179], [46.541662, 41.221844], [46.541227, 41.221858], [46.541075, 41.221909], [46.540677, 41.222027], [46.539833, 41.22236], [46.539347, 41.222568], [46.538383, 41.223013], [46.537726, 41.223325], [46.537388, 41.223522], [46.537156, 41.223578], [46.536911, 41.223818], [46.536344, 41.22419], [46.535848, 41.224488], [46.53506, 41.224992], [46.534638, 41.225158], [46.534327, 41.225247], [46.533958, 41.225564], [46.533882, 41.225586], [46.533115, 41.22547], [46.533015, 41.225388], [46.532915, 41.224572], [46.532726, 41.224304], [46.532486, 41.224203], [46.532238, 41.224176], [46.531897, 41.224173], [46.531759, 41.224175], [46.531682, 41.224119], [46.531625, 41.223799], [46.531463, 41.222775], [46.53137, 41.222269], [46.531257, 41.221983], [46.530521, 41.221586], [46.529941, 41.221342], [46.529888, 41.221282], [46.529796, 41.221094], [46.52968, 41.220453], [46.529511, 41.220157], [46.52932, 41.220027], [46.529029, 41.219927], [46.528915, 41.219862], [46.528875, 41.219731], [46.528868, 41.219447], [46.528839, 41.219277], [46.528806, 41.219213], [46.528749, 41.219193], [46.528598, 41.219138], [46.528409, 41.219122], [46.528148, 41.219173], [46.527922, 41.219185], [46.527847, 41.219186], [46.527746, 41.219131], [46.527669, 41.219075], [46.527616, 41.218925], [46.527612, 41.218745], [46.527543, 41.2185], [46.527452, 41.21834], [46.527312, 41.218238], [46.527009, 41.218129], [46.526783, 41.218113], [46.52657, 41.218135], [46.526334, 41.218204], [46.526147, 41.218263], [46.525986, 41.218312], [46.525739, 41.218458], [46.525566, 41.218564], [46.525454, 41.218735], [46.52524, 41.218549], [46.525138, 41.218475], [46.524834, 41.218347], [46.524373, 41.218158], [46.524253, 41.218108], [46.524077, 41.218111], [46.523915, 41.218132], [46.52379, 41.218162], [46.523616, 41.218211], [46.523467, 41.21827], [46.523268, 41.218311], [46.523118, 41.218316], [46.522588, 41.218717], [46.521688, 41.219407], [46.520642, 41.219277], [46.520352, 41.219288], [46.519875, 41.219394], [46.519574, 41.219866], [46.518909, 41.220128], [46.518609, 41.22017], [46.518292, 41.22031], [46.517803, 41.220415], [46.517572, 41.220411], [46.517233, 41.220461], [46.516944, 41.220555], [46.516617, 41.220696], [46.516247, 41.220746], [46.515996, 41.220719], [46.515837, 41.220682], [46.515641, 41.220504], [46.515539, 41.220453], [46.515438, 41.220393], [46.515346, 41.220349], [46.515226, 41.220328], [46.515175, 41.220283], [46.515063, 41.220209], [46.514952, 41.220196], [46.514922, 41.220181], [46.5148, 41.21992], [46.514591, 41.219742], [46.514519, 41.219614], [46.514314, 41.219591], [46.514041, 41.219595], [46.513799, 41.219469], [46.513592, 41.219394], [46.513179, 41.219271], [46.512902, 41.219119], [46.512764, 41.219044], [46.512558, 41.219021], [46.512453, 41.218919], [46.512347, 41.218766], [46.512345, 41.218637], [46.512343, 41.218559], [46.512238, 41.218457], [46.512134, 41.218381], [46.512131, 41.218252], [46.512095, 41.218176], [46.511922, 41.2181], [46.511818, 41.218024], [46.511644, 41.217898], [46.511503, 41.217719], [46.511502, 41.217642], [46.5115, 41.217564], [46.511464, 41.217487], [46.511189, 41.217414], [46.511086, 41.217415], [46.510983, 41.21739], [46.510778, 41.217367], [46.510655, 41.217284], [46.510603, 41.217143], [46.510608, 41.216904], [46.510566, 41.216849], [46.510525, 41.216796], [46.510374, 41.216783], [46.510114, 41.216779], [46.509733, 41.216791], [46.509379, 41.216884], [46.509161, 41.216723], [46.508927, 41.216575], [46.508635, 41.216511], [46.508263, 41.21647], [46.508069, 41.216321], [46.507857, 41.216248], [46.507601, 41.216004], [46.507402, 41.21582], [46.507263, 41.215642], [46.505714, 41.215659], [46.505186, 41.215606], [46.504688, 41.215459], [46.504316, 41.215363], [46.503831, 41.215282], [46.503445, 41.215079], [46.503144, 41.214959], [46.502508, 41.214826], [46.502278, 41.214689], [46.501983, 41.214632], [46.501724, 41.214452], [46.50136, 41.214212], [46.501122, 41.213962], [46.500778, 41.213772], [46.500671, 41.213452], [46.502592, 41.212431], [46.504245, 41.211511], [46.504521, 41.211256], [46.50565, 41.210542], [46.506241, 41.21008], [46.507284, 41.209114], [46.507362, 41.208999], [46.507512, 41.208838], [46.506694, 41.208615], [46.50642, 41.208564], [46.505678, 41.209222], [46.504935, 41.209634], [46.504823, 41.209639], [46.504691, 41.209594], [46.504572, 41.209438], [46.504431, 41.209361], [46.504206, 41.20926], [46.504106, 41.209326], [46.503408, 41.209676], [46.50277, 41.210086], [46.502255, 41.210355], [46.501709, 41.210661], [46.501323, 41.211075], [46.500818, 41.211257], [46.499697, 41.211868], [46.49963, 41.211954], [46.499434, 41.211983], [46.499225, 41.211959], [46.498793, 41.211772], [46.498423, 41.211452], [46.498412, 41.211336], [46.498357, 41.210943], [46.4983519, 41.2108638], [46.498339, 41.210664], [46.498252, 41.209879], [46.4981721, 41.2094048], [46.498011, 41.208449], [46.498028, 41.20825], [46.497531, 41.208228], [46.497033, 41.208199], [46.496387, 41.208295], [46.496124, 41.208412], [46.496, 41.208571], [46.496061, 41.208816], [46.495906, 41.209035], [46.495485, 41.209338], [46.494938, 41.209695], [46.494205, 41.210054], [46.493767, 41.210233], [46.493553, 41.210368], [46.492853, 41.210657], [46.4922, 41.211064], [46.491547, 41.21122], [46.491255, 41.211092], [46.490542, 41.210796], [46.489559, 41.210342], [46.488522, 41.209494], [46.488035, 41.209439], [46.487882, 41.209345], [46.487607, 41.208946], [46.487514, 41.208531], [46.487255, 41.207597], [46.487179, 41.207427], [46.48693, 41.206626], [46.486573, 41.20622], [46.486024, 41.20592], [46.48492, 41.205756], [46.484418, 41.205596], [46.483718, 41.205308], [46.483449, 41.204935], [46.484486, 41.202265], [46.483873, 41.202319], [46.482664, 41.202367], [46.48161, 41.202689], [46.479768, 41.20359], [46.478809, 41.204076], [46.478317, 41.204235], [46.477127, 41.20172], [46.477035, 41.201717], [46.476647, 41.201821], [46.476573, 41.201767], [46.476451, 41.201484], [46.476378, 41.201442], [46.476272, 41.201352], [46.476279, 41.201348], [46.476469, 41.201233], [46.476774, 41.20105], [46.477552, 41.200484], [46.477827, 41.200263], [46.477991, 41.200134], [46.478301, 41.199842], [46.478984, 41.199587], [46.479221, 41.199548], [46.479495, 41.199503], [46.479913, 41.199466], [46.480329, 41.199341], [46.480689, 41.199224], [46.480853, 41.19906], [46.481019, 41.19896], [46.481082, 41.198888], [46.481137, 41.19887], [46.481239, 41.198837], [46.481439, 41.198631], [46.481844, 41.198429], [46.481935, 41.198384], [46.482019, 41.198342], [46.482135, 41.198122], [46.482382, 41.197922], [46.482738, 41.197587], [46.482873, 41.197406], [46.48302, 41.19732], [46.483411, 41.197278], [46.483828, 41.197232], [46.484053, 41.197146], [46.484188, 41.197094], [46.484454, 41.196929], [46.484685, 41.196834], [46.484737, 41.196772], [46.484782, 41.196719], [46.484875, 41.196607], [46.485288, 41.196327], [46.485606, 41.195993], [46.485791, 41.195913], [46.485818, 41.195908], [46.486208, 41.195837], [46.486706, 41.195648], [46.487089, 41.195685], [46.487376, 41.195632], [46.487605, 41.195523], [46.488002, 41.195333], [46.488407, 41.195116], [46.488801, 41.194816], [46.48886, 41.194758], [46.488946, 41.194673], [46.489103, 41.194594], [46.489214, 41.194586], [46.489354, 41.194605], [46.489523, 41.194666], [46.489621, 41.194709], [46.48974, 41.194762], [46.489936, 41.194787], [46.490121, 41.194771], [46.490586, 41.19473], [46.490916, 41.194593], [46.491149, 41.194497], [46.491751, 41.194377], [46.492085, 41.194337], [46.492481, 41.194118], [46.492664, 41.194017], [46.492707, 41.194016], [46.492758, 41.194016], [46.492907, 41.194035], [46.493065, 41.194033], [46.493342, 41.193924], [46.493517, 41.193837], [46.493684, 41.1938], [46.493822, 41.193749], [46.494068, 41.193535], [46.494456, 41.193382], [46.495335, 41.193139], [46.495717, 41.193141], [46.496014, 41.193109], [46.496567, 41.192884], [46.496966, 41.192815], [46.497305, 41.192572], [46.497728, 41.192366], [46.49796, 41.192335], [46.49807, 41.192263], [46.498219, 41.19224], [46.498396, 41.192273], [46.498536, 41.192271], [46.4986467, 41.1922391], [46.498971, 41.192146], [46.499275, 41.192015], [46.499432, 41.191964], [46.499532, 41.191962], [46.499655, 41.191961], [46.499701, 41.191941], [46.499757, 41.191917], [46.50004, 41.191703], [46.500822, 41.191285], [46.501237, 41.191118], [46.501364, 41.190989], [46.501438, 41.190939], [46.501568, 41.19093], [46.501642, 41.190916], [46.501688, 41.190908], [46.501975, 41.190806], [46.502298, 41.190682], [46.502623, 41.190649], [46.503123, 41.190548], [46.503457, 41.190624], [46.503581, 41.190633], [46.509213, 41.182172], [46.511418, 41.181407], [46.511734, 41.181318], [46.512358, 41.181142], [46.512548, 41.181058], [46.512977, 41.18087], [46.513352, 41.180766], [46.513837, 41.180359], [46.514223, 41.180057], [46.514518, 41.179592], [46.514977, 41.179311], [46.515592, 41.178864], [46.516323, 41.178415], [46.516323, 41.178414], [46.516881, 41.178001], [46.51708, 41.177833], [46.518025, 41.177821], [46.518617, 41.177615], [46.518985, 41.177204], [46.519517, 41.176939], [46.520061, 41.176569], [46.520545, 41.176112], [46.521197, 41.175367], [46.521481, 41.175185], [46.52167, 41.175064], [46.522418, 41.174736], [46.522489, 41.174674], [46.522689, 41.174502], [46.523107, 41.174331], [46.523574, 41.173787], [46.524392, 41.173325], [46.52453, 41.173244], [46.524822, 41.173072], [46.52522, 41.172672], [46.525245, 41.172474], [46.525402, 41.172351], [46.52582, 41.172202], [46.526465, 41.171776], [46.526749, 41.171509], [46.52692, 41.171353], [46.527439, 41.171181], [46.527671, 41.171123], [46.527871, 41.170977], [46.528215, 41.171005], [46.52857, 41.171034], [46.52867, 41.170934], [46.528682, 41.170846], [46.528856, 41.1708], [46.529175, 41.170762], [46.529319, 41.170706], [46.529566, 41.170724], [46.529828, 41.170721], [46.530419, 41.170493], [46.53052, 41.170361], [46.5308, 41.169994], [46.530913, 41.169871], [46.531086, 41.169781], [46.531473, 41.169545], [46.531671, 41.169328], [46.532215, 41.168937], [46.532684, 41.16848], [46.532866, 41.168203], [46.53321, 41.167978], [46.533282, 41.167967], [46.533298, 41.16801], [46.533172, 41.168221], [46.533203, 41.168286], [46.533809, 41.168102], [46.534112, 41.167988], [46.534184, 41.167955], [46.534228, 41.167976], [46.534244, 41.16801], [46.534258, 41.168041], [46.534226, 41.168536], [46.534307, 41.168876], [46.534239, 41.169085], [46.534299, 41.169151], [46.534444, 41.16916], [46.534818, 41.168979], [46.53496, 41.168823], [46.535392, 41.168664], [46.535754, 41.168571], [46.535914, 41.168569], [46.535927, 41.168514], [46.535823, 41.168438], [46.535807, 41.168372], [46.53582, 41.168306], [46.535849, 41.168295], [46.535922, 41.168294], [46.535967, 41.168348], [46.536351, 41.168607], [46.536583, 41.168604], [46.536811, 41.168596], [46.53715, 41.168585], [46.537415, 41.168543], [46.537527, 41.168525], [46.537719, 41.168496], [46.53815, 41.168429], [46.538657, 41.168378], [46.539052, 41.168472], [46.539205, 41.168476], [46.539343, 41.168479], [46.539602, 41.168371], [46.539718, 41.168359], [46.539835, 41.168368], [46.539923, 41.168433], [46.540088, 41.168617], [46.540307, 41.168658], [46.540617, 41.168683], [46.540904, 41.168705], [46.541107, 41.16869], [46.541252, 41.168679], [46.541796, 41.168503], [46.542032, 41.168427], [46.542231, 41.168248], [46.542345, 41.168148], [46.542606, 41.168122], [46.542853, 41.168119], [46.543145, 41.16817], [46.543286, 41.168195], [46.543598, 41.168252], [46.543875, 41.168292], [46.54428, 41.168199], [46.544598, 41.168106], [46.544908, 41.168016], [46.545031, 41.16798], [46.545307, 41.167986], [46.545506, 41.16799], [46.545888, 41.167935], [46.546318, 41.16771], [46.547242, 41.167401], [46.547402, 41.16741], [46.547433, 41.167497], [46.547327, 41.167916], [46.547304, 41.168202], [46.547328, 41.168597], [46.54737, 41.168747], [46.547407, 41.168882], [46.547631, 41.169131], [46.54768, 41.169351], [46.54759, 41.169773], [46.547589, 41.16978], [46.547637, 41.169999], [46.547716, 41.170147], [46.547789, 41.170283], [46.54832, 41.1706], [46.549157, 41.17094], [46.549515, 41.171309], [46.550264, 41.171651], [46.550766, 41.171951], [46.551119, 41.172122], [46.551327, 41.172306], [46.551461, 41.172436], [46.551612, 41.172452], [46.55165, 41.172456], [46.551955, 41.172441], [46.551988, 41.172431], [46.552135, 41.172385], [46.552215, 41.17236], [46.552474, 41.172236], [46.552762, 41.172122], [46.552965, 41.172087], [46.553082, 41.172129], [46.553145, 41.172337], [46.553277, 41.172401], [46.553425, 41.172439], [46.553599, 41.172485], [46.553716, 41.172506], [46.553877, 41.172536], [46.554194, 41.172501], [46.554225, 41.172498], [46.554845, 41.172281], [46.555264, 41.172154], [46.555615, 41.172243], [46.555968, 41.172403], [46.55641, 41.172661], [46.55651, 41.172686], [46.556615, 41.172713], [46.556879, 41.172819], [46.557054, 41.172828], [46.557227, 41.172793], [46.55743, 41.172768], [46.55762, 41.172787], [46.55781, 41.17284], [46.558029, 41.172881], [46.558219, 41.172922], [46.558467, 41.172974], [46.558832, 41.173035], [46.559222, 41.173317], [46.559226, 41.173273], [46.559267, 41.172902], [46.559806, 41.171899], [46.560304, 41.171666], [46.560759, 41.171355], [46.561246, 41.171042], [46.561551, 41.17086], [46.561737, 41.17072], [46.561839, 41.170604], [46.561844, 41.17059], [46.561879, 41.170496], [46.561872, 41.170432], [46.561818, 41.170167], [46.561756, 41.169751], [46.56173, 41.169559], [46.561685, 41.169195], [46.561685, 41.168972], [46.561713, 41.168821], [46.561783, 41.168685], [46.562138, 41.168351], [46.562264, 41.168157], [46.562399, 41.167853], [46.562442, 41.167662], [46.562432, 41.167472], [46.562375, 41.16729], [46.562255, 41.167101], [46.562184, 41.166995], [46.562233, 41.166825], [46.5622518, 41.1667768], [46.562354, 41.166515], [46.56251, 41.166115], [46.5625333, 41.1660666], [46.56266, 41.165803], [46.562999, 41.165469], [46.563138, 41.165368], [46.563486, 41.165187], [46.563838, 41.164952], [46.563976, 41.164894], [46.564145, 41.164825], [46.56494, 41.164679], [46.565425, 41.164565], [46.565758, 41.164439], [46.566155, 41.164319], [46.566746, 41.163911], [46.566511, 41.163834], [46.566306, 41.16361], [46.566188, 41.163489], [46.566142, 41.163343], [46.566113, 41.16301], [46.566102, 41.16293], [46.566102, 41.162929], [46.566088, 41.162825], [46.565966, 41.162549], [46.565891, 41.162292], [46.565837, 41.162007], [46.565858, 41.161777], [46.56587, 41.161748], [46.565932, 41.161597], [46.566019, 41.161495], [46.566101, 41.1614], [46.566332, 41.161153], [46.566481, 41.161032], [46.566746, 41.160909], [46.567112, 41.160841], [46.567453, 41.160812], [46.567562, 41.160795], [46.567615, 41.160786], [46.567754, 41.160673], [46.567824, 41.160604], [46.567884, 41.160545], [46.568051, 41.160367], [46.568236, 41.160182], [46.56843, 41.159965], [46.5686, 41.159794], [46.568798, 41.15951], [46.5688171, 41.1594613], [46.568842, 41.159398], [46.568829, 41.159279], [46.568769, 41.159181], [46.568694, 41.159126], [46.56865, 41.159123], [46.568552, 41.159117], [46.568542, 41.159116], [46.568518, 41.159116], [46.568258, 41.159108], [46.568037, 41.159074], [46.567999, 41.159068], [46.56793, 41.159037], [46.567908, 41.158994], [46.56792, 41.158959], [46.567933, 41.158922], [46.568024, 41.15879], [46.568258, 41.158664], [46.568648, 41.158527], [46.569077, 41.158458], [46.5692, 41.158313], [46.569421, 41.158108], [46.569618, 41.157998], [46.569863, 41.157939], [46.569986, 41.157818], [46.569962, 41.157668], [46.569923, 41.157633], [46.569876, 41.15759], [46.569848, 41.157523], [46.569855, 41.157479], [46.569856, 41.157471], [46.569866, 41.157403], [46.569897, 41.157323], [46.569921, 41.15726], [46.569913, 41.157164], [46.569854, 41.157118], [46.569832, 41.157087], [46.5698, 41.157043], [46.569819, 41.156975], [46.569933, 41.156894], [46.570189, 41.156835], [46.570397, 41.156761], [46.570578, 41.156627], [46.570644, 41.156551], [46.570661, 41.156491], [46.570688, 41.156392], [46.570642, 41.15623], [46.570554, 41.156111], [46.570484, 41.156017], [46.57045, 41.156003], [46.570325, 41.155948], [46.570222, 41.155789], [46.570195, 41.155742], [46.570134, 41.155635], [46.570112, 41.155397], [46.570158, 41.155119], [46.570403, 41.15479], [46.570485, 41.154483], [46.570518, 41.154392], [46.570603, 41.154158], [46.570706, 41.154037], [46.570799, 41.153929], [46.570822, 41.153368], [46.570866, 41.152325], [46.570549, 41.151524], [46.569009, 41.147698], [46.561723, 41.145241], [46.559244, 41.143829], [46.557898, 41.143066], [46.552981, 41.141239], [46.550979, 41.140236], [46.548527, 41.141146], [46.545874, 41.142131], [46.542864, 41.143651], [46.537488, 41.146364], [46.536974, 41.146532], [46.536513, 41.146749], [46.535851, 41.146833], [46.535677, 41.146853], [46.535555, 41.146868], [46.535299, 41.14694], [46.534963, 41.147035], [46.534918, 41.147048], [46.534644, 41.147162], [46.53444, 41.147248], [46.534129, 41.147247], [46.533961, 41.147247], [46.534041, 41.147374], [46.534191, 41.147548], [46.53421, 41.14764], [46.534166, 41.147755], [46.534092, 41.147823], [46.534052, 41.147858], [46.53402, 41.147995], [46.533983, 41.148032], [46.533975, 41.14804], [46.533837, 41.148125], [46.533507, 41.148209], [46.533405, 41.148312], [46.533455, 41.148461], [46.533716, 41.148671], [46.533719, 41.148789], [46.533634, 41.148909], [46.533535, 41.148966], [46.533508, 41.148981], [46.533316, 41.149006], [46.532954, 41.14898], [46.532903, 41.149091], [46.532893, 41.149113], [46.532877, 41.149148], [46.532242, 41.149645], [46.532283, 41.151415], [46.53167, 41.152081], [46.531764, 41.152876], [46.530547, 41.153392], [46.528918, 41.154726], [46.52867, 41.154821], [46.52855, 41.154818], [46.528332, 41.154813], [46.52821, 41.154862], [46.528032, 41.154936], [46.527876, 41.154958], [46.527662, 41.154989], [46.52766, 41.154989], [46.527585, 41.15503], [46.527481, 41.155066], [46.527408, 41.155151], [46.527302, 41.155381], [46.527182, 41.155475], [46.527099, 41.155657], [46.527053, 41.155921], [46.526785, 41.15618], [46.526532, 41.156303], [46.526344, 41.156494], [46.526145, 41.156728], [46.525932, 41.156828], [46.525764, 41.156878], [46.525689, 41.156884], [46.525608, 41.156898], [46.5256, 41.156916], [46.525597, 41.156925], [46.525604, 41.156952], [46.525609, 41.156973], [46.525574, 41.157153], [46.525573, 41.157158], [46.525523, 41.157251], [46.525471, 41.157283], [46.525326, 41.157316], [46.525258, 41.157345], [46.525222, 41.157361], [46.525154, 41.157432], [46.525124, 41.157503], [46.525093, 41.157576], [46.525135, 41.157628], [46.525418, 41.157752], [46.525633, 41.157736], [46.525714, 41.157735], [46.525768, 41.157805], [46.525765, 41.157924], [46.525644, 41.158225], [46.52563, 41.158608], [46.525615, 41.158731], [46.525529, 41.158772], [46.525448, 41.158826], [46.525357, 41.158889], [46.52534, 41.158911], [46.525318, 41.159], [46.525315, 41.159083], [46.525293, 41.159145], [46.525248, 41.159156], [46.525235, 41.159159], [46.525059, 41.159126], [46.524955, 41.159167], [46.524721, 41.159355], [46.524614, 41.159396], [46.524409, 41.159474], [46.524318, 41.159552], [46.523971, 41.159909], [46.523637, 41.16008], [46.523533, 41.160121], [46.523407, 41.160198], [46.523203, 41.160229], [46.522893, 41.160387], [46.522646, 41.160558], [46.52234, 41.160677], [46.522184, 41.160686], [46.522061, 41.160693], [46.521693, 41.160663], [46.52137, 41.160804], [46.521068, 41.160843], [46.520935, 41.160871], [46.52079, 41.160886], [46.520751, 41.160914], [46.520709, 41.160945], [46.520668, 41.160986], [46.520624, 41.161029], [46.520457, 41.161091], [46.520201, 41.161125], [46.519994, 41.161207], [46.519843, 41.161266], [46.519633, 41.161265], [46.519417, 41.161228], [46.519213, 41.161231], [46.518972, 41.161128], [46.518774, 41.161118], [46.518534, 41.161166], [46.51831, 41.161212], [46.518067, 41.161272], [46.517785, 41.161201], [46.517657, 41.16126], [46.517566, 41.161301], [46.517258, 41.161314], [46.517024, 41.161257], [46.51694, 41.161153], [46.51663, 41.161095], [46.516474, 41.160934], [46.516427, 41.160909], [46.515992, 41.160837], [46.515585, 41.16077], [46.514378, 41.161459], [46.51322, 41.161028], [46.511926, 41.159718], [46.511408, 41.158094], [46.510633, 41.156363], [46.510633, 41.156362], [46.510101, 41.153783], [46.511395, 41.150536], [46.511649, 41.147655], [46.511283, 41.147787], [46.5109929, 41.1478918], [46.510552, 41.148051], [46.51034, 41.148365], [46.510263, 41.148476], [46.510155, 41.148549], [46.510046, 41.148556], [46.509944, 41.148552], [46.50979, 41.148499], [46.509538, 41.148299], [46.509156, 41.148128], [46.508872, 41.148126], [46.50776, 41.148212], [46.507169, 41.148467], [46.506532, 41.148613], [46.506074, 41.148663], [46.505808, 41.148785], [46.505541, 41.148907], [46.505351, 41.148893], [46.50528, 41.148841], [46.505129, 41.148731], [46.504924, 41.148662], [46.504357, 41.148724], [46.503789, 41.149001], [46.503281, 41.149492], [46.502631, 41.149706], [46.502191, 41.149953], [46.501965, 41.150038], [46.501807, 41.15004], [46.501683, 41.150042], [46.501601, 41.150069], [46.501529, 41.150092], [46.501466, 41.150142], [46.501431, 41.150169], [46.501168, 41.150214], [46.500915, 41.150265], [46.500749, 41.150284], [46.500579, 41.150304], [46.500341, 41.150259], [46.500186, 41.15024], [46.500103, 41.15018], [46.500101, 41.15009], [46.500098, 41.149987], [46.500114, 41.149856], [46.500076, 41.149815], [46.500032, 41.149832], [46.500006, 41.149842], [46.499869, 41.149965], [46.499772, 41.150052], [46.499535, 41.150129], [46.498932, 41.150533], [46.498578, 41.150807], [46.498268, 41.151022], [46.49817, 41.151058], [46.498043, 41.151113], [46.497956, 41.151145], [46.49776, 41.151224], [46.497568, 41.151214], [46.49741, 41.151176], [46.497235, 41.151205], [46.495974, 41.151584], [46.495508, 41.14841], [46.495287, 41.147203], [46.494781, 41.144437], [46.494228, 41.142382], [46.493578, 41.141921], [46.492441, 41.141537], [46.491057, 41.141513], [46.489498, 41.140973], [46.487804, 41.140513], [46.486019, 41.139622], [46.484392, 41.139275], [46.481948, 41.140269], [46.481245, 41.140539], [46.478459, 41.142907], [46.477396, 41.143801], [46.477073, 41.143977], [46.475089, 41.145189], [46.473267, 41.146292], [46.473982, 41.146947], [46.473588, 41.14743], [46.473371, 41.147698], [46.472924, 41.14801], [46.472654, 41.148199], [46.472333, 41.148467], [46.471895, 41.148834], [46.471396, 41.149735], [46.470418, 41.150353], [46.470468, 41.150545], [46.470239, 41.150905], [46.470018, 41.150993], [46.46986, 41.151055], [46.469751, 41.151071], [46.469452, 41.151115], [46.469349, 41.151148], [46.469272, 41.151172], [46.469086, 41.151436], [46.468449, 41.151836], [46.468235, 41.152011], [46.468264, 41.152107], [46.468456, 41.152132], [46.468675, 41.152156], [46.469014, 41.15229], [46.469201, 41.152507], [46.469296, 41.152665], [46.469428, 41.152883], [46.468781, 41.153235], [46.468585, 41.153416], [46.468358, 41.153474], [46.46776, 41.153991], [46.467616, 41.154034], [46.467368, 41.15434], [46.467169, 41.154432], [46.466988, 41.154517], [46.466746, 41.15463], [46.466433, 41.154895], [46.46624, 41.155196], [46.46617, 41.155304], [46.465534, 41.15578], [46.46539, 41.155851], [46.464791, 41.156333], [46.464243, 41.156677], [46.463846, 41.156806], [46.463702, 41.156897], [46.463381, 41.157194], [46.463265, 41.157271], [46.462903, 41.157365], [46.462455, 41.157701], [46.46179, 41.158087], [46.460978, 41.15882], [46.460692, 41.159037], [46.460631, 41.159059], [46.460538, 41.159094], [46.460451, 41.159253], [46.460318, 41.159434], [46.460227, 41.159469], [46.459903, 41.159597], [46.459582, 41.159883], [46.459397, 41.16004], [46.459269, 41.160148], [46.458965, 41.160352], [46.458767, 41.160485], [46.458472, 41.160643], [46.458227, 41.160774], [46.457851, 41.161026], [46.457758, 41.161083], [46.45768, 41.161132], [46.457221, 41.161364], [46.457006, 41.161518], [46.456808, 41.161631], [46.45655, 41.161875], [46.456379, 41.161953], [46.456281, 41.162058], [46.456192, 41.162155], [46.456123, 41.162237], [46.456006, 41.162377], [46.4558, 41.162545], [46.455705, 41.162577], [46.455656, 41.162595], [46.45553, 41.162665], [46.455459, 41.162742], [46.455443, 41.162838], [46.455461, 41.162889], [46.455481, 41.162948], [46.455254, 41.163367], [46.45491, 41.163873], [46.454625, 41.164138], [46.454211, 41.16435], [46.454155, 41.164503], [46.454151, 41.164516], [46.453742, 41.164954], [46.452916, 41.165526], [46.452523, 41.165798], [46.452561, 41.165908], [46.452901, 41.166034], [46.452987, 41.166205], [46.452895, 41.16644], [46.452857, 41.166537], [46.452519, 41.166871], [46.452213, 41.16702], [46.452102, 41.167046], [46.452032, 41.167063], [46.452103, 41.167413], [46.45202, 41.167772], [46.45152, 41.168229], [46.451083, 41.16864], [46.450419, 41.169075], [46.450028, 41.169322], [46.4499991, 41.1693409], [46.449764, 41.169489], [46.449587, 41.169513], [46.449415, 41.169536], [46.449374, 41.169542], [46.44903, 41.169656], [46.448934, 41.169713], [46.448779, 41.169804], [46.448457, 41.170063], [46.44795, 41.170207], [46.447511, 41.170511], [46.447267, 41.170583], [46.4469, 41.170768], [46.446708, 41.170865], [46.445991, 41.171349], [46.445357, 41.171928], [46.444624, 41.172522], [46.444503, 41.172632], [46.444411, 41.172716], [46.444303, 41.172815], [46.44421, 41.172885], [46.444112, 41.172961], [46.444043, 41.173014], [46.443764, 41.173155], [46.443651, 41.173183], [46.443619, 41.173191], [46.443572, 41.173225], [46.44351, 41.173271], [46.443476, 41.173296], [46.442877, 41.173813], [46.442613, 41.173969], [46.442437, 41.174073], [46.442275, 41.17421], [46.442133, 41.174331], [46.442072, 41.174462], [46.441713, 41.174697], [46.44127, 41.174827], [46.440781, 41.174977], [46.440443, 41.175241], [46.440173, 41.175453], [46.440045, 41.175541], [46.439859, 41.17567], [46.439393, 41.176019], [46.439248, 41.176144], [46.439116, 41.176257], [46.438731, 41.17653], [46.437915, 41.177121], [46.437908, 41.177129], [46.437605, 41.177483], [46.437146, 41.178183], [46.437087, 41.178386], [46.437053, 41.178501], [46.436784, 41.178676], [46.435871, 41.178976], [46.435536, 41.179053], [46.43534, 41.179248], [46.435096, 41.179354], [46.434881, 41.179515], [46.434772, 41.179579], [46.434737, 41.179599], [46.434605, 41.179693], [46.434549, 41.179732], [46.433982, 41.180015], [46.43358, 41.180357], [46.433033, 41.180742], [46.432746, 41.180945], [46.432575, 41.181036], [46.432403, 41.181087], [46.432661, 41.181228], [46.432757, 41.181263], [46.432897, 41.181313], [46.432918, 41.181321], [46.433415, 41.181576], [46.433711, 41.181793], [46.433995, 41.181885], [46.434689, 41.181959], [46.434965, 41.182114], [46.434703, 41.182606], [46.434503, 41.183041], [46.434298, 41.183198], [46.434075, 41.183367], [46.433813, 41.183566], [46.433175, 41.184348], [46.432862, 41.185019], [46.432069, 41.185386], [46.431617, 41.185557], [46.430998, 41.185551], [46.430617, 41.185604], [46.430222, 41.185478], [46.430163, 41.185421], [46.430073, 41.185335], [46.429754, 41.185305], [46.42726, 41.186182], [46.426418, 41.18763], [46.426145, 41.18784], [46.425755, 41.18814], [46.425092, 41.188664], [46.424794, 41.189156], [46.424783, 41.189418], [46.424781, 41.189494], [46.424776, 41.189611], [46.425276, 41.18999], [46.425441, 41.190479], [46.425727, 41.190648], [46.425944, 41.190583], [46.425979, 41.190567], [46.426062, 41.190527], [46.42629, 41.190579], [46.42643, 41.190605], [46.426565, 41.190631], [46.426876, 41.190696], [46.427111, 41.190631], [46.427489, 41.190413], [46.42772, 41.190317], [46.428021, 41.190193], [46.428057, 41.190172], [46.428165, 41.190109], [46.428603, 41.190138], [46.428985, 41.190147], [46.429186, 41.190158], [46.429268, 41.190177], [46.429288, 41.190225], [46.429288, 41.190253], [46.429289, 41.19028], [46.429245, 41.190377], [46.429183, 41.190426], [46.429076, 41.190451], [46.428875, 41.190499], [46.428698, 41.190596], [46.428416, 41.190752], [46.428103, 41.191031], [46.427682, 41.19136], [46.427149, 41.191538], [46.426839, 41.191528], [46.42677, 41.191572], [46.426695, 41.191619], [46.426463, 41.191801], [46.426211, 41.191961], [46.426022, 41.192082], [46.425872, 41.192134], [46.425462, 41.192274], [46.425181, 41.19234], [46.4251, 41.192368], [46.424519, 41.192854], [46.424314, 41.192956], [46.424095, 41.193065], [46.423728, 41.193352], [46.423298, 41.193673], [46.422831, 41.193968], [46.422239, 41.194388], [46.421914, 41.194523], [46.421788, 41.194579], [46.421557, 41.194847], [46.421234, 41.195071], [46.420936, 41.195199], [46.420832, 41.195454], [46.420619, 41.195646], [46.420484, 41.195768], [46.420306, 41.195949], [46.420019, 41.196166], [46.419941, 41.196278], [46.419913, 41.196319], [46.419554, 41.19655], [46.419384, 41.196704], [46.419283, 41.196733], [46.41914, 41.196775], [46.419064, 41.196808], [46.418959, 41.196853], [46.418445, 41.197093], [46.418128, 41.197139], [46.417918, 41.197114], [46.41757, 41.197029], [46.417325, 41.197082], [46.417098, 41.197131], [46.416964, 41.197161], [46.416709, 41.197218], [46.41629, 41.197244], [46.415765, 41.197381], [46.415364, 41.197771], [46.41481, 41.19872], [46.414741, 41.198893], [46.414515, 41.198978], [46.414236, 41.199112], [46.414106, 41.19941], [46.41377, 41.199476], [46.413461, 41.199588], [46.413336, 41.199632], [46.41293, 41.199768], [46.412551, 41.199931], [46.41246, 41.199967], [46.412416, 41.199975], [46.412225, 41.200014], [46.412047, 41.200216], [46.412272, 41.20097], [46.412185, 41.201569], [46.412331, 41.202014], [46.412595, 41.202346], [46.412762, 41.202556], [46.412731, 41.202831], [46.41256, 41.203329], [46.412466, 41.203612], [46.412393, 41.204442], [46.412345, 41.204772], [46.412345, 41.204773], [46.412256, 41.205279], [46.412248, 41.205324], [46.411676, 41.205407], [46.411545, 41.205498], [46.411415, 41.205589], [46.411281, 41.205629], [46.411126, 41.205675], [46.411006, 41.205659], [46.410934, 41.20565], [46.410797, 41.205644], [46.41048, 41.205731], [46.410048, 41.205977], [46.409654, 41.206257], [46.409107, 41.206479], [46.408931, 41.206551], [46.408626, 41.206734], [46.407693, 41.207419], [46.4066, 41.208258], [46.406366, 41.208391], [46.405693, 41.208462], [46.405101, 41.208428], [46.404937, 41.20843], [46.404765, 41.208469], [46.404072, 41.208891], [46.403783, 41.209011], [46.403621, 41.209089], [46.403315, 41.209237], [46.402911, 41.209531], [46.402798, 41.209574], [46.402649, 41.20963], [46.402177, 41.209962], [46.401743, 41.210267], [46.4015, 41.210404], [46.401008, 41.210864], [46.400613, 41.211124], [46.400479, 41.211215], [46.39447, 41.210933], [46.389667, 41.210802], [46.387926, 41.210744], [46.387872, 41.21076], [46.387854, 41.210766], [46.38732, 41.210936], [46.385836, 41.211409], [46.383579, 41.211921], [46.383379, 41.211965], [46.380452, 41.213964], [46.377991, 41.21562], [46.377958, 41.21755], [46.377923, 41.2187167], [46.377905, 41.219335], [46.37693, 41.220609], [46.374258, 41.223107], [46.372818, 41.223953], [46.36788, 41.226134], [46.365114, 41.228481], [46.364865, 41.229971], [46.363987, 41.230313], [46.363642, 41.230736], [46.362534, 41.23141], [46.362523, 41.231417], [46.362331, 41.230998], [46.362008, 41.230684], [46.361585, 41.230556], [46.361129, 41.230562], [46.360669, 41.23061], [46.360042, 41.230575], [46.359497, 41.230489], [46.358567, 41.230486], [46.357895, 41.230229], [46.35729, 41.229911], [46.356687, 41.229476], [46.356108, 41.229303], [46.355587, 41.228879], [46.354856, 41.228751], [46.354526, 41.228468], [46.354106, 41.228473], [46.353826, 41.228529], [46.353232, 41.228642], [46.352708, 41.228728], [46.352158, 41.22871], [46.351792, 41.228553], [46.351613, 41.228344], [46.3515, 41.227974], [46.351299, 41.227531]]], [[[46.665307, 41.350132], [46.665819, 41.349873], [46.665658, 41.349776], [46.665655, 41.349661], [46.665837, 41.349383], [46.666197, 41.349078], [46.666813, 41.34916], [46.667147, 41.348138], [46.667211, 41.347119], [46.66642, 41.346112], [46.665638, 41.345445], [46.665423, 41.344091], [46.665427, 41.342462], [46.665315, 41.341368], [46.665925, 41.340827], [46.666793, 41.341323], [46.66771, 41.341954], [46.667858, 41.342461], [46.668058, 41.343239], [46.668299, 41.34388], [46.668989, 41.344447], [46.670265, 41.345039], [46.670873, 41.345946], [46.671035, 41.346996], [46.67071, 41.348357], [46.669792, 41.349457], [46.668457, 41.350053], [46.667204, 41.350376], [46.665761, 41.350261], [46.665307, 41.350132]]], [[[46.676301, 41.339151], [46.676425, 41.338602], [46.676564, 41.338145], [46.677346, 41.337288], [46.678521, 41.336822], [46.679275, 41.336699], [46.680444, 41.33713], [46.681264, 41.337887], [46.682036, 41.337939], [46.682909, 41.33799], [46.683842, 41.337825], [46.68458, 41.33762], [46.684916, 41.337241], [46.685222, 41.336757], [46.685358, 41.336186], [46.684896, 41.33534], [46.683947, 41.334189], [46.683935, 41.332982], [46.684284, 41.332704], [46.685328, 41.332657], [46.686665, 41.332669], [46.687796, 41.332747], [46.688769, 41.333236], [46.689497, 41.333887], [46.690023, 41.334856], [46.690174, 41.33583], [46.689706, 41.33716], [46.689114, 41.338491], [46.688758, 41.339252], [46.688183, 41.339639], [46.686198, 41.340487], [46.685036, 41.340787], [46.682081, 41.34124], [46.680779, 41.341007], [46.678672, 41.340313], [46.676301, 41.339151]]], [[[46.686956, 41.326857], [46.687129, 41.326621], [46.68742, 41.32667], [46.687966, 41.326693], [46.688725, 41.326903], [46.689401, 41.327115], [46.690463, 41.327477], [46.691133, 41.327564], [46.692071, 41.327582], [46.692795, 41.327603], [46.693592, 41.327656], [46.693962, 41.327693], [46.694291, 41.327763], [46.694699, 41.327815], [46.694939, 41.327839], [46.695412, 41.327846], [46.695543, 41.327773], [46.695786, 41.327641], [46.695915, 41.327539], [46.696232, 41.327349], [46.696715, 41.326985], [46.696822, 41.326712], [46.697451, 41.326175], [46.697582, 41.326116], [46.697772, 41.326127], [46.698168, 41.326093], [46.698693, 41.3259], [46.698996, 41.325881], [46.699163, 41.325786], [46.699201, 41.325764], [46.699379, 41.325333], [46.699375, 41.325162], [46.699119, 41.324809], [46.69884, 41.324257], [46.698764, 41.324243], [46.698595, 41.324289], [46.698314, 41.324393], [46.697721, 41.324188], [46.697172, 41.324167], [46.696656, 41.323989], [46.695664, 41.32369], [46.69533, 41.323573], [46.695671, 41.323219], [46.695879, 41.322779], [46.695745, 41.322781], [46.695117, 41.322672], [46.694643, 41.322444], [46.694365, 41.322148], [46.694018, 41.321886], [46.693418, 41.321745], [46.693162, 41.321983], [46.692808, 41.321796], [46.692666, 41.321798], [46.692482, 41.32179], [46.692285, 41.321858], [46.692073, 41.321914], [46.691873, 41.321864], [46.691489, 41.321848], [46.691164, 41.321906], [46.690997, 41.322016], [46.690507, 41.32229], [46.690323, 41.322325], [46.690081, 41.322307], [46.689728, 41.322377], [46.689173, 41.322342], [46.68882, 41.322245], [46.688697, 41.322017], [46.688709, 41.321932], [46.688918, 41.321811], [46.689907, 41.321604], [46.690908, 41.321321], [46.692664, 41.320589], [46.693771, 41.32031], [46.694136, 41.320155], [46.695152, 41.319359], [46.695516, 41.319161], [46.696097, 41.319109], [46.696567, 41.319177], [46.697401, 41.319583], [46.699708, 41.321202], [46.701233, 41.322528], [46.702862, 41.324287], [46.70319, 41.324881], [46.703347, 41.325478], [46.703382, 41.326248], [46.703189, 41.327316], [46.702885, 41.328166], [46.702445, 41.32874], [46.701568, 41.329385], [46.701259, 41.329528], [46.700117, 41.329834], [46.69877, 41.329908], [46.698136, 41.329837], [46.697446, 41.329504], [46.696548, 41.328799], [46.695768, 41.328372], [46.694757, 41.328035], [46.694001, 41.328089], [46.693365, 41.328227], [46.692354, 41.328659], [46.690839, 41.32881], [46.690266, 41.328625], [46.689011, 41.327744], [46.688108, 41.327355], [46.687377, 41.327042], [46.686956, 41.326857]]], [[[46.690196, 41.31473], [46.69114, 41.31363], [46.692464, 41.312649], [46.694905, 41.311398], [46.697265, 41.309894], [46.698048, 41.309536], [46.699871, 41.306113], [46.700209, 41.304328], [46.700034, 41.30306], [46.69961, 41.302054], [46.698763, 41.301026], [46.698536, 41.300325], [46.698414, 41.2997541], [46.698239, 41.298931], [46.698907, 41.298435], [46.699119, 41.298344], [46.699717, 41.298871], [46.699834, 41.2990069], [46.699834, 41.299007], [46.701733, 41.301216], [46.703156, 41.303205], [46.703464, 41.304311], [46.703384, 41.305135], [46.702856, 41.306311], [46.701971, 41.307453], [46.699405, 41.309329], [46.698704, 41.309723], [46.696343, 41.311012], [46.69496, 41.312097], [46.693942, 41.313285], [46.692846, 41.314283], [46.692102, 41.314895], [46.690986, 41.315129], [46.690332, 41.315089], [46.690196, 41.31473]]], [[[46.703179, 41.295408], [46.703216, 41.295246], [46.703296, 41.295151], [46.703443, 41.295134], [46.703718, 41.295176], [46.704257, 41.295293], [46.704672, 41.29538], [46.705252, 41.295477], [46.705978, 41.295466], [46.706753, 41.295366], [46.706899, 41.295347], [46.70756, 41.295216], [46.708199, 41.295001], [46.708569, 41.294824], [46.7091, 41.29451], [46.70946, 41.294099], [46.709928, 41.293771], [46.710603, 41.293387], [46.710869, 41.293306], [46.71123, 41.293201], [46.711451, 41.293123], [46.711785, 41.292968], [46.712076, 41.29274], [46.71236, 41.292678], [46.712576, 41.292602], [46.7127087, 41.2925641], [46.712994, 41.292483], [46.713487, 41.292408], [46.713905, 41.292376], [46.714173, 41.292307], [46.714469, 41.292171], [46.715021, 41.291983], [46.715563, 41.291796], [46.715663, 41.291694], [46.715774, 41.291591], [46.715866, 41.291558], [46.716051, 41.291532], [46.716194, 41.291484], [46.716346, 41.29138], [46.716478, 41.291308], [46.716641, 41.291212], [46.716996, 41.290997], [46.717204, 41.290873], [46.717599, 41.290785], [46.71786, 41.290651], [46.718564, 41.290613], [46.719046, 41.29033], [46.721064, 41.288911], [46.721389, 41.288571], [46.721733, 41.288295], [46.72221, 41.287748], [46.722717, 41.287317], [46.723474, 41.287146], [46.72403, 41.286746], [46.7243898, 41.2860814], [46.724489, 41.285898], [46.724813, 41.285737], [46.724697, 41.285214], [46.722999, 41.283945], [46.72257, 41.283693], [46.722263, 41.283531], [46.721867, 41.283005], [46.721596, 41.282674], [46.720755, 41.28211], [46.720403, 41.281957], [46.720013, 41.281683], [46.719536, 41.281687], [46.719152, 41.281647], [46.718661, 41.281366], [46.718225, 41.280886], [46.716375, 41.28023], [46.713775, 41.279328], [46.713297, 41.279189], [46.712676, 41.27873], [46.712007, 41.278283], [46.711588, 41.277772], [46.7115, 41.277117], [46.710762, 41.275996], [46.710762, 41.275973], [46.710276, 41.275298], [46.709862, 41.274764], [46.709659, 41.274366], [46.709884, 41.273398], [46.710417, 41.272702], [46.711588, 41.271829], [46.711861, 41.271894], [46.711859, 41.272768], [46.712054, 41.273487], [46.712402, 41.274298], [46.714326, 41.277109], [46.714795, 41.277691], [46.715747, 41.278475], [46.717333, 41.27942], [46.719736, 41.280809], [46.721462, 41.281818], [46.722983, 41.283144], [46.724322, 41.284283], [46.725322, 41.284951], [46.725703, 41.285098], [46.726256, 41.285051], [46.726619, 41.284907], [46.7266228, 41.2849055], [46.726954, 41.284775], [46.7270006, 41.2847065], [46.727001, 41.284706], [46.727269, 41.284314], [46.727404, 41.283704], [46.727256, 41.282852], [46.726786, 41.282213], [46.725507, 41.281473], [46.724044, 41.280393], [46.723468, 41.279585], [46.723377, 41.278978], [46.723587, 41.278348], [46.724173, 41.277675], [46.724643, 41.277326], [46.725267, 41.277145], [46.726122, 41.277076], [46.726954, 41.27712], [46.727915, 41.277296], [46.728451, 41.277573], [46.729378, 41.278337], [46.729745, 41.278883], [46.729999, 41.279924], [46.730065, 41.280996], [46.730461, 41.281712], [46.731209, 41.28249], [46.731342, 41.282629], [46.731905, 41.282982], [46.733048, 41.283363], [46.734263, 41.283592], [46.735199, 41.28373], [46.735863, 41.284081], [46.736095, 41.284286], [46.736316, 41.285042], [46.736276, 41.285442], [46.736111, 41.285862], [46.735869, 41.286208], [46.735321, 41.286463], [46.733863, 41.287007], [46.731851, 41.288063], [46.730615, 41.288956], [46.729736, 41.289995], [46.72907, 41.290517], [46.728197, 41.290853], [46.72735, 41.290996], [46.726719, 41.290908], [46.72558, 41.290487], [46.724395, 41.290165], [46.723506, 41.290069], [46.722749, 41.290092], [46.721769, 41.290216], [46.720888, 41.2904], [46.71849, 41.291073], [46.717574, 41.291385], [46.716216, 41.292006], [46.715447, 41.292565], [46.714513, 41.293304], [46.71442, 41.293363], [46.713466, 41.293967], [46.711695, 41.294899], [46.710475, 41.295266], [46.709487, 41.295501], [46.707963, 41.295941], [46.70636, 41.296164], [46.705542, 41.296151], [46.705344, 41.296108], [46.7053433, 41.2961079], [46.704189, 41.295854], [46.703367, 41.295648], [46.703182, 41.295526], [46.703179, 41.295408]]]]}}]}