run_accession,study_accession,sample_accession,scientific_name,sample_title,tissue_type,dev_stage,tissue,tissue_source,condition,condition_source,metadata_source,study_title,metadata_blob
CRR314451,,,,,,,Unspecified,,Unspecified,,unresolved: non-INSDC accession (CNCB-NGDC GSA),,
CRR314452,,,,,,,Unspecified,,Unspecified,,unresolved: non-INSDC accession (CNCB-NGDC GSA),,
CRR314453,,,,,,,Unspecified,,Unspecified,,unresolved: non-INSDC accession (CNCB-NGDC GSA),,
CRR314454,,,,,,,Unspecified,,Unspecified,,unresolved: non-INSDC accession (CNCB-NGDC GSA),,
CRR314455,,,,,,,Unspecified,,Unspecified,,unresolved: non-INSDC accession (CNCB-NGDC GSA),,
CRR314456,,,,,,,Unspecified,,Unspecified,,unresolved: non-INSDC accession (CNCB-NGDC GSA),,
CRR314457,,,,,,,Unspecified,,Unspecified,,unresolved: non-INSDC accession (CNCB-NGDC GSA),,
CRR314458,,,,,,,Unspecified,,Unspecified,,unresolved: non-INSDC accession (CNCB-NGDC GSA),,
CRR314459,,,,,,,Unspecified,,Unspecified,,unresolved: non-INSDC accession (CNCB-NGDC GSA),,
CRR314460,,,,,,,Unspecified,,Unspecified,,unresolved: non-INSDC accession (CNCB-NGDC GSA),,
CRR314461,,,,,,,Unspecified,,Unspecified,,unresolved: non-INSDC accession (CNCB-NGDC GSA),,
CRR314462,,,,,,,Unspecified,,Unspecified,,unresolved: non-INSDC accession (CNCB-NGDC GSA),,
ERR2040723,PRJEB21674,SAMEA104170767,Amaryllis belladonna,OneKP Sample ID: LDME,,,Unspecified,,Unspecified,,ENA,1000 Plant (1KP) Transcriptomes: The Remaining Data,OneKP Sample ID: LDME | LDME | Illumina Genome Analyzer II paired end sequencing | 1000 Plants (1kP) RNA-Seq Transcriptome Sample ID: LDME | Illumina Genome Analyzer II paired end sequencing | description=1000 Plants (1kP) RNA-Seq Transcriptome Sample ID: LDME | organism=Amaryllis belladonna | scientific_name=Amaryllis belladonna | sequencer=GA II | source_mat_id=JCP-2012-1000-0003 (UMO) | title=OneKP Sample ID: LDME
ERR2040724,PRJEB21674,SAMEA104170768,Narcissus viridiflorus,OneKP Sample ID: XEUV,young leaf,,Leaf,declared,Unspecified,,ENA,1000 Plant (1KP) Transcriptomes: The Remaining Data,young leaf | OneKP Sample ID: XEUV | XEUV | Illumina HiSeq 2000 paired end sequencing | 1000 Plants (1kP) RNA-Seq Transcriptome Sample ID: XEUV | Illumina HiSeq 2000 paired end sequencing | description=1000 Plants (1kP) RNA-Seq Transcriptome Sample ID: XEUV | organism=Narcissus viridiflorus | scientific_name=Narcissus viridiflorus | sequencer=HiSeq | source_mat_id=Jury 12586 | tissue_type=young leaf | title=OneKP Sample ID: XEUV
ERR2040725,PRJEB21674,SAMEA104170769,Narcissus viridiflorus,OneKP Sample ID: IQYY,young flower,,Flower,declared,Unspecified,,ENA,1000 Plant (1KP) Transcriptomes: The Remaining Data,young flower | OneKP Sample ID: IQYY | IQYY | Illumina HiSeq 2000 paired end sequencing | 1000 Plants (1kP) RNA-Seq Transcriptome Sample ID: IQYY | Illumina HiSeq 2000 paired end sequencing | description=1000 Plants (1kP) RNA-Seq Transcriptome Sample ID: IQYY | organism=Narcissus viridiflorus | scientific_name=Narcissus viridiflorus | sequencer=HiSeq | source_mat_id=Jury 12586 | tissue_type=young flower | title=OneKP Sample ID: IQYY
ERR2040726,PRJEB21674,SAMEA104170770,Phycella chilensis,OneKP Sample ID: JDTY,leaves,,Leaf,declared,Unspecified,,ENA,1000 Plant (1KP) Transcriptomes: The Remaining Data,leaves | OneKP Sample ID: JDTY | JDTY | Illumina HiSeq 2000 paired end sequencing | 1000 Plants (1kP) RNA-Seq Transcriptome Sample ID: JDTY | Illumina HiSeq 2000 paired end sequencing | description=1000 Plants (1kP) RNA-Seq Transcriptome Sample ID: JDTY | organism=Rhodophiala pratensis | scientific_name=Rhodophiala pratensis | sequencer=HiSeq | source_mat_id=N. Garcia 4372 (G79) | tissue_type=leaves | title=OneKP Sample ID: JDTY
ERR2040727,PRJEB21674,SAMEA104170771,Traubia modesta,OneKP Sample ID: ZKPF,sepals,,Tepal/Petal,declared,Unspecified,,ENA,1000 Plant (1KP) Transcriptomes: The Remaining Data,sepals | OneKP Sample ID: ZKPF | ZKPF | Illumina HiSeq 2000 paired end sequencing | 1000 Plants (1kP) RNA-Seq Transcriptome Sample ID: ZKPF | Illumina HiSeq 2000 paired end sequencing | description=1000 Plants (1kP) RNA-Seq Transcriptome Sample ID: ZKPF | organism=Traubia modesta | scientific_name=Traubia modesta | sequencer=HiSeq | source_mat_id=Garcia 3014 | tissue_type=sepals | title=OneKP Sample ID: ZKPF
ERR2040728,PRJEB21674,SAMEA104170772,Zephyranthes treatiae,OneKP Sample ID: DPFW,leaves and flower buds,,Multiple/Pooled,declared,Unspecified,,ENA,1000 Plant (1KP) Transcriptomes: The Remaining Data,leaves and flower buds | OneKP Sample ID: DPFW | DPFW | Illumina HiSeq 2000 paired end sequencing | 1000 Plants (1kP) RNA-Seq Transcriptome Sample ID: DPFW | Illumina HiSeq 2000 paired end sequencing | description=1000 Plants (1kP) RNA-Seq Transcriptome Sample ID: DPFW | organism=Zephyranthes treatiae | scientific_name=Zephyranthes treatiae | sequencer=HiSeq | source_mat_id=N. Garcia 4373 | tissue_type=leaves and flower buds | title=OneKP Sample ID: DPFW
ERR3487375,PRJEB21674,SAMEA5881881,Phycella sp. 1KP,OneKP Sample ID: DMIN,leaves,,Leaf,declared,Unspecified,,ENA,1000 Plant (1KP) Transcriptomes: The Remaining Data,leaves | OneKP Sample ID: DMIN | DMIN | Illumina HiSeq 2000 paired end sequencing | 1000 Plants (1kP) RNA-Seq Transcriptome Sample ID: DMIN — Phycella aff. cyrtanthoides | Illumina HiSeq 2000 paired end sequencing | description=1000 Plants (1kP) RNA-Seq Transcriptome Sample ID: DMIN — Phycella aff. cyrtanthoides | organism=Phycella sp. 1KP | scientific_name=Phycella sp. 1KP | sequencer=HiSeq | source_mat_id=N. Garcia G01 | tissue_type=leaves | title=OneKP Sample ID: DMIN
SRR10198447,PRJNA574731,SAMN12868454,Lycoris radiata,Plant sample from Lycoris radiata,Large bud,Bud enlarge stage,Flower,declared,Developmental stage,declared,ENA,Transcriptome analysis of bulblet initiation and development in Lycoris radiata,Large bud | Bud enlarge stage | Plant sample from Lycoris radiata | B7-1 | BGISEQ-500 sequencing: RNA-Seq of Lycoris radiata | Plant sample from Lycoris radiata | BGISEQ-500 sequencing: RNA-Seq of Lycoris radiata | BioSampleModel=Plant | INSDC secondary accession=SRS5449662 | NCBI submission package=Plant.1.0 | age=7DAT | cultivar=not applicable | dev_stage=Bud enlarge stage | ecotype=not applicable | geo_loc_name=China:Shanghai | isolate=not applicable | organism=Lycoris radiata | replicate=biological replicate 1 | tissue=Large bud | title=Plant sample from Lycoris radiata
SRR10198448,PRJNA574731,SAMN12868453,Lycoris radiata,Plant sample from Lycoris radiata,Bud,Bud initiation stage,Flower,declared,Developmental stage,declared,ENA,Transcriptome analysis of bulblet initiation and development in Lycoris radiata,Bud | Bud initiation stage | Plant sample from Lycoris radiata | B3-3 | BGISEQ-500 sequencing: RNA-Seq of Lycoris radiata | Plant sample from Lycoris radiata | BGISEQ-500 sequencing: RNA-Seq of Lycoris radiata | BioSampleModel=Plant | INSDC secondary accession=SRS5449661 | NCBI submission package=Plant.1.0 | age=3DAT | cultivar=not applicable | dev_stage=Bud initiation stage | ecotype=not applicable | geo_loc_name=China:Shanghai | isolate=not applicable | organism=Lycoris radiata | replicate=biological replicate 3 | tissue=Bud | title=Plant sample from Lycoris radiata
SRR10198449,PRJNA574731,SAMN12868452,Lycoris radiata,Plant sample from Lycoris radiata,Bud,Bud initiation stage,Flower,declared,Developmental stage,declared,ENA,Transcriptome analysis of bulblet initiation and development in Lycoris radiata,Bud | Bud initiation stage | Plant sample from Lycoris radiata | B3-2 | BGISEQ-500 sequencing: RNA-Seq of Lycoris radiata | Plant sample from Lycoris radiata | BGISEQ-500 sequencing: RNA-Seq of Lycoris radiata | BioSampleModel=Plant | INSDC secondary accession=SRS5449660 | NCBI submission package=Plant.1.0 | age=3DAT | cultivar=not applicable | dev_stage=Bud initiation stage | ecotype=not applicable | geo_loc_name=China:Shanghai | isolate=not applicable | organism=Lycoris radiata | replicate=biological replicate 2 | tissue=Bud | title=Plant sample from Lycoris radiata
SRR10198450,PRJNA574731,SAMN12868451,Lycoris radiata,Plant sample from Lycoris radiata,Bud,Bud initiation stage,Flower,declared,Developmental stage,declared,ENA,Transcriptome analysis of bulblet initiation and development in Lycoris radiata,Bud | Bud initiation stage | Plant sample from Lycoris radiata | B3-1 | BGISEQ-500 sequencing: RNA-Seq of Lycoris radiata | Plant sample from Lycoris radiata | BGISEQ-500 sequencing: RNA-Seq of Lycoris radiata | BioSampleModel=Plant | INSDC secondary accession=SRS5449659 | NCBI submission package=Plant.1.0 | age=3DAT | cultivar=not applicable | dev_stage=Bud initiation stage | ecotype=not applicable | geo_loc_name=China:Shanghai | isolate=not applicable | organism=Lycoris radiata | replicate=biological replicate 1 | tissue=Bud | title=Plant sample from Lycoris radiata
SRR10198451,PRJNA574731,SAMN12868450,Lycoris radiata,Plant sample from Lycoris radiata,bulb tissue,Competence stage,Bulb,declared,Developmental stage,declared,ENA,Transcriptome analysis of bulblet initiation and development in Lycoris radiata,bulb tissue | Competence stage | Plant sample from Lycoris radiata | B1-3 | BGISEQ-500 sequencing: RNA-Seq of Lycoris radiata | Plant sample from Lycoris radiata | BGISEQ-500 sequencing: RNA-Seq of Lycoris radiata | BioSampleModel=Plant | INSDC secondary accession=SRS5449658 | NCBI submission package=Plant.1.0 | age=1DAT | cultivar=not applicable | dev_stage=Competence stage | ecotype=not applicable | geo_loc_name=China:Shanghai | isolate=not applicable | organism=Lycoris radiata | replicate=biological replicate 3 | tissue=bulb tissue | title=Plant sample from Lycoris radiata
SRR10198452,PRJNA574731,SAMN12868449,Lycoris radiata,Plant sample from Lycoris radiata,bulb tissue,Competence stage,Bulb,declared,Developmental stage,declared,ENA,Transcriptome analysis of bulblet initiation and development in Lycoris radiata,bulb tissue | Competence stage | Plant sample from Lycoris radiata | B1-2 | BGISEQ-500 sequencing: RNA-Seq of Lycoris radiata | Plant sample from Lycoris radiata | BGISEQ-500 sequencing: RNA-Seq of Lycoris radiata | BioSampleModel=Plant | INSDC secondary accession=SRS5449657 | NCBI submission package=Plant.1.0 | age=1DAT | cultivar=not applicable | dev_stage=Competence stage | ecotype=not applicable | geo_loc_name=China:Shanghai | isolate=not applicable | organism=Lycoris radiata | replicate=biological replicate 2 | tissue=bulb tissue | title=Plant sample from Lycoris radiata
SRR10198453,PRJNA574731,SAMN12868448,Lycoris radiata,Plant sample from Lycoris radiata,bulb tissue,Competence stage,Bulb,declared,Developmental stage,declared,ENA,Transcriptome analysis of bulblet initiation and development in Lycoris radiata,bulb tissue | Competence stage | Plant sample from Lycoris radiata | B1-1 | BGISEQ-500 sequencing: RNA-Seq of Lycoris radiata | Plant sample from Lycoris radiata | BGISEQ-500 sequencing: RNA-Seq of Lycoris radiata | BioSampleModel=Plant | INSDC secondary accession=SRS5449656 | NCBI submission package=Plant.1.0 | age=1DAT | cultivar=not applicable | dev_stage=Competence stage | ecotype=not applicable | geo_loc_name=China:Shanghai | isolate=not applicable | organism=Lycoris radiata | replicate=biological replicate 1 | tissue=bulb tissue | title=Plant sample from Lycoris radiata
SRR10198454,PRJNA574731,SAMN12868447,Lycoris radiata,Plant sample from Lycoris radiata,bulb tissue,Dromancy stage,Bulb,declared,Developmental stage,declared,ENA,Transcriptome analysis of bulblet initiation and development in Lycoris radiata,bulb tissue | Dromancy stage | Plant sample from Lycoris radiata | B0-3 | BGISEQ-500 sequencing: RNA-Seq of Lycoris radiata | Plant sample from Lycoris radiata | BGISEQ-500 sequencing: RNA-Seq of Lycoris radiata | BioSampleModel=Plant | INSDC secondary accession=SRS5449655 | NCBI submission package=Plant.1.0 | age=0DAT | cultivar=not applicable | dev_stage=Dromancy stage | ecotype=not applicable | geo_loc_name=China:Shanghai | isolate=not applicable | organism=Lycoris radiata | replicate=biological replicate 3 | tissue=bulb tissue | title=Plant sample from Lycoris radiata
SRR10198455,PRJNA574731,SAMN12868462,Lycoris radiata,Plant sample from Lycoris radiata,Large bulblet,Bulblet development stage,Bulb,declared,Developmental stage,declared,ENA,Transcriptome analysis of bulblet initiation and development in Lycoris radiata,Large bulblet | Bulblet development stage | Plant sample from Lycoris radiata | B30-3 | BGISEQ-500 sequencing: RNA-Seq of Lycoris radiata | Plant sample from Lycoris radiata | BGISEQ-500 sequencing: RNA-Seq of Lycoris radiata | BioSampleModel=Plant | INSDC secondary accession=SRS5449654 | NCBI submission package=Plant.1.0 | age=30DAT | cultivar=not applicable | dev_stage=Bulblet development stage | ecotype=not applicable | geo_loc_name=China:Shanghai | isolate=not applicable | organism=Lycoris radiata | replicate=biological replicate 3 | tissue=Large bulblet | title=Plant sample from Lycoris r
SRR10198456,PRJNA574731,SAMN12868461,Lycoris radiata,Plant sample from Lycoris radiata,Large bulblet,Bulblet development stage,Bulb,declared,Developmental stage,declared,ENA,Transcriptome analysis of bulblet initiation and development in Lycoris radiata,Large bulblet | Bulblet development stage | Plant sample from Lycoris radiata | B30-2 | BGISEQ-500 sequencing: RNA-Seq of Lycoris radiata | Plant sample from Lycoris radiata | BGISEQ-500 sequencing: RNA-Seq of Lycoris radiata | BioSampleModel=Plant | INSDC secondary accession=SRS5449653 | NCBI submission package=Plant.1.0 | age=30DAT | cultivar=not applicable | dev_stage=Bulblet development stage | ecotype=not applicable | geo_loc_name=China:Shanghai | isolate=not applicable | organism=Lycoris radiata | replicate=biological replicate 2 | tissue=Large bulblet | title=Plant sample from Lycoris r
SRR10198457,PRJNA574731,SAMN12868460,Lycoris radiata,Plant sample from Lycoris radiata,Large bulblet,Bulblet development stage,Bulb,declared,Developmental stage,declared,ENA,Transcriptome analysis of bulblet initiation and development in Lycoris radiata,Large bulblet | Bulblet development stage | Plant sample from Lycoris radiata | B30-1 | BGISEQ-500 sequencing: RNA-Seq of Lycoris radiata | Plant sample from Lycoris radiata | BGISEQ-500 sequencing: RNA-Seq of Lycoris radiata | BioSampleModel=Plant | INSDC secondary accession=SRS5449652 | NCBI submission package=Plant.1.0 | age=30DAT | cultivar=not applicable | dev_stage=Bulblet development stage | ecotype=not applicable | geo_loc_name=China:Shanghai | isolate=not applicable | organism=Lycoris radiata | replicate=biological replicate 1 | tissue=Large bulblet | title=Plant sample from Lycoris r
SRR10198458,PRJNA574731,SAMN12868459,Lycoris radiata,Plant sample from Lycoris radiata,young bulblet,Bulblet emergence stage,Bulb,declared,Developmental stage,declared,ENA,Transcriptome analysis of bulblet initiation and development in Lycoris radiata,young bulblet | Bulblet emergence stage | Plant sample from Lycoris radiata | B14-3 | BGISEQ-500 sequencing: RNA-Seq of Lycoris radiata | Plant sample from Lycoris radiata | BGISEQ-500 sequencing: RNA-Seq of Lycoris radiata | BioSampleModel=Plant | INSDC secondary accession=SRS5449651 | NCBI submission package=Plant.1.0 | age=14DAT | cultivar=not applicable | dev_stage=Bulblet emergence stage | ecotype=not applicable | geo_loc_name=China:Shanghai | isolate=not applicable | organism=Lycoris radiata | replicate=biological replicate 3 | tissue=young bulblet | title=Plant sample from Lycoris radia
SRR10198459,PRJNA574731,SAMN12868458,Lycoris radiata,Plant sample from Lycoris radiata,young bulblet,Bulblet emergence stage,Bulb,declared,Developmental stage,declared,ENA,Transcriptome analysis of bulblet initiation and development in Lycoris radiata,young bulblet | Bulblet emergence stage | Plant sample from Lycoris radiata | B14-2 | BGISEQ-500 sequencing: RNA-Seq of Lycoris radiata | Plant sample from Lycoris radiata | BGISEQ-500 sequencing: RNA-Seq of Lycoris radiata | BioSampleModel=Plant | INSDC secondary accession=SRS5449650 | NCBI submission package=Plant.1.0 | age=14DAT | cultivar=not applicable | dev_stage=Bulblet emergence stage | ecotype=not applicable | geo_loc_name=China:Shanghai | isolate=not applicable | organism=Lycoris radiata | replicate=biological replicate 2 | tissue=young bulblet | title=Plant sample from Lycoris radia
SRR10198460,PRJNA574731,SAMN12868457,Lycoris radiata,Plant sample from Lycoris radiata,young bulblet,Bulblet emergence stage,Bulb,declared,Developmental stage,declared,ENA,Transcriptome analysis of bulblet initiation and development in Lycoris radiata,young bulblet | Bulblet emergence stage | Plant sample from Lycoris radiata | B14-1 | BGISEQ-500 sequencing: RNA-Seq of Lycoris radiata | Plant sample from Lycoris radiata | BGISEQ-500 sequencing: RNA-Seq of Lycoris radiata | BioSampleModel=Plant | INSDC secondary accession=SRS5449649 | NCBI submission package=Plant.1.0 | age=14DAT | cultivar=not applicable | dev_stage=Bulblet emergence stage | ecotype=not applicable | geo_loc_name=China:Shanghai | isolate=not applicable | organism=Lycoris radiata | replicate=biological replicate 1 | tissue=young bulblet | title=Plant sample from Lycoris radia
SRR10198461,PRJNA574731,SAMN12868456,Lycoris radiata,Plant sample from Lycoris radiata,Large bud,Bud enlarge stage,Flower,declared,Developmental stage,declared,ENA,Transcriptome analysis of bulblet initiation and development in Lycoris radiata,Large bud | Bud enlarge stage | Plant sample from Lycoris radiata | B7-3 | BGISEQ-500 sequencing: RNA-Seq of Lycoris radiata | Plant sample from Lycoris radiata | BGISEQ-500 sequencing: RNA-Seq of Lycoris radiata | BioSampleModel=Plant | INSDC secondary accession=SRS5449648 | NCBI submission package=Plant.1.0 | age=7DAT | cultivar=not applicable | dev_stage=Bud enlarge stage | ecotype=not applicable | geo_loc_name=China:Shanghai | isolate=not applicable | organism=Lycoris radiata | replicate=biological replicate 3 | tissue=Large bud | title=Plant sample from Lycoris radiata
SRR10198462,PRJNA574731,SAMN12868455,Lycoris radiata,Plant sample from Lycoris radiata,Large bud,Bud enlarge stage,Flower,declared,Developmental stage,declared,ENA,Transcriptome analysis of bulblet initiation and development in Lycoris radiata,Large bud | Bud enlarge stage | Plant sample from Lycoris radiata | B7-2 | BGISEQ-500 sequencing: RNA-Seq of Lycoris radiata | Plant sample from Lycoris radiata | BGISEQ-500 sequencing: RNA-Seq of Lycoris radiata | BioSampleModel=Plant | INSDC secondary accession=SRS5449647 | NCBI submission package=Plant.1.0 | age=7DAT | cultivar=not applicable | dev_stage=Bud enlarge stage | ecotype=not applicable | geo_loc_name=China:Shanghai | isolate=not applicable | organism=Lycoris radiata | replicate=biological replicate 2 | tissue=Large bud | title=Plant sample from Lycoris radiata
SRR10198463,PRJNA574731,SAMN12868446,Lycoris radiata,Plant sample from Lycoris radiata,bulb tissue,Dromancy stage,Bulb,declared,Developmental stage,declared,ENA,Transcriptome analysis of bulblet initiation and development in Lycoris radiata,bulb tissue | Dromancy stage | Plant sample from Lycoris radiata | B0-2 | BGISEQ-500 sequencing: RNA-Seq of Lycoris radiata | Plant sample from Lycoris radiata | BGISEQ-500 sequencing: RNA-Seq of Lycoris radiata | BioSampleModel=Plant | INSDC secondary accession=SRS5449646 | NCBI submission package=Plant.1.0 | age=0DAT | cultivar=not applicable | dev_stage=Dromancy stage | ecotype=not applicable | geo_loc_name=China:Shanghai | isolate=not applicable | organism=Lycoris radiata | replicate=biological replicate 2 | tissue=bulb tissue | title=Plant sample from Lycoris radiata
SRR10198464,PRJNA574731,SAMN12868445,Lycoris radiata,Plant sample from Lycoris radiata,bulb tissue,Dromancy stage,Bulb,declared,Developmental stage,declared,ENA,Transcriptome analysis of bulblet initiation and development in Lycoris radiata,bulb tissue | Dromancy stage | Plant sample from Lycoris radiata | B0-1 | BGISEQ-500 sequencing: RNA-Seq of Lycoris radiata | Plant sample from Lycoris radiata | BGISEQ-500 sequencing: RNA-Seq of Lycoris radiata | BioSampleModel=Plant | INSDC secondary accession=SRS5449645 | NCBI submission package=Plant.1.0 | age=0DAT | cultivar=not applicable | dev_stage=Dromancy stage | ecotype=not applicable | geo_loc_name=China:Shanghai | isolate=not applicable | organism=Lycoris radiata | replicate=biological replicate 1 | tissue=bulb tissue | title=Plant sample from Lycoris radiata
SRR10492901,PRJNA590043,SAMN13323772,Lycoris longituba,375-1,root,vegetative stage,Root,declared,Developmental stage,declared,ENA,Lycoris longituba Raw sequence reads,root | vegetative stage | 375-1 | L.longituba root-1 | HiSeq X Ten sequencing: RNA-SeqofLycorislongituba:root-1 | 375-1 | HiSeq X Ten sequencing: RNA-SeqofLycorislongituba:root-1 | BioSampleModel=Plant | INSDC secondary accession=SRS5688247 | NCBI submission package=Plant.1.0 | age=three-year-old | biomaterial_provider=Zheng Yuhong | collected_by=LI Qingzhu | collection_date=2017-02-14 | cultivar=not applicable | dev_stage=vegetative stage | ecotype=not applicable | geo_loc_name=China: Shanghai | isolate=not applicable | organism=Lycoris longituba | tissue=root | title=375-1
SRR10493381,PRJNA590043,SAMN13335296,Lycoris longituba,379-1,leaf,vegetative stage,Leaf,declared,Developmental stage,declared,ENA,Lycoris longituba Raw sequence reads,leaf | vegetative stage | 379-1 | L.longituba leaf-1 | HiSeq X Ten sequencing: RNA-Seq of Lycoris longituba: leaf-1 | 379-1 | HiSeq X Ten sequencing: RNA-Seq of Lycoris longituba: leaf-1 | BioSampleModel=Plant | INSDC secondary accession=SRS5688729 | NCBI submission package=Plant.1.0 | age=three-year-old | biomaterial_provider=Zheng Yuhong | collected_by=LI Qingzhu | collection_date=2017-02-14 | cultivar=not applicable | dev_stage=vegetative stage | ecotype=not applicable | geo_loc_name=China: Shanghai | isolate=not applicable | organism=Lycoris longituba | tissue=leaf | title=379-1
SRR10507258,PRJNA590043,SAMN13333291,Lycoris longituba,375-2,root,vegetative stage,Root,declared,Developmental stage,declared,ENA,Lycoris longituba Raw sequence reads,root | vegetative stage | 375-2 | L.longituba root-2 | HiSeq X Ten sequencing: RNA-Seq of Lycoris longituba: root-2 | 375-2 | HiSeq X Ten sequencing: RNA-Seq of Lycoris longituba: root-2 | BioSampleModel=Plant | INSDC secondary accession=SRS5701771 | NCBI submission package=Plant.1.0 | age=three-year-old | biomaterial_provider=Zheng Yuhong | collected_by=LI Qingzhu | collection_date=2017-02-14 | cultivar=not applicable | dev_stage=vegetative stage | ecotype=not applicable | geo_loc_name=China: Shanghai | isolate=not applicable | organism=Lycoris longituba | tissue=root | title=375-2
SRR10511897,PRJNA590043,SAMN13335393,Lycoris longituba,387-1,bulb,vegetative stage,Bulb,declared,Developmental stage,declared,ENA,Lycoris longituba Raw sequence reads,bulb | vegetative stage | 387-1 | L.longituba bulb-1 | HiSeq X Ten sequencing: RNA-Seq of Lycoris longituba: bulb-1 | 387-1 | HiSeq X Ten sequencing: RNA-Seq of Lycoris longituba: bulb-1 | BioSampleModel=Plant | INSDC secondary accession=SRS5705566 | NCBI submission package=Plant.1.0 | age=three-year-old | biomaterial_provider=Zheng Yuhong | collected_by=LI Qingzhu | collection_date=2017-02-14 | cultivar=not applicable | dev_stage=vegetative stage | ecotype=not applicable | geo_loc_name=China: Shanghai | isolate=not applicable | organism=Lycoris longituba | tissue=bulb | title=387-1
SRR10511993,PRJNA590043,SAMN13335297,Lycoris longituba,379-2,leaf,vegetative stage,Leaf,declared,Developmental stage,declared,ENA,Lycoris longituba Raw sequence reads,leaf | vegetative stage | 379-2 | L.longituba leaf-2 | HiSeq X Ten sequencing: RNA-Seq of Lycoris longituba: leaf-2 | 379-2 | HiSeq X Ten sequencing: RNA-Seq of Lycoris longituba: leaf-2 | BioSampleModel=Plant | INSDC secondary accession=SRS5705653 | NCBI submission package=Plant.1.0 | age=three-year-old | biomaterial_provider=Zheng Yuhong | collected_by=LI Qingzhu | collection_date=2017-02-14 | cultivar=not applicable | dev_stage=vegetative stage | ecotype=not applicable | geo_loc_name=China: Shanghai | isolate=not applicable | organism=Lycoris longituba | tissue=leaf | title=379-2
SRR10572829,PRJNA590043,SAMN13333293,Lycoris longituba,375-3,root,vegetative stage,Root,declared,Developmental stage,declared,ENA,Lycoris longituba Raw sequence reads,root | vegetative stage | 375-3 | L.longituba root-3 | HiSeq X Ten sequencing: RNA-Seq of Lycoris longituba: root-3 | 375-3 | HiSeq X Ten sequencing: RNA-Seq of Lycoris longituba: root-3 | BioSampleModel=Plant | INSDC secondary accession=SRS5751864 | NCBI submission package=Plant.1.0 | age=three-year-old | biomaterial_provider=Zheng Yuhong | collected_by=LI Qingzhu | collection_date=2017-02-14 | cultivar=not applicable | dev_stage=vegetative stage | ecotype=not applicable | geo_loc_name=China: Shanghai | isolate=not applicable | organism=Lycoris longituba | tissue=root | title=375-3
SRR10606324,PRJNA590043,SAMN13335298,Lycoris longituba,379-3,leaf,vegetative stage,Leaf,declared,Developmental stage,declared,ENA,Lycoris longituba Raw sequence reads,leaf | vegetative stage | 379-3 | L.longituba leaf-3 | HiSeq X Ten sequencing: RNA-Seq of Lycoris longituba: Leaf-3 | 379-3 | HiSeq X Ten sequencing: RNA-Seq of Lycoris longituba: Leaf-3 | BioSampleModel=Plant | INSDC secondary accession=SRS5779334 | NCBI submission package=Plant.1.0 | age=three-year-old | biomaterial_provider=Zheng Yuhong | collected_by=LI Qingzhu | collection_date=2017-02-14 | cultivar=not applicable | dev_stage=vegetative stage | ecotype=not applicable | geo_loc_name=China: Shanghai | isolate=not applicable | organism=Lycoris longituba | tissue=leaf | title=379-3
SRR10606328,PRJNA590043,SAMN13335394,Lycoris longituba,387-2,bulb,vegetative stage,Bulb,declared,Developmental stage,declared,ENA,Lycoris longituba Raw sequence reads,bulb | vegetative stage | 387-2 | L.longituba bulb-2 | HiSeq X Ten sequencing: RNA-Seq of Lycoris longituba: bulb-2 | 387-2 | HiSeq X Ten sequencing: RNA-Seq of Lycoris longituba: bulb-2 | BioSampleModel=Plant | INSDC secondary accession=SRS5779338 | NCBI submission package=Plant.1.0 | age=three-year-old | biomaterial_provider=Zheng Yuhong | collected_by=LI Qingzhu | collection_date=2017-02-14 | cultivar=not applicable | dev_stage=vegetative stage | ecotype=not applicable | geo_loc_name=China: Shanghai | isolate=not applicable | organism=Lycoris longituba | tissue=bulb | title=387-2
SRR10612345,PRJNA590043,SAMN13335395,Lycoris longituba,387-3,bulb,vegetative stage,Bulb,declared,Developmental stage,declared,ENA,Lycoris longituba Raw sequence reads,bulb | vegetative stage | 387-3 | L.longituba bulb-3 | HiSeq X Ten sequencing: RNA-Seq of Lycoris longituba:bulb-3 | 387-3 | HiSeq X Ten sequencing: RNA-Seq of Lycoris longituba:bulb-3 | BioSampleModel=Plant | INSDC secondary accession=SRS5785052 | NCBI submission package=Plant.1.0 | age=three-year-old | biomaterial_provider=Zheng Yuhong | collected_by=LI Qingzhu | collection_date=2017-02-14 | cultivar=not applicable | dev_stage=vegetative stage | ecotype=not applicable | geo_loc_name=China: Shanghai | isolate=not applicable | organism=Lycoris longituba | tissue=bulb | title=387-3
SRR11189376,PRJNA608969,SAMN14216836,Hippeastrum hybrid cultivar,Plant sample from Hippeastrum hybrid cultivar,completely petaloid stamen,flowering stage,Anther/Pollen,declared,Developmental stage,declared,ENA,RNA sequencing of floral organs in Hippeastrum hybridum,completely petaloid stamen | flowering stage | Plant sample from Hippeastrum hybrid cultivar | dCST3 | NextSeq 500 sequencing: RNA-seq of floral organs | Plant sample from Hippeastrum hybrid cultivar | NextSeq 500 sequencing: RNA-seq of floral organs | BioSampleModel=Plant | INSDC secondary accession=SRS6222195 | NCBI submission package=Plant.1.0 | age=3 years old | cultivar=Jewel | dev_stage=flowering stage | geo_loc_name=China: Shanghai | organism=Hippeastrum hybrid cultivar | replicate=biological replicate 3 | tissue=completely petaloid stamen | title=Plant sample from Hippeastrum hybrid cu
SRR11189377,PRJNA608969,SAMN14216835,Hippeastrum hybrid cultivar,Plant sample from Hippeastrum hybrid cultivar,completely petaloid stamen,flowering stage,Anther/Pollen,declared,Developmental stage,declared,ENA,RNA sequencing of floral organs in Hippeastrum hybridum,completely petaloid stamen | flowering stage | Plant sample from Hippeastrum hybrid cultivar | dCST2 | NextSeq 500 sequencing: RNA-seq of floral organs | Plant sample from Hippeastrum hybrid cultivar | NextSeq 500 sequencing: RNA-seq of floral organs | BioSampleModel=Plant | INSDC secondary accession=SRS6222194 | NCBI submission package=Plant.1.0 | age=3 years old | cultivar=Jewel | dev_stage=flowering stage | geo_loc_name=China: Shanghai | organism=Hippeastrum hybrid cultivar | replicate=biological replicate 2 | tissue=completely petaloid stamen | title=Plant sample from Hippeastrum hybrid cu
SRR11189378,PRJNA608969,SAMN14216834,Hippeastrum hybrid cultivar,Plant sample from Hippeastrum hybrid cultivar,completely petaloid stamen,flowering stage,Anther/Pollen,declared,Developmental stage,declared,ENA,RNA sequencing of floral organs in Hippeastrum hybridum,completely petaloid stamen | flowering stage | Plant sample from Hippeastrum hybrid cultivar | dCST1 | NextSeq 500 sequencing: RNA-seq of floral organs | Plant sample from Hippeastrum hybrid cultivar | NextSeq 500 sequencing: RNA-seq of floral organs | BioSampleModel=Plant | INSDC secondary accession=SRS6222193 | NCBI submission package=Plant.1.0 | age=3 years old | cultivar=Jewel | dev_stage=flowering stage | geo_loc_name=China: Shanghai | organism=Hippeastrum hybrid cultivar | replicate=biological replicate 1 | tissue=completely petaloid stamen | title=Plant sample from Hippeastrum hybrid cu
SRR11189379,PRJNA608969,SAMN14216833,Hippeastrum hybrid cultivar,Plant sample from Hippeastrum hybrid cultivar,partially petaloid stamen,flowering stage,Anther/Pollen,declared,Developmental stage,declared,ENA,RNA sequencing of floral organs in Hippeastrum hybridum,partially petaloid stamen | flowering stage | Plant sample from Hippeastrum hybrid cultivar | dPST3 | NextSeq 500 sequencing: RNA-seq of floral organs | Plant sample from Hippeastrum hybrid cultivar | NextSeq 500 sequencing: RNA-seq of floral organs | BioSampleModel=Plant | INSDC secondary accession=SRS6222192 | NCBI submission package=Plant.1.0 | age=3 years old | cultivar=Jewel | dev_stage=flowering stage | geo_loc_name=China: Shanghai | organism=Hippeastrum hybrid cultivar | replicate=biological replicate 3 | tissue=partially petaloid stamen | title=Plant sample from Hippeastrum hybrid cult
SRR11189380,PRJNA608969,SAMN14216832,Hippeastrum hybrid cultivar,Plant sample from Hippeastrum hybrid cultivar,partially petaloid stamen,flowering stage,Anther/Pollen,declared,Developmental stage,declared,ENA,RNA sequencing of floral organs in Hippeastrum hybridum,partially petaloid stamen | flowering stage | Plant sample from Hippeastrum hybrid cultivar | dPST2 | NextSeq 500 sequencing: RNA-seq of floral organs | Plant sample from Hippeastrum hybrid cultivar | NextSeq 500 sequencing: RNA-seq of floral organs | BioSampleModel=Plant | INSDC secondary accession=SRS6222191 | NCBI submission package=Plant.1.0 | age=3 years old | cultivar=Jewel | dev_stage=flowering stage | geo_loc_name=China: Shanghai | organism=Hippeastrum hybrid cultivar | replicate=biological replicate 2 | tissue=partially petaloid stamen | title=Plant sample from Hippeastrum hybrid cult
SRR11189381,PRJNA608969,SAMN14216831,Hippeastrum hybrid cultivar,Plant sample from Hippeastrum hybrid cultivar,partially petaloid stamen,flowering stage,Anther/Pollen,declared,Developmental stage,declared,ENA,RNA sequencing of floral organs in Hippeastrum hybridum,partially petaloid stamen | flowering stage | Plant sample from Hippeastrum hybrid cultivar | dPST1 | NextSeq 500 sequencing: RNA-seq of floral organs | Plant sample from Hippeastrum hybrid cultivar | NextSeq 500 sequencing: RNA-seq of floral organs | BioSampleModel=Plant | INSDC secondary accession=SRS6222190 | NCBI submission package=Plant.1.0 | age=3 years old | cultivar=Jewel | dev_stage=flowering stage | geo_loc_name=China: Shanghai | organism=Hippeastrum hybrid cultivar | replicate=biological replicate 1 | tissue=partially petaloid stamen | title=Plant sample from Hippeastrum hybrid cult
SRR11189382,PRJNA608969,SAMN14216830,Hippeastrum hybrid cultivar,Plant sample from Hippeastrum hybrid cultivar,stamen,flowering stage,Anther/Pollen,declared,Developmental stage,declared,ENA,RNA sequencing of floral organs in Hippeastrum hybridum,stamen | flowering stage | Plant sample from Hippeastrum hybrid cultivar | dST3 | NextSeq 500 sequencing: RNA-seq of floral organs | Plant sample from Hippeastrum hybrid cultivar | NextSeq 500 sequencing: RNA-seq of floral organs | BioSampleModel=Plant | INSDC secondary accession=SRS6222189 | NCBI submission package=Plant.1.0 | age=3 years old | cultivar=Jewel | dev_stage=flowering stage | geo_loc_name=China: Shanghai | organism=Hippeastrum hybrid cultivar | replicate=biological replicate 3 | tissue=stamen | title=Plant sample from Hippeastrum hybrid cultivar
SRR11189383,PRJNA608969,SAMN14216829,Hippeastrum hybrid cultivar,Plant sample from Hippeastrum hybrid cultivar,stamen,flowering stage,Anther/Pollen,declared,Developmental stage,declared,ENA,RNA sequencing of floral organs in Hippeastrum hybridum,stamen | flowering stage | Plant sample from Hippeastrum hybrid cultivar | dST2 | NextSeq 500 sequencing: RNA-seq of floral organs | Plant sample from Hippeastrum hybrid cultivar | NextSeq 500 sequencing: RNA-seq of floral organs | BioSampleModel=Plant | INSDC secondary accession=SRS6222188 | NCBI submission package=Plant.1.0 | age=3 years old | cultivar=Jewel | dev_stage=flowering stage | geo_loc_name=China: Shanghai | organism=Hippeastrum hybrid cultivar | replicate=biological replicate 2 | tissue=stamen | title=Plant sample from Hippeastrum hybrid cultivar
SRR11189384,PRJNA608969,SAMN14216828,Hippeastrum hybrid cultivar,Plant sample from Hippeastrum hybrid cultivar,stamen,flowering stage,Anther/Pollen,declared,Developmental stage,declared,ENA,RNA sequencing of floral organs in Hippeastrum hybridum,stamen | flowering stage | Plant sample from Hippeastrum hybrid cultivar | dST1 | NextSeq 500 sequencing: RNA-seq of floral organs | Plant sample from Hippeastrum hybrid cultivar | NextSeq 500 sequencing: RNA-seq of floral organs | BioSampleModel=Plant | INSDC secondary accession=SRS6222187 | NCBI submission package=Plant.1.0 | age=3 years old | cultivar=Jewel | dev_stage=flowering stage | geo_loc_name=China: Shanghai | organism=Hippeastrum hybrid cultivar | replicate=biological replicate 1 | tissue=stamen | title=Plant sample from Hippeastrum hybrid cultivar
SRR11929346,PRJNA637448,SAMN15142154,Lycoris radiata,RNA-Seq of Lycoris radiata bulb,bulb,vegetative stage,Bulb,declared,Developmental stage,declared,ENA,Lycoris radiata bulb transcriptome,bulb | vegetative stage | RNA-Seq of Lycoris radiata bulb | Lycoris radiata bulb | HiSeq X Ten sequencing: RNA-Seq of Lycoris radiata: bulb | RNA-Seq of Lycoris radiata bulb | HiSeq X Ten sequencing: RNA-Seq of Lycoris radiata: bulb | bulb | BioSampleModel=Plant | INSDC secondary accession=SRS6774880 | NCBI submission package=Plant.1.0 | dev_stage=vegetative stage | ecotype=Lycoris radiata | geo_loc_name=not applicable | isolate=bulb | organism=Lycoris radiata | tissue=bulb | title=RNA-Seq of Lycoris radiata bulb
SRR11929552,PRJNA637456,SAMN15142313,Lycoris sprengeri,RNA-Seq of Lycoris sprengeri bulb,bulb,vegetative stage,Bulb,declared,Developmental stage,declared,ENA,Lycoris sprengeri bulb transcriptome,bulb | vegetative stage | RNA-Seq of Lycoris sprengeri bulb | Lycoris sprengeri bulb | HiSeq X Ten sequencing: RNA-Seq of Lycoris sprengeri bulb | RNA-Seq of Lycoris sprengeri bulb | HiSeq X Ten sequencing: RNA-Seq of Lycoris sprengeri bulb | bulb | BioSampleModel=Plant | INSDC secondary accession=SRS6775021 | NCBI submission package=Plant.1.0 | dev_stage=vegetative stage | ecotype=Lycoris sprengeri | geo_loc_name=not applicable | isolate=bulb | organism=Lycoris sprengeri | tissue=bulb | title=RNA-Seq of Lycoris sprengeri bulb
SRR11929908,PRJNA637473,SAMN15143382,Lycoris chinensis,RNA-Seq of Lycoris chinensis bulb,bulb,vegetative stage,Bulb,declared,Developmental stage,declared,ENA,Lycoris chinensis transcriptome,bulb | vegetative stage | RNA-Seq of Lycoris chinensis bulb | Lycoris chinensis bulb | HiSeq X Ten sequencing: RNA-Seq of Lycoris chinensis | RNA-Seq of Lycoris chinensis bulb | HiSeq X Ten sequencing: RNA-Seq of Lycoris chinensis | bulb | BioSampleModel=Plant | INSDC secondary accession=SRS6775370 | NCBI submission package=Plant.1.0 | dev_stage=vegetative stage | ecotype=Lycoris chinensis | geo_loc_name=not applicable | isolate=bulb | organism=Lycoris chinensis | tissue=bulb | title=RNA-Seq of Lycoris chinensis bulb
SRR11943115,PRJNA637832,SAMN15158962,Lycoris longituba,RNA-Seq of lycoris longituba bulb,bulb,vegetative stage,Bulb,declared,Developmental stage,declared,ENA,Lycoris longituba transcriptome,bulb | vegetative stage | RNA-Seq of lycoris longituba bulb | Lycoris longituba bulb | HiSeq X Ten sequencing: RNA-Seq of Lycoris longituba bulb | RNA-Seq of lycoris longituba bulb | HiSeq X Ten sequencing: RNA-Seq of Lycoris longituba bulb | bulb | BioSampleModel=Plant | INSDC secondary accession=SRS6787191 | NCBI submission package=Plant.1.0 | dev_stage=vegetative stage | ecotype=Lycoris longituba | geo_loc_name=not applicable | isolate=bulb | organism=Lycoris longituba | tissue=bulb | title=RNA-Seq of lycoris longituba bulb
SRR11947114,PRJNA637967,SAMN15162876,Lycoris aurea,RNA-Seq of Lycoris aurea bulb,bulb,vegetative stage,Bulb,declared,Developmental stage,declared,ENA,Lycoris aurea transcriptome,bulb | vegetative stage | RNA-Seq of Lycoris aurea bulb | Lycoris aurea bulb | HiSeq X Ten sequencing: RNA-Seq of Lycoris aurea bulb | RNA-Seq of Lycoris aurea bulb | HiSeq X Ten sequencing: RNA-Seq of Lycoris aurea bulb | bulb | BioSampleModel=Plant | INSDC secondary accession=SRS6790971 | NCBI submission package=Plant.1.0 | dev_stage=vegetative stage | ecotype=Lycoris aurea | geo_loc_name=not applicable | isolate=bulb | organism=Lycoris aurea | tissue=bulb | title=RNA-Seq of Lycoris aurea bulb
SRR12009466,PRJNA639315,SAMN15232461,Lycoris incarnata,RNA-Seq of Lycoris incarnata bulb,bulb,vegetative stage,Bulb,declared,Developmental stage,declared,ENA,Lycoris incarnata transcriptome,bulb | vegetative stage | RNA-Seq of Lycoris incarnata bulb | Lycoris incarnata bulb | HiSeq X Ten sequencing: RNA-Seq of Lycoris incarnata bulb | RNA-Seq of Lycoris incarnata bulb | HiSeq X Ten sequencing: RNA-Seq of Lycoris incarnata bulb | bulb | BioSampleModel=Plant | INSDC secondary accession=SRS6836964 | NCBI submission package=Plant.1.0 | dev_stage=vegetative stage | ecotype=Lycoris incarnata | geo_loc_name=not applicable | isolate=bulb | organism=Lycoris incarnata | tissue=bulb | title=RNA-Seq of Lycoris incarnata bulb
SRR13966059,PRJNA714286,SAMN18299072,Lycoris sprengeri,RNA-seq of Lycoris sprengeri white 02,petals,,Tepal/Petal,declared,Cultivar/Colour morph,sample text,ENA,Raw RNA seq reads of petal transcriptome of Lycoris sprengeri,petals | RNA-seq of Lycoris sprengeri white 02 | 2 | Illumina HiSeq 2500 sequencing: RNA Seq of Lycorsi sprengeri | RNA-seq of Lycoris sprengeri white 02 | Illumina HiSeq 2500 sequencing: RNA Seq of Lycorsi sprengeri | BioSampleModel=Plant | INSDC secondary accession=SRS8463196 | NCBI submission package=Plant.1.0 | Replicate=Bio rep 2 | age=not applicable | biomaterial_provider=not applicable | cultivar=not applicable | dev_stage=not applicable | ecotype=not applicable | genotype=Mutant | geo_loc_name=China: Shanghai | isolate=not applicable | organism=Lycoris sprengeri | tissue=petals | title
SRR13966060,PRJNA714286,SAMN18299071,Lycoris sprengeri,RNA-seq of Lycoris sprengeri white 01,petals,,Tepal/Petal,declared,Cultivar/Colour morph,sample text,ENA,Raw RNA seq reads of petal transcriptome of Lycoris sprengeri,petals | RNA-seq of Lycoris sprengeri white 01 | 1 | Illumina HiSeq 2500 sequencing: RNA Seq of Lycorsi sprengeri | RNA-seq of Lycoris sprengeri white 01 | Illumina HiSeq 2500 sequencing: RNA Seq of Lycorsi sprengeri | BioSampleModel=Plant | INSDC secondary accession=SRS8463195 | NCBI submission package=Plant.1.0 | Replicate=Bio rep 1 | age=not applicable | biomaterial_provider=not applicable | cultivar=not applicable | dev_stage=not applicable | ecotype=not applicable | genotype=Mutant | geo_loc_name=China: Shanghai | isolate=not applicable | organism=Lycoris sprengeri | tissue=petals | title
SRR13966061,PRJNA714286,SAMN18299076,Lycoris sprengeri,RNA-seq of Lycoris sprengeri red 03,petals,,Tepal/Petal,declared,Cultivar/Colour morph,sample text,ENA,Raw RNA seq reads of petal transcriptome of Lycoris sprengeri,petals | RNA-seq of Lycoris sprengeri red 03 | 6 | Illumina HiSeq 2500 sequencing: RNA Seq of Lycorsi sprengeri | RNA-seq of Lycoris sprengeri red 03 | Illumina HiSeq 2500 sequencing: RNA Seq of Lycorsi sprengeri | BioSampleModel=Plant | INSDC secondary accession=SRS8463194 | NCBI submission package=Plant.1.0 | Replicate=Bio rep 3 | age=not applicable | biomaterial_provider=not applicable | cultivar=not applicable | dev_stage=not applicable | ecotype=not applicable | genotype=WT | geo_loc_name=China: Shanghai | isolate=not applicable | organism=Lycoris sprengeri | tissue=petals | title=RNA-seq
SRR13966062,PRJNA714286,SAMN18299075,Lycoris sprengeri,RNA-seq of Lycoris sprengeri red 02,petals,,Tepal/Petal,declared,Cultivar/Colour morph,sample text,ENA,Raw RNA seq reads of petal transcriptome of Lycoris sprengeri,petals | RNA-seq of Lycoris sprengeri red 02 | 5 | Illumina HiSeq 2500 sequencing: RNA Seq of Lycorsi sprengeri | RNA-seq of Lycoris sprengeri red 02 | Illumina HiSeq 2500 sequencing: RNA Seq of Lycorsi sprengeri | BioSampleModel=Plant | INSDC secondary accession=SRS8463202 | NCBI submission package=Plant.1.0 | Replicate=Bio rep 2 | age=not applicable | biomaterial_provider=not applicable | cultivar=not applicable | dev_stage=not applicable | ecotype=not applicable | genotype=WT | geo_loc_name=China: Shanghai | isolate=not applicable | organism=Lycoris sprengeri | tissue=petals | title=RNA-seq
SRR13966063,PRJNA714286,SAMN18299074,Lycoris sprengeri,RNA-seq of Lycoris sprengeri red 01,petals,,Tepal/Petal,declared,Cultivar/Colour morph,sample text,ENA,Raw RNA seq reads of petal transcriptome of Lycoris sprengeri,petals | RNA-seq of Lycoris sprengeri red 01 | 4 | Illumina HiSeq 2500 sequencing: RNA Seq of Lycorsi sprengeri | RNA-seq of Lycoris sprengeri red 01 | Illumina HiSeq 2500 sequencing: RNA Seq of Lycorsi sprengeri | BioSampleModel=Plant | INSDC secondary accession=SRS8463192 | NCBI submission package=Plant.1.0 | Replicate=Bio rep 1 | age=not applicable | biomaterial_provider=not applicable | cultivar=not applicable | dev_stage=not applicable | ecotype=not applicable | genotype=WT | geo_loc_name=China: Shanghai | isolate=not applicable | organism=Lycoris sprengeri | tissue=petals | title=RNA-seq
SRR13966064,PRJNA714286,SAMN18299073,Lycoris sprengeri,RNA-seq of Lycoris sprengeri white 03,petals,,Tepal/Petal,declared,Cultivar/Colour morph,sample text,ENA,Raw RNA seq reads of petal transcriptome of Lycoris sprengeri,petals | RNA-seq of Lycoris sprengeri white 03 | 3 | Illumina HiSeq 2500 sequencing: RNA Seq of Lycorsi sprengeri | RNA-seq of Lycoris sprengeri white 03 | Illumina HiSeq 2500 sequencing: RNA Seq of Lycorsi sprengeri | BioSampleModel=Plant | INSDC secondary accession=SRS8463193 | NCBI submission package=Plant.1.0 | Replicate=Bio rep 3 | age=not applicable | biomaterial_provider=not applicable | cultivar=not applicable | dev_stage=not applicable | ecotype=not applicable | genotype=mutant | geo_loc_name=China: Shanghai | isolate=not applicable | organism=Lycoris sprengeri | tissue=petals | title
SRR14160776,PRJNA720237,SAMN18642838,Lycoris longituba,Plant sample from Lycoris longituba,whole seedlings,12 months old tissue culture seedlings,Whole plant/Seedling,declared,Tissue culture,declared,ENA,Lycoris longituba Raw sequence reads,whole seedlings | 12 months old tissue culture seedlings | Plant sample from Lycoris longituba | L. longituba WT1 | Illumina NovaSeq 6000 sequencing: RNA-Seq of L. longituba seedlings | The untreated control tissue culture seedlings from L. longituba | Illumina NovaSeq 6000 sequencing: RNA-Seq of L. longituba seedlings | BioSampleModel=Plant | INSDC secondary accession=SRS8652747 | NCBI submission package=Plant.1.0 | cultivar=Lycoris longituba | description=The untreated control tissue culture seedlings from L. longituba | dev_stage=12 months old tissue culture seedlings | geo_loc_name=China |
SRR14194174,PRJNA720237,SAMN18679320,Lycoris longituba,Plant sample from Lycoris longituba,whole seedlings,12 months old tissue culture seedlings,Whole plant/Seedling,declared,Tissue culture,declared,ENA,Lycoris longituba Raw sequence reads,whole seedlings | 12 months old tissue culture seedlings | Plant sample from Lycoris longituba | L. longituba WT2 | Illumina NovaSeq 6000 sequencing: RNA-Seq of L. longituba seedlings | WT of the untreated tissue culture seedlings from L. longituba | Illumina NovaSeq 6000 sequencing: RNA-Seq of L. longituba seedlings | BioSampleModel=Plant | INSDC secondary accession=SRS8667497 | NCBI submission package=Plant.1.0 | cultivar=Lycoris longituba | description=WT of the untreated tissue culture seedlings from L. longituba | dev_stage=12 months old tissue culture seedlings | geo_loc_name=China | org
SRR14194175,PRJNA720237,SAMN18679342,Lycoris longituba,Plant sample from Lycoris longituba,whole seedlings,12 months old tissue culture seedlings,Whole plant/Seedling,declared,Tissue culture,declared,ENA,Lycoris longituba Raw sequence reads,whole seedlings | 12 months old tissue culture seedlings | Plant sample from Lycoris longituba | L. longituba WT3 | Illumina NovaSeq 6000 sequencing: RNA-Seq of L. longituba seedlings | WT3 untreated tissue culture seedlings from L. longituba | Illumina NovaSeq 6000 sequencing: RNA-Seq of L. longituba seedlings | BioSampleModel=Plant | INSDC secondary accession=SRS8667498 | NCBI submission package=Plant.1.0 | cultivar=Lycoris longituba | description=WT3 untreated tissue culture seedlings from L. longituba | dev_stage=12 months old tissue culture seedlings | geo_loc_name=China | organism=Lycori
SRR14194196,PRJNA720237,SAMN18679413,Lycoris longituba,Plant sample from Lycoris longituba,whole seedlings,12 months old tissue culture seedlings,Whole plant/Seedling,declared,Tissue culture,declared,ENA,Lycoris longituba Raw sequence reads,whole seedlings | 12 months old tissue culture seedlings | Plant sample from Lycoris longituba | L. longituba JA1 | Illumina NovaSeq 6000 sequencing: RNA-Seq of L. longituba seedlings | MJ-75 treated tissue culture seedlings of L.longituba | Illumina NovaSeq 6000 sequencing: RNA-Seq of L. longituba seedlings | BioSampleModel=Plant | INSDC secondary accession=SRS8667519 | NCBI submission package=Plant.1.0 | cultivar=Lycoris longituba | description=MJ-75 treated tissue culture seedlings of L.longituba | dev_stage=12 months old tissue culture seedlings | geo_loc_name=China | organism=Lycoris long
SRR14194205,PRJNA720237,SAMN18679469,Lycoris longituba,Plant sample from Lycoris longituba,whole seedlings,12 months old tissue culture seedlings,Whole plant/Seedling,declared,Tissue culture,declared,ENA,Lycoris longituba Raw sequence reads,whole seedlings | 12 months old tissue culture seedlings | Plant sample from Lycoris longituba | L. longituba JA2 | Illumina NovaSeq 6000 sequencing: RNA-Seq of L. longituba seedlings | MJ-75 treated tissue culture seedlings of L. longituba | Illumina NovaSeq 6000 sequencing: RNA-Seq of L. longituba seedlings | BioSampleModel=Plant | INSDC secondary accession=SRS8667528 | NCBI submission package=Plant.1.0 | cultivar=Lycoris longituba | description=MJ-75 treated tissue culture seedlings of L. longituba | dev_stage=12 months old tissue culture seedlings | geo_loc_name=China | organism=Lycoris lo
SRR14194232,PRJNA720237,SAMN18679497,Lycoris longituba,Plant sample from Lycoris longituba,whole seedlings,12 months old tissue culture seedlings,Whole plant/Seedling,declared,Tissue culture,declared,ENA,Lycoris longituba Raw sequence reads,whole seedlings | 12 months old tissue culture seedlings | Plant sample from Lycoris longituba | L. longituba JA3 | Illumina NovaSeq 6000 sequencing: RNA-Seq of L. longituba seedlings | MJ-75 treated tissue culture seedlings of L. longituba | Illumina NovaSeq 6000 sequencing: RNA-Seq of L. longituba seedlings | BioSampleModel=Plant | INSDC secondary accession=SRS8667555 | NCBI submission package=Plant.1.0 | cultivar=Lycoris longituba | description=MJ-75 treated tissue culture seedlings of L. longituba | dev_stage=12 months old tissue culture seedlings | geo_loc_name=China | organism=Lycoris lo
SRR14196981,PRJNA720900,SAMN18681506,Leucojum aestivum,Plant sample from Leucojum aestivum,bulbs,bulb,Bulb,declared,Unspecified,,ENA,Leucojum aestivum Raw sequence reads,bulbs | bulb | Plant sample from Leucojum aestivum | Leucojum aestivum bulbs | Illumina HiSeq 2000 sequencing: RNA-Seq of Leucojum aestivum bulbs | Plant sample from Leucojum aestivum | Illumina HiSeq 2000 sequencing: RNA-Seq of Leucojum aestivum bulbs | BioSampleModel=Plant | INSDC secondary accession=SRS8670197 | NCBI submission package=Plant.1.0 | cultivar=summer snowflake | dev_stage=bulb | geo_loc_name=Canada | organism=Leucojum aestivum | tissue=bulbs | title=Plant sample from Leucojum aestivum
SRR17568759,PRJNA796382,SAMN24851521,Zephyranthes candida,Zephyranthes candida raw sequence reads,flowers and flower stalks,flower,Multiple/Pooled,declared,Unspecified,,ENA,The flowers and flower stalks of Z. candida transcriptome,flowers and flower stalks | flower | Zephyranthes candida raw sequence reads | ZC | Illumina NovaSeq 6000 sequencing: Zephyranthes candida raw sequence reads | Zephyranthes candida raw sequence reads | Illumina NovaSeq 6000 sequencing: Zephyranthes candida raw sequence reads | BioSampleModel=Plant | INSDC secondary accession=SRS11618622 | NCBI submission package=Plant.1.0 | age=missning | collection_date=2021-09 | cultivar=Zephyranthes candida | dev_stage=flower | ecotype=not collected | geo_loc_name=China: Shanghai | organism=Zephyranthes candida | tissue=flowers and flower stalks | title=Zep
SRR18286845,PRJNA813401,SAMN26499399,Clivia miniata,Plant sample from Clivia miniata,fruit peels+flowers+red leaves,,Multiple/Pooled,declared,Unspecified,,ENA,Clivia miniata Raw sequence reads,fruit peels+flowers+red leaves | Plant sample from Clivia miniata | C1 | Illumina MiniSeq sequencing: RNA-Seq of Clivia miniata | Plant sample from Clivia miniata | Illumina MiniSeq sequencing: RNA-Seq of Clivia miniata | BioSampleModel=Plant | INSDC secondary accession=SRS12233604 | NCBI submission package=Plant.1.0 | age=not applicable | cultivar=Clivia miniata | dev_stage=not applicable | geo_loc_name=China | organism=Clivia miniata | tissue=fruit peels+flowers+red leaves | title=Plant sample from Clivia miniata
SRR18900584,PRJNA831024,SAMN27748234,Narcissus tazetta,Plant sample from Narcissus tazetta,Flower,flower fully opened,Flower,declared,Unspecified,,ENA,Narcissus tazetta Raw sequence reads,"Flower | flower fully opened | Plant sample from Narcissus tazetta | kk-S3-3 | Illumina NovaSeq 6000 sequencing: RNA-seq of Narcissus tazetta | Plant sample from Narcissus tazetta | Illumina NovaSeq 6000 sequencing: RNA-seq of Narcissus tazetta | BioSampleModel=Plant | INSDC secondary accession=SRS12729074 | NCBI submission package=Plant.1.0 | cultivar=Roem ""Jinzhanyintai"" | dev_stage=flower fully opened | geo_loc_name=China:Fujian | organism=Narcissus tazetta | replicate=kk-S3-biological replicate 4 | tissue=Flower | title=Plant sample from Narcissus tazetta"
SRR18900585,PRJNA831024,SAMN27748233,Narcissus tazetta,Plant sample from Narcissus tazetta,Flower,flower fully opened,Flower,declared,Unspecified,,ENA,Narcissus tazetta Raw sequence reads,"Flower | flower fully opened | Plant sample from Narcissus tazetta | kk-S3-2 | Illumina NovaSeq 6000 sequencing: RNA-seq of Narcissus tazetta | Plant sample from Narcissus tazetta | Illumina NovaSeq 6000 sequencing: RNA-seq of Narcissus tazetta | BioSampleModel=Plant | INSDC secondary accession=SRS12729073 | NCBI submission package=Plant.1.0 | cultivar=Roem ""Jinzhanyintai"" | dev_stage=flower fully opened | geo_loc_name=China:Fujian | organism=Narcissus tazetta | replicate=kk-S3-biological replicate 3 | tissue=Flower | title=Plant sample from Narcissus tazetta"
SRR18900586,PRJNA831024,SAMN27748232,Narcissus tazetta,Plant sample from Narcissus tazetta,Flower,flower fully opened,Flower,declared,Unspecified,,ENA,Narcissus tazetta Raw sequence reads,"Flower | flower fully opened | Plant sample from Narcissus tazetta | kk-S3-1 | Illumina NovaSeq 6000 sequencing: RNA-seq of Narcissus tazetta | Plant sample from Narcissus tazetta | Illumina NovaSeq 6000 sequencing: RNA-seq of Narcissus tazetta | BioSampleModel=Plant | INSDC secondary accession=SRS12729072 | NCBI submission package=Plant.1.0 | cultivar=Roem ""Jinzhanyintai"" | dev_stage=flower fully opened | geo_loc_name=China:Fujian | organism=Narcissus tazetta | replicate=kk-S3-biological replicate 2 | tissue=Flower | title=Plant sample from Narcissus tazetta"
SRR18900587,PRJNA831024,SAMN27748231,Narcissus tazetta,Plant sample from Narcissus tazetta,Flower,flower was opening,Flower,declared,Unspecified,,ENA,Narcissus tazetta Raw sequence reads,"Flower | flower was opening | Plant sample from Narcissus tazetta | kk-S2-3 | Illumina NovaSeq 6000 sequencing: RNA-seq of Narcissus tazetta | Plant sample from Narcissus tazetta | Illumina NovaSeq 6000 sequencing: RNA-seq of Narcissus tazetta | BioSampleModel=Plant | INSDC secondary accession=SRS12729071 | NCBI submission package=Plant.1.0 | cultivar=Roem ""Jinzhanyintai"" | dev_stage=flower was opening | geo_loc_name=China:Fujian | organism=Narcissus tazetta | replicate=kk-S2-biological replicate 3 | tissue=Flower | title=Plant sample from Narcissus tazetta"
SRR18900588,PRJNA831024,SAMN27748230,Narcissus tazetta,Plant sample from Narcissus tazetta,Flower,flower was opening,Flower,declared,Unspecified,,ENA,Narcissus tazetta Raw sequence reads,"Flower | flower was opening | Plant sample from Narcissus tazetta | kk-S2-2 | Illumina NovaSeq 6000 sequencing: RNA-seq of Narcissus tazetta | Plant sample from Narcissus tazetta | Illumina NovaSeq 6000 sequencing: RNA-seq of Narcissus tazetta | BioSampleModel=Plant | INSDC secondary accession=SRS12729070 | NCBI submission package=Plant.1.0 | cultivar=Roem ""Jinzhanyintai"" | dev_stage=flower was opening | geo_loc_name=China:Fujian | organism=Narcissus tazetta | replicate=kk-S2-biological replicate 2 | tissue=Flower | title=Plant sample from Narcissus tazetta"
SRR18900589,PRJNA831024,SAMN27748229,Narcissus tazetta,Plant sample from Narcissus tazetta,Flower,flower was opening,Flower,declared,Unspecified,,ENA,Narcissus tazetta Raw sequence reads,"Flower | flower was opening | Plant sample from Narcissus tazetta | kk-S2-1 | Illumina NovaSeq 6000 sequencing: RNA-seq of Narcissus tazetta | Plant sample from Narcissus tazetta | Illumina NovaSeq 6000 sequencing: RNA-seq of Narcissus tazetta | BioSampleModel=Plant | INSDC secondary accession=SRS12729069 | NCBI submission package=Plant.1.0 | cultivar=Roem ""Jinzhanyintai"" | dev_stage=flower was opening | geo_loc_name=China:Fujian | organism=Narcissus tazetta | replicate=kk-S2-biological replicate 1 | tissue=Flower | title=Plant sample from Narcissus tazetta"
SRR18900590,PRJNA831024,SAMN27748228,Narcissus tazetta,Plant sample from Narcissus tazetta,Flower,flower unopened,Flower,declared,Unspecified,,ENA,Narcissus tazetta Raw sequence reads,"Flower | flower unopened | Plant sample from Narcissus tazetta | kk-S1-3 | Illumina NovaSeq 6000 sequencing: RNA-seq of Narcissus tazetta | Plant sample from Narcissus tazetta | Illumina NovaSeq 6000 sequencing: RNA-seq of Narcissus tazetta | BioSampleModel=Plant | INSDC secondary accession=SRS12729068 | NCBI submission package=Plant.1.0 | cultivar=Roem ""Jinzhanyintai"" | dev_stage=flower unopened | geo_loc_name=China:Fujian | organism=Narcissus tazetta | replicate=kk-S1-biological replicate 3 | tissue=Flower | title=Plant sample from Narcissus tazetta"
SRR18900591,PRJNA831024,SAMN27748227,Narcissus tazetta,Plant sample from Narcissus tazetta,Flower,flower unopened,Flower,declared,Unspecified,,ENA,Narcissus tazetta Raw sequence reads,"Flower | flower unopened | Plant sample from Narcissus tazetta | kk-S1-2 | Illumina NovaSeq 6000 sequencing: RNA-seq of Narcissus tazetta | Plant sample from Narcissus tazetta | Illumina NovaSeq 6000 sequencing: RNA-seq of Narcissus tazetta | BioSampleModel=Plant | INSDC secondary accession=SRS12729067 | NCBI submission package=Plant.1.0 | cultivar=Roem ""Jinzhanyintai"" | dev_stage=flower unopened | geo_loc_name=China:Fujian | organism=Narcissus tazetta | replicate=kk-S1-biological replicate 2 | tissue=Flower | title=Plant sample from Narcissus tazetta"
SRR18900592,PRJNA831024,SAMN27748226,Narcissus tazetta,Plant sample from Narcissus tazetta,Flower,flower unopened,Flower,declared,Unspecified,,ENA,Narcissus tazetta Raw sequence reads,"Flower | flower unopened | Plant sample from Narcissus tazetta | kk-S1-1 | Illumina NovaSeq 6000 sequencing: RNA-seq of Narcissus tazetta | Plant sample from Narcissus tazetta | Illumina NovaSeq 6000 sequencing: RNA-seq of Narcissus tazetta | BioSampleModel=Plant | INSDC secondary accession=SRS12729066 | NCBI submission package=Plant.1.0 | cultivar=Roem ""Jinzhanyintai"" | dev_stage=flower unopened | geo_loc_name=China:Fujian | organism=Narcissus tazetta | replicate=kk-S1-biological replicate 1 | tissue=Flower | title=Plant sample from Narcissus tazetta"
SRR19578267,PRJNA847051,SAMN28911716,Lycoris chinensis,Lycoris chinensis,bulb meristem,vegetative growth,Bulb meristem,declared,Unspecified,,ENA,Lycoris chinensis bulbs,bulb meristem | vegetative growth | Lycoris chinensis | P4_1 | Illumina HiSeq 2500 sequencing: RNA-Seq of 4-year-old non-flowering bulb of Lycoris chinenesis | Lycoris chinensis | Illumina HiSeq 2500 sequencing: RNA-Seq of 4-year-old non-flowering bulb of Lycoris chinenesis | BioSampleModel=Plant | Biological Replicate=1 | age=4-year-old | dev_stage=vegetative growth | ecotype=wild | geo_loc_name=China: Nanjing | organism=Lycoris chinensis | tissue=bulb meristem | title=Lycoris chinensis
SRR19578268,PRJNA847051,SAMN28911715,Lycoris chinensis,Lycoris chinensis,bulb meristem,vegetative growth,Bulb meristem,declared,Unspecified,,ENA,Lycoris chinensis bulbs,bulb meristem | vegetative growth | Lycoris chinensis | P3_3 | Illumina HiSeq 2500 sequencing: RNA-Seq of 3-year-old bulb of Lycoris chinenesis | Lycoris chinensis | Illumina HiSeq 2500 sequencing: RNA-Seq of 3-year-old bulb of Lycoris chinenesis | BioSampleModel=Plant | Biological Replicate=3 | age=3-year-old | dev_stage=vegetative growth | ecotype=wild | geo_loc_name=China: Nanjing | organism=Lycoris chinensis | tissue=bulb meristem | title=Lycoris chinensis
SRR19578269,PRJNA847051,SAMN28911714,Lycoris chinensis,Lycoris chinensis,bulb meristem,vegetative growth,Bulb meristem,declared,Unspecified,,ENA,Lycoris chinensis bulbs,bulb meristem | vegetative growth | Lycoris chinensis | P3_2 | Illumina HiSeq 2500 sequencing: RNA-Seq of 3-year-old bulb of Lycoris chinenesis | Lycoris chinensis | Illumina HiSeq 2500 sequencing: RNA-Seq of 3-year-old bulb of Lycoris chinenesis | BioSampleModel=Plant | Biological Replicate=2 | age=3-year-old | dev_stage=vegetative growth | ecotype=wild | geo_loc_name=China: Nanjing | organism=Lycoris chinensis | tissue=bulb meristem | title=Lycoris chinensis
SRR19578270,PRJNA847051,SAMN28911713,Lycoris chinensis,Lycoris chinensis,bulb meristem,vegetative growth,Bulb meristem,declared,Unspecified,,ENA,Lycoris chinensis bulbs,bulb meristem | vegetative growth | Lycoris chinensis | P3_1 | Illumina HiSeq 2500 sequencing: RNA-Seq of 3-year-old bulb of Lycoris chinenesis | Lycoris chinensis | Illumina HiSeq 2500 sequencing: RNA-Seq of 3-year-old bulb of Lycoris chinenesis | BioSampleModel=Plant | Biological Replicate=1 | age=3-year-old | dev_stage=vegetative growth | ecotype=wild | geo_loc_name=China: Nanjing | organism=Lycoris chinensis | tissue=bulb meristem | title=Lycoris chinensis
SRR19578271,PRJNA847051,SAMN28911712,Lycoris chinensis,Lycoris chinensis,bulb meristem,vegetative growth,Bulb meristem,declared,Unspecified,,ENA,Lycoris chinensis bulbs,bulb meristem | vegetative growth | Lycoris chinensis | P2_3 | Illumina HiSeq 2500 sequencing: RNA-Seq of 2-year-old bulb of Lycoris chinenesis | Lycoris chinensis | Illumina HiSeq 2500 sequencing: RNA-Seq of 2-year-old bulb of Lycoris chinenesis | BioSampleModel=Plant | Biological Replicate=3 | age=2-year-old | dev_stage=vegetative growth | ecotype=wild | geo_loc_name=China: Nanjing | organism=Lycoris chinensis | tissue=bulb meristem | title=Lycoris chinensis
SRR19578272,PRJNA847051,SAMN28911711,Lycoris chinensis,Lycoris chinensis,bulb meristem,vegetative growth,Bulb meristem,declared,Unspecified,,ENA,Lycoris chinensis bulbs,bulb meristem | vegetative growth | Lycoris chinensis | P2_2 | Illumina HiSeq 2500 sequencing: RNA-Seq of 2-year-old bulb of Lycoris chinenesis | Lycoris chinensis | Illumina HiSeq 2500 sequencing: RNA-Seq of 2-year-old bulb of Lycoris chinenesis | BioSampleModel=Plant | Biological Replicate=2 | age=2-year-old | dev_stage=vegetative growth | ecotype=wild | geo_loc_name=China: Nanjing | organism=Lycoris chinensis | tissue=bulb meristem | title=Lycoris chinensis
SRR19578273,PRJNA847051,SAMN28911710,Lycoris chinensis,Lycoris chinensis,bulb meristem,vegetative growth,Bulb meristem,declared,Unspecified,,ENA,Lycoris chinensis bulbs,bulb meristem | vegetative growth | Lycoris chinensis | P2_1 | Illumina HiSeq 2500 sequencing: RNA-Seq of 2-year-old bulb of Lycoris chinenesis | Lycoris chinensis | Illumina HiSeq 2500 sequencing: RNA-Seq of 2-year-old bulb of Lycoris chinenesis | BioSampleModel=Plant | Biological Replicate=1 | age=2-year-old | dev_stage=vegetative growth | ecotype=wild | geo_loc_name=China: Nanjing | organism=Lycoris chinensis | tissue=bulb meristem | title=Lycoris chinensis
SRR19578274,PRJNA847051,SAMN28911709,Lycoris chinensis,Lycoris chinensis,bulb meristem,vegetative growth,Bulb meristem,declared,Unspecified,,ENA,Lycoris chinensis bulbs,bulb meristem | vegetative growth | Lycoris chinensis | P1_3 | Illumina HiSeq 2500 sequencing: RNA-Seq of 1-year-old bulb of Lycoris chinenesis | Lycoris chinensis | Illumina HiSeq 2500 sequencing: RNA-Seq of 1-year-old bulb of Lycoris chinenesis | BioSampleModel=Plant | Biological Replicate=3 | age=1-year-old | dev_stage=vegetative growth | ecotype=wild | geo_loc_name=China: Nanjing | organism=Lycoris chinensis | tissue=bulb meristem | title=Lycoris chinensis
SRR19578275,PRJNA847051,SAMN28911721,Lycoris chinensis,Lycoris chinensis,bulb meristem,reproductive growth,Bulb meristem,declared,Unspecified,,ENA,Lycoris chinensis bulbs,bulb meristem | reproductive growth | Lycoris chinensis | P5_3 | Illumina HiSeq 2500 sequencing: RNA-Seq of 4-year-old flowering bulb of Lycoris chinenesis | Lycoris chinensis | Illumina HiSeq 2500 sequencing: RNA-Seq of 4-year-old flowering bulb of Lycoris chinenesis | BioSampleModel=Plant | Biological Replicate=3 | age=4-year-old | dev_stage=reproductive growth | ecotype=wild | geo_loc_name=China: Nanjing | organism=Lycoris chinensis | tissue=bulb meristem | title=Lycoris chinensis
SRR19578276,PRJNA847051,SAMN28911720,Lycoris chinensis,Lycoris chinensis,bulb meristem,reproductive growth,Bulb meristem,declared,Unspecified,,ENA,Lycoris chinensis bulbs,bulb meristem | reproductive growth | Lycoris chinensis | P5_2 | Illumina HiSeq 2500 sequencing: RNA-Seq of 4-year-old flowering bulb of Lycoris chinenesis | Lycoris chinensis | Illumina HiSeq 2500 sequencing: RNA-Seq of 4-year-old flowering bulb of Lycoris chinenesis | BioSampleModel=Plant | Biological Replicate=2 | age=4-year-old | dev_stage=reproductive growth | ecotype=wild | geo_loc_name=China: Nanjing | organism=Lycoris chinensis | tissue=bulb meristem | title=Lycoris chinensis
SRR19578277,PRJNA847051,SAMN28911719,Lycoris chinensis,Lycoris chinensis,bulb meristem,reproductive growth,Bulb meristem,declared,Unspecified,,ENA,Lycoris chinensis bulbs,bulb meristem | reproductive growth | Lycoris chinensis | P5_1 | Illumina HiSeq 2500 sequencing: RNA-Seq of 4-year-old flowering bulb of Lycoris chinenesis | Lycoris chinensis | Illumina HiSeq 2500 sequencing: RNA-Seq of 4-year-old flowering bulb of Lycoris chinenesis | BioSampleModel=Plant | Biological Replicate=1 | age=4-year-old | dev_stage=reproductive growth | ecotype=wild | geo_loc_name=China: Nanjing | organism=Lycoris chinensis | tissue=bulb meristem | title=Lycoris chinensis
SRR19578278,PRJNA847051,SAMN28911718,Lycoris chinensis,Lycoris chinensis,bulb meristem,vegetative growth,Bulb meristem,declared,Unspecified,,ENA,Lycoris chinensis bulbs,bulb meristem | vegetative growth | Lycoris chinensis | P4_3 | Illumina HiSeq 2500 sequencing: RNA-Seq of 4-year-old non-flowering bulb of Lycoris chinenesis | Lycoris chinensis | Illumina HiSeq 2500 sequencing: RNA-Seq of 4-year-old non-flowering bulb of Lycoris chinenesis | BioSampleModel=Plant | Biological Replicate=3 | age=4-year-old | dev_stage=vegetative growth | ecotype=wild | geo_loc_name=China: Nanjing | organism=Lycoris chinensis | tissue=bulb meristem | title=Lycoris chinensis
SRR19578279,PRJNA847051,SAMN28911717,Lycoris chinensis,Lycoris chinensis,bulb meristem,vegetative growth,Bulb meristem,declared,Unspecified,,ENA,Lycoris chinensis bulbs,bulb meristem | vegetative growth | Lycoris chinensis | P4_2 | Illumina HiSeq 2500 sequencing: RNA-Seq of 4-year-old non-flowering bulb of Lycoris chinenesis | Lycoris chinensis | Illumina HiSeq 2500 sequencing: RNA-Seq of 4-year-old non-flowering bulb of Lycoris chinenesis | BioSampleModel=Plant | Biological Replicate=2 | age=4-year-old | dev_stage=vegetative growth | ecotype=wild | geo_loc_name=China: Nanjing | organism=Lycoris chinensis | tissue=bulb meristem | title=Lycoris chinensis
SRR19578280,PRJNA847051,SAMN28911708,Lycoris chinensis,Lycoris chinensis,bulb meristem,vegetative growth,Bulb meristem,declared,Unspecified,,ENA,Lycoris chinensis bulbs,bulb meristem | vegetative growth | Lycoris chinensis | P1_2 | Illumina HiSeq 2500 sequencing: RNA-Seq of 1-year-old bulb of Lycoris chinenesis | Lycoris chinensis | Illumina HiSeq 2500 sequencing: RNA-Seq of 1-year-old bulb of Lycoris chinenesis | BioSampleModel=Plant | Biological Replicate=2 | age=1-year-old | dev_stage=vegetative growth | ecotype=wild | geo_loc_name=China: Nanjing | organism=Lycoris chinensis | tissue=bulb meristem | title=Lycoris chinensis
SRR19578281,PRJNA847051,SAMN28911707,Lycoris chinensis,Lycoris chinensis,bulb meristem,vegetative growth,Bulb meristem,declared,Unspecified,,ENA,Lycoris chinensis bulbs,bulb meristem | vegetative growth | Lycoris chinensis | P1_1 | Illumina HiSeq 2500 sequencing: RNA-Seq of 1-year-old bulb of Lycoris chinenesis | Lycoris chinensis | Illumina HiSeq 2500 sequencing: RNA-Seq of 1-year-old bulb of Lycoris chinenesis | BioSampleModel=Plant | Biological Replicate=1 | age=1-year-old | dev_stage=vegetative growth | ecotype=wild | geo_loc_name=China: Nanjing | organism=Lycoris chinensis | tissue=bulb meristem | title=Lycoris chinensis
SRR20646616,PRJNA862291,SAMN29962089,Hippeastrum vittatum,Plant sample from Hippeastrum vittatum,leave,10d,Leaf,declared,Unspecified,,ENA,RNA-seq of amaryllis,leave | 10d | Plant sample from Hippeastrum vittatum | BL10_2.R1 | Illumina NovaSeq 6000 sequencing: amaryllis bud transcriptom | Plant sample from Hippeastrum vittatum | Illumina NovaSeq 6000 sequencing: amaryllis bud transcriptom | BioSampleModel=Plant | INSDC secondary accession=SRS14301698 | NCBI submission package=Plant.1.0 | age=not applicable | cultivar=not collected | dev_stage=10d | ecotype=not collected | geo_loc_name=China: Guangdong | organism=Hippeastrum vittatum | replicate=replicate = biological replicate 2 | tissue=leave | title=Plant sample from Hippeastrum vittatum
SRR20646617,PRJNA862291,SAMN29962088,Hippeastrum vittatum,Plant sample from Hippeastrum vittatum,leave,10d,Leaf,declared,Unspecified,,ENA,RNA-seq of amaryllis,leave | 10d | Plant sample from Hippeastrum vittatum | BL10_1.R1 | Illumina NovaSeq 6000 sequencing: amaryllis bud transcriptom | Plant sample from Hippeastrum vittatum | Illumina NovaSeq 6000 sequencing: amaryllis bud transcriptom | BioSampleModel=Plant | INSDC secondary accession=SRS14301697 | NCBI submission package=Plant.1.0 | age=not applicable | cultivar=not collected | dev_stage=10d | ecotype=not collected | geo_loc_name=China: Guangdong | organism=Hippeastrum vittatum | replicate=replicate = biological replicate 1 | tissue=leave | title=Plant sample from Hippeastrum vittatum
SRR20646618,PRJNA862291,SAMN29962087,Hippeastrum vittatum,Plant sample from Hippeastrum vittatum,leave,0d,Leaf,declared,Unspecified,,ENA,RNA-seq of amaryllis,leave | 0d | Plant sample from Hippeastrum vittatum | BL0_3.R1 | Illumina NovaSeq 6000 sequencing: amaryllis bud transcriptom | Plant sample from Hippeastrum vittatum | Illumina NovaSeq 6000 sequencing: amaryllis bud transcriptom | BioSampleModel=Plant | INSDC secondary accession=SRS14301695 | NCBI submission package=Plant.1.0 | age=not applicable | cultivar=not collected | dev_stage=0d | ecotype=not collected | geo_loc_name=China: Guangdong | organism=Hippeastrum vittatum | replicate=replicate = biological replicate 3 | tissue=leave | title=Plant sample from Hippeastrum vittatum
SRR20646619,PRJNA862291,SAMN29962096,Hippeastrum vittatum,Plant sample from Hippeastrum vittatum,leave,30d,Leaf,declared,Unspecified,,ENA,RNA-seq of amaryllis,leave | 30d | Plant sample from Hippeastrum vittatum | BL30_3.R1 | Illumina NovaSeq 6000 sequencing: amaryllis bud transcriptom | Plant sample from Hippeastrum vittatum | Illumina NovaSeq 6000 sequencing: amaryllis bud transcriptom | BioSampleModel=Plant | INSDC secondary accession=SRS14301696 | NCBI submission package=Plant.1.0 | age=not applicable | cultivar=not collected | dev_stage=30d | ecotype=not collected | geo_loc_name=China: Guangdong | organism=Hippeastrum vittatum | replicate=replicate = biological replicate 3 | tissue=leave | title=Plant sample from Hippeastrum vittatum
SRR20646620,PRJNA862291,SAMN29962095,Hippeastrum vittatum,Plant sample from Hippeastrum vittatum,leave,30d,Leaf,declared,Unspecified,,ENA,RNA-seq of amaryllis,leave | 30d | Plant sample from Hippeastrum vittatum | BL30_2.R1 | Illumina NovaSeq 6000 sequencing: amaryllis bud transcriptom | Plant sample from Hippeastrum vittatum | Illumina NovaSeq 6000 sequencing: amaryllis bud transcriptom | BioSampleModel=Plant | INSDC secondary accession=SRS14301694 | NCBI submission package=Plant.1.0 | age=not applicable | cultivar=not collected | dev_stage=30d | ecotype=not collected | geo_loc_name=China: Guangdong | organism=Hippeastrum vittatum | replicate=replicate = biological replicate 2 | tissue=leave | title=Plant sample from Hippeastrum vittatum
SRR20646621,PRJNA862291,SAMN29962086,Hippeastrum vittatum,Plant sample from Hippeastrum vittatum,leave,0d,Leaf,declared,Unspecified,,ENA,RNA-seq of amaryllis,leave | 0d | Plant sample from Hippeastrum vittatum | BL0_2.R1 | Illumina NovaSeq 6000 sequencing: amaryllis bud transcriptom | Plant sample from Hippeastrum vittatum | Illumina NovaSeq 6000 sequencing: amaryllis bud transcriptom | BioSampleModel=Plant | INSDC secondary accession=SRS14301693 | NCBI submission package=Plant.1.0 | age=not applicable | cultivar=not collected | dev_stage=0d | ecotype=not collected | geo_loc_name=China: Guangdong | organism=Hippeastrum vittatum | replicate=replicate = biological replicate 2 | tissue=leave | title=Plant sample from Hippeastrum vittatum
SRR20646622,PRJNA862291,SAMN29962094,Hippeastrum vittatum,Plant sample from Hippeastrum vittatum,leave,30d,Leaf,declared,Unspecified,,ENA,RNA-seq of amaryllis,leave | 30d | Plant sample from Hippeastrum vittatum | BL30_1.R1 | Illumina NovaSeq 6000 sequencing: amaryllis bud transcriptom | Plant sample from Hippeastrum vittatum | Illumina NovaSeq 6000 sequencing: amaryllis bud transcriptom | BioSampleModel=Plant | INSDC secondary accession=SRS14301691 | NCBI submission package=Plant.1.0 | age=not applicable | cultivar=not collected | dev_stage=30d | ecotype=not collected | geo_loc_name=China: Guangdong | organism=Hippeastrum vittatum | replicate=replicate = biological replicate 1 | tissue=leave | title=Plant sample from Hippeastrum vittatum
SRR20646623,PRJNA862291,SAMN29962093,Hippeastrum vittatum,Plant sample from Hippeastrum vittatum,leave,20d,Leaf,declared,Unspecified,,ENA,RNA-seq of amaryllis,leave | 20d | Plant sample from Hippeastrum vittatum | BL20_3.R1 | Illumina NovaSeq 6000 sequencing: amaryllis bud transcriptom | Plant sample from Hippeastrum vittatum | Illumina NovaSeq 6000 sequencing: amaryllis bud transcriptom | BioSampleModel=Plant | INSDC secondary accession=SRS14301692 | NCBI submission package=Plant.1.0 | age=not applicable | cultivar=not collected | dev_stage=20d | ecotype=not collected | geo_loc_name=China: Guangdong | organism=Hippeastrum vittatum | replicate=replicate = biological replicate 3 | tissue=leave | title=Plant sample from Hippeastrum vittatum
SRR20646624,PRJNA862291,SAMN29962092,Hippeastrum vittatum,Plant sample from Hippeastrum vittatum,leave,20d,Leaf,declared,Unspecified,,ENA,RNA-seq of amaryllis,leave | 20d | Plant sample from Hippeastrum vittatum | BL20_2.R1 | Illumina NovaSeq 6000 sequencing: amaryllis bud transcriptom | Plant sample from Hippeastrum vittatum | Illumina NovaSeq 6000 sequencing: amaryllis bud transcriptom | BioSampleModel=Plant | INSDC secondary accession=SRS14301690 | NCBI submission package=Plant.1.0 | age=not applicable | cultivar=not collected | dev_stage=20d | ecotype=not collected | geo_loc_name=China: Guangdong | organism=Hippeastrum vittatum | replicate=replicate = biological replicate 2 | tissue=leave | title=Plant sample from Hippeastrum vittatum
SRR20646625,PRJNA862291,SAMN29962091,Hippeastrum vittatum,Plant sample from Hippeastrum vittatum,leave,20d,Leaf,declared,Unspecified,,ENA,RNA-seq of amaryllis,leave | 20d | Plant sample from Hippeastrum vittatum | BL20_1.R1 | Illumina NovaSeq 6000 sequencing: amaryllis bud transcriptom | Plant sample from Hippeastrum vittatum | Illumina NovaSeq 6000 sequencing: amaryllis bud transcriptom | BioSampleModel=Plant | INSDC secondary accession=SRS14301689 | NCBI submission package=Plant.1.0 | age=not applicable | cultivar=not collected | dev_stage=20d | ecotype=not collected | geo_loc_name=China: Guangdong | organism=Hippeastrum vittatum | replicate=replicate = biological replicate 1 | tissue=leave | title=Plant sample from Hippeastrum vittatum
SRR20646626,PRJNA862291,SAMN29962090,Hippeastrum vittatum,Plant sample from Hippeastrum vittatum,leave,10d,Leaf,declared,Unspecified,,ENA,RNA-seq of amaryllis,leave | 10d | Plant sample from Hippeastrum vittatum | BL10_3.R1 | Illumina NovaSeq 6000 sequencing: amaryllis bud transcriptom | Plant sample from Hippeastrum vittatum | Illumina NovaSeq 6000 sequencing: amaryllis bud transcriptom | BioSampleModel=Plant | INSDC secondary accession=SRS14301688 | NCBI submission package=Plant.1.0 | age=not applicable | cultivar=not collected | dev_stage=10d | ecotype=not collected | geo_loc_name=China: Guangdong | organism=Hippeastrum vittatum | replicate=replicate = biological replicate 3 | tissue=leave | title=Plant sample from Hippeastrum vittatum
SRR20646627,PRJNA862291,SAMN29962085,Hippeastrum vittatum,Plant sample from Hippeastrum vittatum,leave,0d,Leaf,declared,Unspecified,,ENA,RNA-seq of amaryllis,leave | 0d | Plant sample from Hippeastrum vittatum | BL0_1.R1 | Illumina NovaSeq 6000 sequencing: amaryllis bud transcriptom | Plant sample from Hippeastrum vittatum | Illumina NovaSeq 6000 sequencing: amaryllis bud transcriptom | BioSampleModel=Plant | INSDC secondary accession=SRS14301687 | NCBI submission package=Plant.1.0 | age=not applicable | cultivar=not collected | dev_stage=0d | ecotype=not collected | geo_loc_name=China: Guangdong | organism=Hippeastrum vittatum | replicate=replicate = biological replicate 1 | tissue=leave | title=Plant sample from Hippeastrum vittatum
SRR22061541,PRJNA892737,SAMN31395404,Lycoris radiata,Plant sample from Lycoris radiata,bulb shoot apical meristem,morphological differentiation period,Bulb meristem,declared,Unspecified,,ENA,Lycoris radiata cultivar:Lycoris radiata Raw sequence reads,bulb shoot apical meristem | morphological differentiation period | Plant sample from Lycoris radiata | L2_r1 | DNBSEQ-T7 sequencing: RNA-Seq of late flowering bulb of Lycoris radiata taken in May | Plant sample from Lycoris radiata | DNBSEQ-T7 sequencing: RNA-Seq of late flowering bulb of Lycoris radiata taken in May | BioSampleModel=Plant | INSDC secondary accession=SRS15548785 | NCBI submission package=Plant.1.0 | age=3-year-old | dev_stage=morphological differentiation period | ecotype=wild | geo_loc_name=China:Nanjing | organism=Lycoris radiata | tissue=bulb shoot apical meristem | title=
SRR22061542,PRJNA892737,SAMN31395403,Lycoris radiata,Plant sample from Lycoris radiata,bulb shoot apical meristem,physiological differentiation period,Bulb meristem,declared,Unspecified,,ENA,Lycoris radiata cultivar:Lycoris radiata Raw sequence reads,bulb shoot apical meristem | physiological differentiation period | Plant sample from Lycoris radiata | L1_r3 | DNBSEQ-T7 sequencing: RNA-Seq of late flowering bulb of Lycoris radiata taken in April | Plant sample from Lycoris radiata | DNBSEQ-T7 sequencing: RNA-Seq of late flowering bulb of Lycoris radiata taken in April | BioSampleModel=Plant | INSDC secondary accession=SRS15548784 | NCBI submission package=Plant.1.0 | age=3-year-old | dev_stage=physiological differentiation period | ecotype=wild | geo_loc_name=China:Nanjing | organism=Lycoris radiata | tissue=bulb shoot apical meristem | ti
SRR22061543,PRJNA892737,SAMN31395402,Lycoris radiata,Plant sample from Lycoris radiata,bulb shoot apical meristem,physiological differentiation period,Bulb meristem,declared,Unspecified,,ENA,Lycoris radiata cultivar:Lycoris radiata Raw sequence reads,bulb shoot apical meristem | physiological differentiation period | Plant sample from Lycoris radiata | L1_r2 | DNBSEQ-T7 sequencing: RNA-Seq of late flowering bulb of Lycoris radiata taken in April | Plant sample from Lycoris radiata | DNBSEQ-T7 sequencing: RNA-Seq of late flowering bulb of Lycoris radiata taken in April | BioSampleModel=Plant | INSDC secondary accession=SRS15548783 | NCBI submission package=Plant.1.0 | age=3-year-old | dev_stage=physiological differentiation period | ecotype=wild | geo_loc_name=China:Nanjing | organism=Lycoris radiata | tissue=bulb shoot apical meristem | ti
SRR22061544,PRJNA892737,SAMN31395393,Lycoris radiata,Plant sample from Lycoris radiata,bulb shoot apical meristem,physiological differentiation period,Bulb meristem,declared,Unspecified,,ENA,Lycoris radiata cultivar:Lycoris radiata Raw sequence reads,bulb shoot apical meristem | physiological differentiation period | Plant sample from Lycoris radiata | L1_r1 | DNBSEQ-T7 sequencing: RNA-Seq of late flowering bulb of Lycoris radiata taken in April | Plant sample from Lycoris radiata | DNBSEQ-T7 sequencing: RNA-Seq of late flowering bulb of Lycoris radiata taken in April | BioSampleModel=Plant | INSDC secondary accession=SRS15548782 | NCBI submission package=Plant.1.0 | age=3-year-old | dev_stage=physiological differentiation period | ecotype=wild | geo_loc_name=China:Nanjing | organism=Lycoris radiata | tissue=bulb shoot apical meristem | ti
SRR22061545,PRJNA892737,SAMN31395391,Lycoris radiata,Plant sample from Lycoris radiata,bulb shoot apical meristem,morphological differentiation period,Bulb meristem,declared,Unspecified,,ENA,Lycoris radiata cultivar:Lycoris radiata Raw sequence reads,bulb shoot apical meristem | morphological differentiation period | Plant sample from Lycoris radiata | E2_r3 | DNBSEQ-T7 sequencing: RNA-Seq of early flowering bulb of Lycoris radiata taken in May | Plant sample from Lycoris radiata | DNBSEQ-T7 sequencing: RNA-Seq of early flowering bulb of Lycoris radiata taken in May | BioSampleModel=Plant | INSDC secondary accession=SRS15548781 | NCBI submission package=Plant.1.0 | age=3-year-old | dev_stage=morphological differentiation period | ecotype=wild | geo_loc_name=China:Nanjing | organism=Lycoris radiata | tissue=bulb shoot apical meristem | titl
SRR22061546,PRJNA892737,SAMN31395390,Lycoris radiata,Plant sample from Lycoris radiata,bulb shoot apical meristem,morphological differentiation period,Bulb meristem,declared,Unspecified,,ENA,Lycoris radiata cultivar:Lycoris radiata Raw sequence reads,bulb shoot apical meristem | morphological differentiation period | Plant sample from Lycoris radiata | E2_r2 | DNBSEQ-T7 sequencing: RNA-Seq of early flowering bulb of Lycoris radiata taken in May | Plant sample from Lycoris radiata | DNBSEQ-T7 sequencing: RNA-Seq of early flowering bulb of Lycoris radiata taken in May | BioSampleModel=Plant | INSDC secondary accession=SRS15548780 | NCBI submission package=Plant.1.0 | age=3-year-old | dev_stage=morphological differentiation period | ecotype=wild | geo_loc_name=China:Nanjing | organism=Lycoris radiata | tissue=bulb shoot apical meristem | titl
SRR22061547,PRJNA892737,SAMN31395389,Lycoris radiata,Plant sample from Lycoris radiata,bulb shoot apical meristem,morphological differentiation period,Bulb meristem,declared,Unspecified,,ENA,Lycoris radiata cultivar:Lycoris radiata Raw sequence reads,bulb shoot apical meristem | morphological differentiation period | Plant sample from Lycoris radiata | E2_r1 | DNBSEQ-T7 sequencing: RNA-Seq of early flowering bulb of Lycoris radiata taken in May | Plant sample from Lycoris radiata | DNBSEQ-T7 sequencing: RNA-Seq of early flowering bulb of Lycoris radiata taken in May | BioSampleModel=Plant | INSDC secondary accession=SRS15548779 | NCBI submission package=Plant.1.0 | age=3-year-old | dev_stage=morphological differentiation period | ecotype=wild | geo_loc_name=China:Nanjing | organism=Lycoris radiata | tissue=bulb shoot apical meristem | titl
SRR22061548,PRJNA892737,SAMN31395129,Lycoris radiata,Plant sample from Lycoris radiata,bulb shoot apical meristem,morphological differentiation period,Bulb meristem,declared,Unspecified,,ENA,Lycoris radiata cultivar:Lycoris radiata Raw sequence reads,bulb shoot apical meristem | morphological differentiation period | Plant sample from Lycoris radiata | E1_r3 | DNBSEQ-T7 sequencing: RNA-Seq of early flowering bulb of Lycoris radiata taken in April | Plant sample from Lycoris radiata | DNBSEQ-T7 sequencing: RNA-Seq of early flowering bulb of Lycoris radiata taken in April | BioSampleModel=Plant | INSDC secondary accession=SRS15548778 | NCBI submission package=Plant.1.0 | age=3-year-old | dev_stage=morphological differentiation period | ecotype=wild | geo_loc_name=China:Nanjing | organism=Lycoris radiata | tissue=bulb shoot apical meristem | 
SRR22061549,PRJNA892737,SAMN31395460,Lycoris radiata,Plant sample from Lycoris radiata,bulb shoot apical meristem,morphological differentiation period,Bulb meristem,declared,Unspecified,,ENA,Lycoris radiata cultivar:Lycoris radiata Raw sequence reads,bulb shoot apical meristem | morphological differentiation period | Plant sample from Lycoris radiata | M2_r3 | DNBSEQ-T7 sequencing: RNA-Seq of middle flowering bulb of Lycoris radiata taken in May | Plant sample from Lycoris radiata | DNBSEQ-T7 sequencing: RNA-Seq of middle flowering bulb of Lycoris radiata taken in May | BioSampleModel=Plant | INSDC secondary accession=SRS15548777 | NCBI submission package=Plant.1.0 | age=3-year-old | dev_stage=morphological differentiation period | ecotype=wild | geo_loc_name=China:Nanjing | organism=Lycoris radiata | tissue=bulb shoot apical meristem | ti
SRR22061550,PRJNA892737,SAMN31395447,Lycoris radiata,Plant sample from Lycoris radiata,bulb shoot apical meristem,morphological differentiation period,Bulb meristem,declared,Unspecified,,ENA,Lycoris radiata cultivar:Lycoris radiata Raw sequence reads,bulb shoot apical meristem | morphological differentiation period | Plant sample from Lycoris radiata | M2_r2 | DNBSEQ-T7 sequencing: RNA-Seq of middle flowering bulb of Lycoris radiata taken in May | Plant sample from Lycoris radiata | DNBSEQ-T7 sequencing: RNA-Seq of middle flowering bulb of Lycoris radiata taken in May | BioSampleModel=Plant | INSDC secondary accession=SRS15548776 | NCBI submission package=Plant.1.0 | age=3-year-old | dev_stage=morphological differentiation period | ecotype=wild | geo_loc_name=China:Nanjing | organism=Lycoris radiata | tissue=bulb shoot apical meristem | ti
SRR22061551,PRJNA892737,SAMN31395446,Lycoris radiata,Plant sample from Lycoris radiata,bulb shoot apical meristem,morphological differentiation period,Bulb meristem,declared,Unspecified,,ENA,Lycoris radiata cultivar:Lycoris radiata Raw sequence reads,bulb shoot apical meristem | morphological differentiation period | Plant sample from Lycoris radiata | M2_r1 | DNBSEQ-T7 sequencing: RNA-Seq of middle flowering bulb of Lycoris radiata taken in May | Plant sample from Lycoris radiata | DNBSEQ-T7 sequencing: RNA-Seq of middle flowering bulb of Lycoris radiata taken in May | BioSampleModel=Plant | INSDC secondary accession=SRS15548775 | NCBI submission package=Plant.1.0 | age=3-year-old | dev_stage=morphological differentiation period | ecotype=wild | geo_loc_name=China:Nanjing | organism=Lycoris radiata | tissue=bulb shoot apical meristem | ti
SRR22061552,PRJNA892737,SAMN31395445,Lycoris radiata,Plant sample from Lycoris radiata,bulb shoot apical meristem,physiological differentiation period,Bulb meristem,declared,Unspecified,,ENA,Lycoris radiata cultivar:Lycoris radiata Raw sequence reads,bulb shoot apical meristem | physiological differentiation period | Plant sample from Lycoris radiata | M1_r3 | DNBSEQ-T7 sequencing: RNA-Seq of middle flowering bulb of Lycoris radiata taken in April | Plant sample from Lycoris radiata | DNBSEQ-T7 sequencing: RNA-Seq of middle flowering bulb of Lycoris radiata taken in April | BioSampleModel=Plant | INSDC secondary accession=SRS15548774 | NCBI submission package=Plant.1.0 | age=3-year-old | dev_stage=physiological differentiation period | ecotype=wild | geo_loc_name=China:Nanjing | organism=Lycoris radiata | tissue=bulb shoot apical meristem 
SRR22061553,PRJNA892737,SAMN31395444,Lycoris radiata,Plant sample from Lycoris radiata,bulb shoot apical meristem,physiological differentiation period,Bulb meristem,declared,Unspecified,,ENA,Lycoris radiata cultivar:Lycoris radiata Raw sequence reads,bulb shoot apical meristem | physiological differentiation period | Plant sample from Lycoris radiata | M1_r2 | DNBSEQ-T7 sequencing: RNA-Seq of middle flowering bulb of Lycoris radiata taken in April | Plant sample from Lycoris radiata | DNBSEQ-T7 sequencing: RNA-Seq of middle flowering bulb of Lycoris radiata taken in April | BioSampleModel=Plant | INSDC secondary accession=SRS15548773 | NCBI submission package=Plant.1.0 | age=3-year-old | dev_stage=physiological differentiation period | ecotype=wild | geo_loc_name=China:Nanjing | organism=Lycoris radiata | tissue=bulb shoot apical meristem 
SRR22061554,PRJNA892737,SAMN31395443,Lycoris radiata,Plant sample from Lycoris radiata,bulb shoot apical meristem,physiological differentiation period,Bulb meristem,declared,Unspecified,,ENA,Lycoris radiata cultivar:Lycoris radiata Raw sequence reads,bulb shoot apical meristem | physiological differentiation period | Plant sample from Lycoris radiata | M1_r1 | DNBSEQ-T7 sequencing: RNA-Seq of middle flowering bulb of Lycoris radiata taken in April | Plant sample from Lycoris radiata | DNBSEQ-T7 sequencing: RNA-Seq of middle flowering bulb of Lycoris radiata taken in April | BioSampleModel=Plant | INSDC secondary accession=SRS15548772 | NCBI submission package=Plant.1.0 | age=3-year-old | dev_stage=physiological differentiation period | ecotype=wild | geo_loc_name=China:Nanjing | organism=Lycoris radiata | tissue=bulb shoot apical meristem 
SRR22061555,PRJNA892737,SAMN31395406,Lycoris radiata,Plant sample from Lycoris radiata,bulb shoot apical meristem,morphological differentiation period,Bulb meristem,declared,Unspecified,,ENA,Lycoris radiata cultivar:Lycoris radiata Raw sequence reads,bulb shoot apical meristem | morphological differentiation period | Plant sample from Lycoris radiata | L2_r3 | DNBSEQ-T7 sequencing: RNA-Seq of late flowering bulb of Lycoris radiata taken in May | Plant sample from Lycoris radiata | DNBSEQ-T7 sequencing: RNA-Seq of late flowering bulb of Lycoris radiata taken in May | BioSampleModel=Plant | INSDC secondary accession=SRS15548770 | NCBI submission package=Plant.1.0 | age=3-year-old | dev_stage=morphological differentiation period | ecotype=wild | geo_loc_name=China:Nanjing | organism=Lycoris radiata | tissue=bulb shoot apical meristem | title=
SRR22061556,PRJNA892737,SAMN31395405,Lycoris radiata,Plant sample from Lycoris radiata,bulb shoot apical meristem,morphological differentiation period,Bulb meristem,declared,Unspecified,,ENA,Lycoris radiata cultivar:Lycoris radiata Raw sequence reads,bulb shoot apical meristem | morphological differentiation period | Plant sample from Lycoris radiata | L2_r2 | DNBSEQ-T7 sequencing: RNA-Seq of late flowering bulb of Lycoris radiata taken in May | Plant sample from Lycoris radiata | DNBSEQ-T7 sequencing: RNA-Seq of late flowering bulb of Lycoris radiata taken in May | BioSampleModel=Plant | INSDC secondary accession=SRS15548771 | NCBI submission package=Plant.1.0 | age=3-year-old | dev_stage=morphological differentiation period | ecotype=wild | geo_loc_name=China:Nanjing | organism=Lycoris radiata | tissue=bulb shoot apical meristem | title=
SRR22061557,PRJNA892737,SAMN31395128,Lycoris radiata,Plant sample from Lycoris radiata,bulb shoot apical meristem,morphological differentiation period,Bulb meristem,declared,Unspecified,,ENA,Lycoris radiata cultivar:Lycoris radiata Raw sequence reads,bulb shoot apical meristem | morphological differentiation period | Plant sample from Lycoris radiata | E1_r2 | DNBSEQ-T7 sequencing: RNA-Seq of early flowering bulb of Lycoris radiata taken in April | Plant sample from Lycoris radiata | DNBSEQ-T7 sequencing: RNA-Seq of early flowering bulb of Lycoris radiata taken in April | BioSampleModel=Plant | INSDC secondary accession=SRS15548769 | NCBI submission package=Plant.1.0 | age=3-year-old | dev_stage=morphological differentiation period | ecotype=wild | geo_loc_name=China:Nanjing | organism=Lycoris radiata | tissue=bulb shoot apical meristem | 
SRR22061558,PRJNA892737,SAMN31394964,Lycoris radiata,Plant sample from Lycoris radiata,bulb shoot apical meristem,morphological differentiation period,Bulb meristem,declared,Unspecified,,ENA,Lycoris radiata cultivar:Lycoris radiata Raw sequence reads,bulb shoot apical meristem | morphological differentiation period | Plant sample from Lycoris radiata | E1_r1 | DNBSEQ-T7 sequencing: RNA-Seq of early flowering bulb of Lycoris radiata taken in April | Plant sample from Lycoris radiata | DNBSEQ-T7 sequencing: RNA-Seq of early flowering bulb of Lycoris radiata taken in April | BioSampleModel=Plant | INSDC secondary accession=SRS15548768 | NCBI submission package=Plant.1.0 | age=3-year-old | dev_stage=morphological differentiation period | ecotype=wild | geo_loc_name=China:Nanjing | organism=Lycoris radiata | tissue=bulb shoot apical meristem | 
SRR23857888,PRJNA943557,SAMN33731403,Hippeastrum hybrid cultivar,Plant sample from Hippeastrum hybrid cultivar,tepals,,Tepal/Petal,declared,Unspecified,,ENA,RNA-Seq analysis identifies HpMYB1 as a R2R3-MYB anthocyanin activator in Hippeastrum hybridum royal velvet tepal,tepals | Plant sample from Hippeastrum hybrid cultivar | S1_A | HiSeq X Ten sequencing: RNA-Seq analysis identifies HpMYB1 as a R2R3-MYB anthocyanin activator in Hippeastrum hybridum royal velvet tepal | Plant sample from Hippeastrum hybrid cultivar | HiSeq X Ten sequencing: RNA-Seq analysis identifies HpMYB1 as a R2R3-MYB anthocyanin activator in Hippeastrum hybridum royal velvet tepal | BioSampleModel=Plant | INSDC secondary accession=SRS17040704 | NCBI submission package=Plant.1.0 | age=3 d | cultivar=royal velvet | geo_loc_name=China:Guangzhou | organism=Hippeastrum hybrid cultivar | temp=
SRR23857889,PRJNA943557,SAMN33731404,Hippeastrum hybrid cultivar,Plant sample from Hippeastrum hybrid cultivar,tepals,,Tepal/Petal,declared,Unspecified,,ENA,RNA-Seq analysis identifies HpMYB1 as a R2R3-MYB anthocyanin activator in Hippeastrum hybridum royal velvet tepal,tepals | Plant sample from Hippeastrum hybrid cultivar | S1_B | HiSeq X Ten sequencing: RNA-Seq analysis identifies HpMYB1 as a R2R3-MYB anthocyanin activator in Hippeastrum hybridum royal velvet tepal | Plant sample from Hippeastrum hybrid cultivar | HiSeq X Ten sequencing: RNA-Seq analysis identifies HpMYB1 as a R2R3-MYB anthocyanin activator in Hippeastrum hybridum royal velvet tepal | BioSampleModel=Plant | INSDC secondary accession=SRS17040703 | NCBI submission package=Plant.1.0 | age=3 d | cultivar=royal velvet | geo_loc_name=China:Guangzhou | organism=Hippeastrum hybrid cultivar | temp=
SRR23857890,PRJNA943557,SAMN33731413,Hippeastrum hybrid cultivar,Plant sample from Hippeastrum hybrid cultivar,tepals,,Tepal/Petal,declared,Unspecified,,ENA,RNA-Seq analysis identifies HpMYB1 as a R2R3-MYB anthocyanin activator in Hippeastrum hybridum royal velvet tepal,tepals | Plant sample from Hippeastrum hybrid cultivar | S4_B | HiSeq X Ten sequencing: RNA-Seq analysis identifies HpMYB1 as a R2R3-MYB anthocyanin activator in Hippeastrum hybridum royal velvet tepal | Plant sample from Hippeastrum hybrid cultivar | HiSeq X Ten sequencing: RNA-Seq analysis identifies HpMYB1 as a R2R3-MYB anthocyanin activator in Hippeastrum hybridum royal velvet tepal | BioSampleModel=Plant | INSDC secondary accession=SRS17040701 | NCBI submission package=Plant.1.0 | age=12 d | cultivar=royal velvet | geo_loc_name=China:Guangzhou | organism=Hippeastrum hybrid cultivar | temp
SRR23857891,PRJNA943557,SAMN33731414,Hippeastrum hybrid cultivar,Plant sample from Hippeastrum hybrid cultivar,tepals,,Tepal/Petal,declared,Unspecified,,ENA,RNA-Seq analysis identifies HpMYB1 as a R2R3-MYB anthocyanin activator in Hippeastrum hybridum royal velvet tepal,tepals | Plant sample from Hippeastrum hybrid cultivar | S4_C | HiSeq X Ten sequencing: RNA-Seq analysis identifies HpMYB1 as a R2R3-MYB anthocyanin activator in Hippeastrum hybridum royal velvet tepal | Plant sample from Hippeastrum hybrid cultivar | HiSeq X Ten sequencing: RNA-Seq analysis identifies HpMYB1 as a R2R3-MYB anthocyanin activator in Hippeastrum hybridum royal velvet tepal | BioSampleModel=Plant | INSDC secondary accession=SRS17040702 | NCBI submission package=Plant.1.0 | age=12 d | cultivar=royal velvet | geo_loc_name=China:Guangzhou | organism=Hippeastrum hybrid cultivar | temp
SRR23857892,PRJNA943557,SAMN33731405,Hippeastrum hybrid cultivar,Plant sample from Hippeastrum hybrid cultivar,tepals,,Tepal/Petal,declared,Unspecified,,ENA,RNA-Seq analysis identifies HpMYB1 as a R2R3-MYB anthocyanin activator in Hippeastrum hybridum royal velvet tepal,tepals | Plant sample from Hippeastrum hybrid cultivar | S1_C | HiSeq X Ten sequencing: RNA-Seq analysis identifies HpMYB1 as a R2R3-MYB anthocyanin activator in Hippeastrum hybridum royal velvet tepal | Plant sample from Hippeastrum hybrid cultivar | HiSeq X Ten sequencing: RNA-Seq analysis identifies HpMYB1 as a R2R3-MYB anthocyanin activator in Hippeastrum hybridum royal velvet tepal | BioSampleModel=Plant | INSDC secondary accession=SRS17040699 | NCBI submission package=Plant.1.0 | age=3 d | cultivar=royal velvet | geo_loc_name=China:Guangzhou | organism=Hippeastrum hybrid cultivar | temp=
SRR23857893,PRJNA943557,SAMN33731406,Hippeastrum hybrid cultivar,Plant sample from Hippeastrum hybrid cultivar,tepals,,Tepal/Petal,declared,Unspecified,,ENA,RNA-Seq analysis identifies HpMYB1 as a R2R3-MYB anthocyanin activator in Hippeastrum hybridum royal velvet tepal,tepals | Plant sample from Hippeastrum hybrid cultivar | S2_A | HiSeq X Ten sequencing: RNA-Seq analysis identifies HpMYB1 as a R2R3-MYB anthocyanin activator in Hippeastrum hybridum royal velvet tepal | Plant sample from Hippeastrum hybrid cultivar | HiSeq X Ten sequencing: RNA-Seq analysis identifies HpMYB1 as a R2R3-MYB anthocyanin activator in Hippeastrum hybridum royal velvet tepal | BioSampleModel=Plant | INSDC secondary accession=SRS17040700 | NCBI submission package=Plant.1.0 | age=6 d | cultivar=royal velvet | geo_loc_name=China:Guangzhou | organism=Hippeastrum hybrid cultivar | temp=
SRR23857894,PRJNA943557,SAMN33731407,Hippeastrum hybrid cultivar,Plant sample from Hippeastrum hybrid cultivar,tepals,,Tepal/Petal,declared,Unspecified,,ENA,RNA-Seq analysis identifies HpMYB1 as a R2R3-MYB anthocyanin activator in Hippeastrum hybridum royal velvet tepal,tepals | Plant sample from Hippeastrum hybrid cultivar | S2_B | HiSeq X Ten sequencing: RNA-Seq analysis identifies HpMYB1 as a R2R3-MYB anthocyanin activator in Hippeastrum hybridum royal velvet tepal | Plant sample from Hippeastrum hybrid cultivar | HiSeq X Ten sequencing: RNA-Seq analysis identifies HpMYB1 as a R2R3-MYB anthocyanin activator in Hippeastrum hybridum royal velvet tepal | BioSampleModel=Plant | INSDC secondary accession=SRS17040697 | NCBI submission package=Plant.1.0 | age=6 d | cultivar=royal velvet | geo_loc_name=China:Guangzhou | organism=Hippeastrum hybrid cultivar | temp=
SRR23857895,PRJNA943557,SAMN33731408,Hippeastrum hybrid cultivar,Plant sample from Hippeastrum hybrid cultivar,tepals,,Tepal/Petal,declared,Unspecified,,ENA,RNA-Seq analysis identifies HpMYB1 as a R2R3-MYB anthocyanin activator in Hippeastrum hybridum royal velvet tepal,tepals | Plant sample from Hippeastrum hybrid cultivar | S2_C | HiSeq X Ten sequencing: RNA-Seq analysis identifies HpMYB1 as a R2R3-MYB anthocyanin activator in Hippeastrum hybridum royal velvet tepal | Plant sample from Hippeastrum hybrid cultivar | HiSeq X Ten sequencing: RNA-Seq analysis identifies HpMYB1 as a R2R3-MYB anthocyanin activator in Hippeastrum hybridum royal velvet tepal | BioSampleModel=Plant | INSDC secondary accession=SRS17040698 | NCBI submission package=Plant.1.0 | age=6 d | cultivar=royal velvet | geo_loc_name=China:Guangzhou | organism=Hippeastrum hybrid cultivar | temp=
SRR23857896,PRJNA943557,SAMN33731409,Hippeastrum hybrid cultivar,Plant sample from Hippeastrum hybrid cultivar,tepals,,Tepal/Petal,declared,Unspecified,,ENA,RNA-Seq analysis identifies HpMYB1 as a R2R3-MYB anthocyanin activator in Hippeastrum hybridum royal velvet tepal,tepals | Plant sample from Hippeastrum hybrid cultivar | S3_A | HiSeq X Ten sequencing: RNA-Seq analysis identifies HpMYB1 as a R2R3-MYB anthocyanin activator in Hippeastrum hybridum royal velvet tepal | Plant sample from Hippeastrum hybrid cultivar | HiSeq X Ten sequencing: RNA-Seq analysis identifies HpMYB1 as a R2R3-MYB anthocyanin activator in Hippeastrum hybridum royal velvet tepal | BioSampleModel=Plant | INSDC secondary accession=SRS17040694 | NCBI submission package=Plant.1.0 | age=9 d | cultivar=royal velvet | geo_loc_name=China:Guangzhou | organism=Hippeastrum hybrid cultivar | temp=
SRR23857897,PRJNA943557,SAMN33731410,Hippeastrum hybrid cultivar,Plant sample from Hippeastrum hybrid cultivar,tepals,,Tepal/Petal,declared,Unspecified,,ENA,RNA-Seq analysis identifies HpMYB1 as a R2R3-MYB anthocyanin activator in Hippeastrum hybridum royal velvet tepal,tepals | Plant sample from Hippeastrum hybrid cultivar | S3_B | HiSeq X Ten sequencing: RNA-Seq analysis identifies HpMYB1 as a R2R3-MYB anthocyanin activator in Hippeastrum hybridum royal velvet tepal | Plant sample from Hippeastrum hybrid cultivar | HiSeq X Ten sequencing: RNA-Seq analysis identifies HpMYB1 as a R2R3-MYB anthocyanin activator in Hippeastrum hybridum royal velvet tepal | BioSampleModel=Plant | INSDC secondary accession=SRS17040695 | NCBI submission package=Plant.1.0 | age=9 d | cultivar=royal velvet | geo_loc_name=China:Guangzhou | organism=Hippeastrum hybrid cultivar | temp=
SRR23857898,PRJNA943557,SAMN33731411,Hippeastrum hybrid cultivar,Plant sample from Hippeastrum hybrid cultivar,tepals,,Tepal/Petal,declared,Unspecified,,ENA,RNA-Seq analysis identifies HpMYB1 as a R2R3-MYB anthocyanin activator in Hippeastrum hybridum royal velvet tepal,tepals | Plant sample from Hippeastrum hybrid cultivar | S3_C | HiSeq X Ten sequencing: RNA-Seq analysis identifies HpMYB1 as a R2R3-MYB anthocyanin activator in Hippeastrum hybridum royal velvet tepal | Plant sample from Hippeastrum hybrid cultivar | HiSeq X Ten sequencing: RNA-Seq analysis identifies HpMYB1 as a R2R3-MYB anthocyanin activator in Hippeastrum hybridum royal velvet tepal | BioSampleModel=Plant | INSDC secondary accession=SRS17040696 | NCBI submission package=Plant.1.0 | age=9 d | cultivar=royal velvet | geo_loc_name=China:Guangzhou | organism=Hippeastrum hybrid cultivar | temp=
SRR23857899,PRJNA943557,SAMN33731412,Hippeastrum hybrid cultivar,Plant sample from Hippeastrum hybrid cultivar,tepals,,Tepal/Petal,declared,Unspecified,,ENA,RNA-Seq analysis identifies HpMYB1 as a R2R3-MYB anthocyanin activator in Hippeastrum hybridum royal velvet tepal,tepals | Plant sample from Hippeastrum hybrid cultivar | S4_A | HiSeq X Ten sequencing: RNA-Seq analysis identifies HpMYB1 as a R2R3-MYB anthocyanin activator in Hippeastrum hybridum royal velvet tepal | Plant sample from Hippeastrum hybrid cultivar | HiSeq X Ten sequencing: RNA-Seq analysis identifies HpMYB1 as a R2R3-MYB anthocyanin activator in Hippeastrum hybridum royal velvet tepal | BioSampleModel=Plant | INSDC secondary accession=SRS17040693 | NCBI submission package=Plant.1.0 | age=12 d | cultivar=royal velvet | geo_loc_name=China:Guangzhou | organism=Hippeastrum hybrid cultivar | temp
SRR24324993,PRJNA962562,SAMN34405781,Crinum x powellii,Root3,"Root, replicate 3",,Root,declared,Hormone/Elicitor,study title,ENA,"Auxin and light-mediated regulation of growth, morphogenesis, and alkaloid biosynthesis in Crinum x powellii callus","Root, replicate 3 | Root3 | Root3 | Illumina NovaSeq 6000 sequencing: RNAseq of Crinum x powellii: Root | Root3 | Illumina NovaSeq 6000 sequencing: RNAseq of Crinum x powellii: Root | BioSampleModel=Plant | INSDC secondary accession=SRS17449026 | NCBI submission package=Plant.1.0 | age=4-week old | ecotype=comercial market (Phoenix perennias, Canada) | geo_loc_name=not applicable | organism=Crinum x powellii | tissue=Root, replicate 3 | title=Root3"
SRR24324994,PRJNA962562,SAMN34405780,Crinum x powellii,Root1,"Root, replicate 1",,Root,declared,Hormone/Elicitor,study title,ENA,"Auxin and light-mediated regulation of growth, morphogenesis, and alkaloid biosynthesis in Crinum x powellii callus","Root, replicate 1 | Root1 | Root1 | Illumina NovaSeq 6000 sequencing: RNAseq of Crinum x powellii: Root | Root1 | Illumina NovaSeq 6000 sequencing: RNAseq of Crinum x powellii: Root | BioSampleModel=Plant | INSDC secondary accession=SRS17449025 | NCBI submission package=Plant.1.0 | age=4-week old | ecotype=comercial market (Phoenix perennias, Canada) | geo_loc_name=not applicable | organism=Crinum x powellii | tissue=Root, replicate 1 | title=Root1"
SRR24324995,PRJNA962562,SAMN34405779,Crinum x powellii,Leaves3,"Leaves, replicate 3",,Leaf,declared,Hormone/Elicitor,study title,ENA,"Auxin and light-mediated regulation of growth, morphogenesis, and alkaloid biosynthesis in Crinum x powellii callus","Leaves, replicate 3 | Leaves3 | Leaves3 | Illumina NovaSeq 6000 sequencing: RNAseq of Crinum x powellii: Leaves | Leaves3 | Illumina NovaSeq 6000 sequencing: RNAseq of Crinum x powellii: Leaves | BioSampleModel=Plant | INSDC secondary accession=SRS17449024 | NCBI submission package=Plant.1.0 | age=4-week old | ecotype=comercial market (Phoenix perennias, Canada) | geo_loc_name=not applicable | organism=Crinum x powellii | tissue=Leaves, replicate 3 | title=Leaves3"
SRR24324996,PRJNA962562,SAMN34405778,Crinum x powellii,Leaves2,"Leaves, replicate 2",,Leaf,declared,Hormone/Elicitor,study title,ENA,"Auxin and light-mediated regulation of growth, morphogenesis, and alkaloid biosynthesis in Crinum x powellii callus","Leaves, replicate 2 | Leaves2 | Leaves2 | Illumina NovaSeq 6000 sequencing: RNAseq of Crinum x powellii: Leaves | Leaves2 | Illumina NovaSeq 6000 sequencing: RNAseq of Crinum x powellii: Leaves | BioSampleModel=Plant | INSDC secondary accession=SRS17449023 | NCBI submission package=Plant.1.0 | age=4-week old | ecotype=comercial market (Phoenix perennias, Canada) | geo_loc_name=not applicable | organism=Crinum x powellii | tissue=Leaves, replicate 2 | title=Leaves2"
SRR24324997,PRJNA962562,SAMN34405777,Crinum x powellii,Leaves1,"Leaves, replicate 1",,Leaf,declared,Hormone/Elicitor,study title,ENA,"Auxin and light-mediated regulation of growth, morphogenesis, and alkaloid biosynthesis in Crinum x powellii callus","Leaves, replicate 1 | Leaves1 | Leaves1 | Illumina NovaSeq 6000 sequencing: RNAseq of Crinum x powellii: Leaves | Leaves1 | Illumina NovaSeq 6000 sequencing: RNAseq of Crinum x powellii: Leaves | BioSampleModel=Plant | INSDC secondary accession=SRS17449022 | NCBI submission package=Plant.1.0 | age=4-week old | ecotype=comercial market (Phoenix perennias, Canada) | geo_loc_name=not applicable | organism=Crinum x powellii | tissue=Leaves, replicate 1 | title=Leaves1"
SRR24324998,PRJNA962562,SAMN34405776,Crinum x powellii,Bulb3,"Bulb, replicate 3",,Bulb,declared,Hormone/Elicitor,study title,ENA,"Auxin and light-mediated regulation of growth, morphogenesis, and alkaloid biosynthesis in Crinum x powellii callus","Bulb, replicate 3 | Bulb3 | Bulb3 | Illumina NovaSeq 6000 sequencing: RNAseq of Crinum x powellii: Bulb | Bulb3 | Illumina NovaSeq 6000 sequencing: RNAseq of Crinum x powellii: Bulb | BioSampleModel=Plant | INSDC secondary accession=SRS17449021 | NCBI submission package=Plant.1.0 | age=4-week old | ecotype=comercial market (Phoenix perennias, Canada) | geo_loc_name=not applicable | organism=Crinum x powellii | tissue=Bulb, replicate 3 | title=Bulb3"
SRR24324999,PRJNA962562,SAMN34405775,Crinum x powellii,Bulb2,"Bulb, replicate 2",,Bulb,declared,Hormone/Elicitor,study title,ENA,"Auxin and light-mediated regulation of growth, morphogenesis, and alkaloid biosynthesis in Crinum x powellii callus","Bulb, replicate 2 | Bulb2 | Bulb2 | Illumina NovaSeq 6000 sequencing: RNAseq of Crinum x powellii:Bulb | Bulb2 | Illumina NovaSeq 6000 sequencing: RNAseq of Crinum x powellii:Bulb | BioSampleModel=Plant | INSDC secondary accession=SRS17449020 | NCBI submission package=Plant.1.0 | age=4-week old | ecotype=comercial market (Phoenix perennias, Canada) | geo_loc_name=not applicable | organism=Crinum x powellii | tissue=Bulb, replicate 2 | title=Bulb2"
SRR24325000,PRJNA962562,SAMN34405792,Crinum x powellii,Light4C,"Callus, replicate 3",Callus,Callus/Culture,declared,Tissue culture,sample text,ENA,"Auxin and light-mediated regulation of growth, morphogenesis, and alkaloid biosynthesis in Crinum x powellii callus","Callus, replicate 3 | Callus | Light4C | Light4C | Illumina NovaSeq 6000 sequencing: RNAseq of Crinum x powellii: callus cultured in 14h:10h light:dark and 4mg/L 2,4-D | Light4C | Illumina NovaSeq 6000 sequencing: RNAseq of Crinum x powellii: callus cultured in 14h:10h light:dark and 4mg/L 2,4-D | BioSampleModel=Plant | INSDC secondary accession=SRS17449018 | NCBI submission package=Plant.1.0 | dev_stage=Callus | ecotype=comercial market (Phoenix perennias, Canada) | geo_loc_name=not applicable | growth_protocol=in vitro culture 14h:10h light:dark + 4mg/L 2,4-D | organism=Crinum x powellii | t"
SRR24325001,PRJNA962562,SAMN34405774,Crinum x powellii,Bulb1,"Bulb, replicate 1",,Bulb,declared,Hormone/Elicitor,study title,ENA,"Auxin and light-mediated regulation of growth, morphogenesis, and alkaloid biosynthesis in Crinum x powellii callus","Bulb, replicate 1 | Bulb1 | Bulb1 | Illumina NovaSeq 6000 sequencing: RNAseq of Crinum x powellii: Bulb | Bulb1 | Illumina NovaSeq 6000 sequencing: RNAseq of Crinum x powellii: Bulb | BioSampleModel=Plant | INSDC secondary accession=SRS17449019 | NCBI submission package=Plant.1.0 | age=4-week old | ecotype=comercial market (Phoenix perennias, Canada) | geo_loc_name=not applicable | organism=Crinum x powellii | tissue=Bulb, replicate 1 | title=Bulb1"
SRR24325002,PRJNA962562,SAMN34405791,Crinum x powellii,Light4B,"Callus, replicate 2",Callus,Callus/Culture,declared,Tissue culture,sample text,ENA,"Auxin and light-mediated regulation of growth, morphogenesis, and alkaloid biosynthesis in Crinum x powellii callus","Callus, replicate 2 | Callus | Light4B | Light4B | Illumina NovaSeq 6000 sequencing: RNAseq of Crinum x powellii: callus cultured in 14h:10h light:dark and 4mg/L 2,4-D | Light4B | Illumina NovaSeq 6000 sequencing: RNAseq of Crinum x powellii: callus cultured in 14h:10h light:dark and 4mg/L 2,4-D | BioSampleModel=Plant | INSDC secondary accession=SRS17449017 | NCBI submission package=Plant.1.0 | dev_stage=Callus | ecotype=comercial market (Phoenix perennias, Canada) | geo_loc_name=not applicable | growth_protocol=in vitro culture 14h:10h light:dark + 4mg/L 2,4-D | organism=Crinum x powellii | t"
SRR24325003,PRJNA962562,SAMN34405790,Crinum x powellii,Light4A,"Callus, replicate 1",Callus,Callus/Culture,declared,Tissue culture,sample text,ENA,"Auxin and light-mediated regulation of growth, morphogenesis, and alkaloid biosynthesis in Crinum x powellii callus","Callus, replicate 1 | Callus | Light4A | Light4A | Illumina NovaSeq 6000 sequencing: RNAseq of Crinum x powellii: callus cultured in 14h:10h light:dark and 4mg/L 2,4-D | Light4A | Illumina NovaSeq 6000 sequencing: RNAseq of Crinum x powellii: callus cultured in 14h:10h light:dark and 4mg/L 2,4-D | BioSampleModel=Plant | INSDC secondary accession=SRS17449016 | NCBI submission package=Plant.1.0 | dev_stage=Callus | ecotype=comercial market (Phoenix perennias, Canada) | geo_loc_name=not applicable | growth_protocol=in vitro culture 14h:10h light:dark + 4mg/L 2,4-D | organism=Crinum x powellii | t"
SRR24325004,PRJNA962562,SAMN34405789,Crinum x powellii,Light3C,"Callus, replicate 3",Callus,Callus/Culture,declared,Tissue culture,sample text,ENA,"Auxin and light-mediated regulation of growth, morphogenesis, and alkaloid biosynthesis in Crinum x powellii callus","Callus, replicate 3 | Callus | Light3C | Light3C | Illumina NovaSeq 6000 sequencing: RNAseq of Crinum x powellii: callus cultured in 14h:10h light:dark and 2mg/L 2,4-D | Light3C | Illumina NovaSeq 6000 sequencing: RNAseq of Crinum x powellii: callus cultured in 14h:10h light:dark and 2mg/L 2,4-D | BioSampleModel=Plant | INSDC secondary accession=SRS17449015 | NCBI submission package=Plant.1.0 | dev_stage=Callus | ecotype=comercial market (Phoenix perennias, Canada) | geo_loc_name=not applicable | growth_protocol=in vitro culture 14h:10h light:dark + 2mg/L 2,4-D | organism=Crinum x powellii | t"
SRR24325005,PRJNA962562,SAMN34405788,Crinum x powellii,Light3B,"Callus, replicate 2",Callus,Callus/Culture,declared,Tissue culture,sample text,ENA,"Auxin and light-mediated regulation of growth, morphogenesis, and alkaloid biosynthesis in Crinum x powellii callus","Callus, replicate 2 | Callus | Light3B | Light3B | Illumina NovaSeq 6000 sequencing: RNAseq of Crinum x powellii: callus cultured in 14h:10h light:dark and 2mg/L 2,4-D | Light3B | Illumina NovaSeq 6000 sequencing: RNAseq of Crinum x powellii: callus cultured in 14h:10h light:dark and 2mg/L 2,4-D | BioSampleModel=Plant | INSDC secondary accession=SRS17449013 | NCBI submission package=Plant.1.0 | dev_stage=Callus | ecotype=comercial market (Phoenix perennias, Canada) | geo_loc_name=not applicable | growth_protocol=in vitro culture 14h:10h light:dark + 2mg/L 2,4-D | organism=Crinum x powellii | t"
SRR24325006,PRJNA962562,SAMN34405787,Crinum x powellii,Light3A,"Callus, replicate 1",Callus,Callus/Culture,declared,Tissue culture,sample text,ENA,"Auxin and light-mediated regulation of growth, morphogenesis, and alkaloid biosynthesis in Crinum x powellii callus","Callus, replicate 1 | Callus | Light3A | Light3A | Illumina NovaSeq 6000 sequencing: RNAseq of Crinum x powellii: callus cultured in 14h:10h light:dark and 2mg/L 2,4-D | Light3A | Illumina NovaSeq 6000 sequencing: RNAseq of Crinum x powellii: callus cultured in 14h:10h light:dark and 2mg/L 2,4-D | BioSampleModel=Plant | INSDC secondary accession=SRS17449014 | NCBI submission package=Plant.1.0 | dev_stage=Callus | ecotype=comercial market (Phoenix perennias, Canada) | geo_loc_name=not applicable | growth_protocol=in vitro culture 14h:10h light:dark + 2mg/L 2,4-D | organism=Crinum x powellii | t"
SRR24325007,PRJNA962562,SAMN34405786,Crinum x powellii,Dark4C,"Callus, replicate 3",Callus,Callus/Culture,declared,Tissue culture,sample text,ENA,"Auxin and light-mediated regulation of growth, morphogenesis, and alkaloid biosynthesis in Crinum x powellii callus","Callus, replicate 3 | Callus | Dark4C | Dark4C | Illumina NovaSeq 6000 sequencing: RNAseq of Crinum x powellii: callus cultured in 24h dark and 4mg/L 2,4-D | Dark4C | Illumina NovaSeq 6000 sequencing: RNAseq of Crinum x powellii: callus cultured in 24h dark and 4mg/L 2,4-D | BioSampleModel=Plant | INSDC secondary accession=SRS17449012 | NCBI submission package=Plant.1.0 | dev_stage=Callus | ecotype=comercial market (Phoenix perennias, Canada) | geo_loc_name=not applicable | growth_protocol=in vitro culture 24h dark + 4mg/L 2,4-D | organism=Crinum x powellii | tissue=Callus, replicate 3 | title"
SRR24325008,PRJNA962562,SAMN34405785,Crinum x powellii,Dark4B,"Callus, replicate 2",Callus,Callus/Culture,declared,Tissue culture,sample text,ENA,"Auxin and light-mediated regulation of growth, morphogenesis, and alkaloid biosynthesis in Crinum x powellii callus","Callus, replicate 2 | Callus | Dark4B | Dark4B | Illumina NovaSeq 6000 sequencing: RNAseq of Crinum x powellii: callus cultured in 24h dark and 4mg/L 2,4-D | Dark4B | Illumina NovaSeq 6000 sequencing: RNAseq of Crinum x powellii: callus cultured in 24h dark and 4mg/L 2,4-D | BioSampleModel=Plant | INSDC secondary accession=SRS17449010 | NCBI submission package=Plant.1.0 | dev_stage=Callus | ecotype=comercial market (Phoenix perennias, Canada) | geo_loc_name=not applicable | growth_protocol=in vitro culture 24h dark + 4mg/L 2,4-D | organism=Crinum x powellii | tissue=Callus, replicate 2 | title"
SRR24325009,PRJNA962562,SAMN34405784,Crinum x powellii,Dark4A,"Callus, replicate 1",Callus,Callus/Culture,declared,Tissue culture,sample text,ENA,"Auxin and light-mediated regulation of growth, morphogenesis, and alkaloid biosynthesis in Crinum x powellii callus","Callus, replicate 1 | Callus | Dark4A | Dark4A | Illumina NovaSeq 6000 sequencing: RNAseq of Crinum x powellii: callus cultured in 24h dark and 4mg/L 2,4-D | Dark4A | Illumina NovaSeq 6000 sequencing: RNAseq of Crinum x powellii: callus cultured in 24h dark and 4mg/L 2,4-D | BioSampleModel=Plant | INSDC secondary accession=SRS17449009 | NCBI submission package=Plant.1.0 | dev_stage=Callus | ecotype=comercial market (Phoenix perennias, Canada) | geo_loc_name=not applicable | growth_protocol=in vitro culture 24h dark + 4mg/L 2,4-D | organism=Crinum x powellii | tissue=Callus, replicate 1 | title"
SRR24325010,PRJNA962562,SAMN34405783,Crinum x powellii,Dark3C,"Callus, replicate 2",Callus,Callus/Culture,declared,Tissue culture,sample text,ENA,"Auxin and light-mediated regulation of growth, morphogenesis, and alkaloid biosynthesis in Crinum x powellii callus","Callus, replicate 2 | Callus | Dark3C | Dark3C | Illumina NovaSeq 6000 sequencing: RNAseq of Crinum x powellii: callus cultured in 24h dark and 2mg/L 2,4-D | Dark3C | Illumina NovaSeq 6000 sequencing: RNAseq of Crinum x powellii: callus cultured in 24h dark and 2mg/L 2,4-D | BioSampleModel=Plant | INSDC secondary accession=SRS17449008 | NCBI submission package=Plant.1.0 | dev_stage=Callus | ecotype=comercial market (Phoenix perennias, Canada) | geo_loc_name=not applicable | growth_protocol=in vitro culture 24h dark + 2mg/L 2,4-D | organism=Crinum x powellii | tissue=Callus, replicate 2 | title"
SRR24325011,PRJNA962562,SAMN34405782,Crinum x powellii,Dark3A,"Callus, replicate 1",Callus,Callus/Culture,declared,Tissue culture,sample text,ENA,"Auxin and light-mediated regulation of growth, morphogenesis, and alkaloid biosynthesis in Crinum x powellii callus","Callus, replicate 1 | Callus | Dark3A | Dark3A | Illumina NovaSeq 6000 sequencing: RNAseq of Crinum x powellii: callus cultured in 24h dark and 2mg/L 2,4-D | Dark3A | Illumina NovaSeq 6000 sequencing: RNAseq of Crinum x powellii: callus cultured in 24h dark and 2mg/L 2,4-D | BioSampleModel=Plant | INSDC secondary accession=SRS17449007 | NCBI submission package=Plant.1.0 | dev_stage=Callus | ecotype=comercial market (Phoenix perennias, Canada) | geo_loc_name=not applicable | growth_protocol=in vitro culture 24h dark + 2mg/L 2,4-D | organism=Crinum x powellii | tissue=Callus, replicate 1 | title"
SRR24325012,PRJNA962562,SAMN34405773,Crinum x powellii,Basal_plate3,"Basal plate, replicate 3",,Basal plate,declared,Hormone/Elicitor,study title,ENA,"Auxin and light-mediated regulation of growth, morphogenesis, and alkaloid biosynthesis in Crinum x powellii callus","Basal plate, replicate 3 | Basal_plate3 | Basal_plate3 | Illumina NovaSeq 6000 sequencing: RNAseq of Crinum x powellii: basal plate | Basal_plate3 | Illumina NovaSeq 6000 sequencing: RNAseq of Crinum x powellii: basal plate | BioSampleModel=Plant | INSDC secondary accession=SRS17449011 | NCBI submission package=Plant.1.0 | age=4-week old | ecotype=comercial market (Phoenix perennias, Canada) | geo_loc_name=not applicable | organism=Crinum x powellii | tissue=Basal plate, replicate 3 | title=Basal_plate3"
SRR24325013,PRJNA962562,SAMN34405772,Crinum x powellii,Basal_plate1,"Basal plate, replicate 2",,Basal plate,declared,Hormone/Elicitor,study title,ENA,"Auxin and light-mediated regulation of growth, morphogenesis, and alkaloid biosynthesis in Crinum x powellii callus","Basal plate, replicate 2 | Basal_plate1 | Basal_plate1 | Illumina NovaSeq 6000 sequencing: RNAseq of Crinum x powellii: basal plate | Basal_plate1 | Illumina NovaSeq 6000 sequencing: RNAseq of Crinum x powellii: basal plate | BioSampleModel=Plant | INSDC secondary accession=SRS17449006 | NCBI submission package=Plant.1.0 | age=4-week old | ecotype=comercial market (Phoenix perennias, Canada) | geo_loc_name=not applicable | organism=Crinum x powellii | tissue=Basal plate, replicate 2 | title=Basal_plate1"
SRR2477578,PRJNA296436,SAMN04099137,Narcissus tazetta,Plant sample from Narcissus tazetta,petal and corona,the early flowering stage,Tepal/Petal,declared,Developmental stage,declared,ENA,Narcissus tazetta cultivar:Yunxiang Transcriptome or Gene expression,petal and corona | the early flowering stage | Plant sample from Narcissus tazetta | flowers of N. tazetta | Illumina HiSeq 2000 paired end sequencing: De novo transcriptome sequencing and metabolic pathways analysis reveals the color formation between white petals and yellow coronas in Yunxiang (Narcissus tazetta L.) | Plant sample from Narcissus tazetta | Illumina HiSeq 2000 paired end sequencing: De novo transcriptome sequencing and metabolic pathways analysis reveals the color formation between white petals and yellow coronas in Yunxiang (Narcissus tazetta L.) | BioSampleModel=Plant | INSD
SRR2477579,PRJNA296436,SAMN04099137,Narcissus tazetta,Plant sample from Narcissus tazetta,petal and corona,the early flowering stage,Tepal/Petal,declared,Developmental stage,declared,ENA,Narcissus tazetta cultivar:Yunxiang Transcriptome or Gene expression,petal and corona | the early flowering stage | Plant sample from Narcissus tazetta | flowers of N. tazetta | Illumina HiSeq 2000 paired end sequencing: De novo transcriptome sequencing and metabolic pathways analysis reveals the color formation between white petals and yellow coronas in Yunxiang (Narcissus tazetta L.) | Plant sample from Narcissus tazetta | Illumina HiSeq 2000 paired end sequencing: De novo transcriptome sequencing and metabolic pathways analysis reveals the color formation between white petals and yellow coronas in Yunxiang (Narcissus tazetta L.) | BioSampleModel=Plant | INSD
SRR27366443,PRJNA1056253,SAMN39143826,unclassified Narcissus,Plant sample from unclassified Narcissus,Multiple,Full bloom,Multiple/Pooled,declared,Developmental stage,declared,ENA,A developmental gradient reveals biosynthetic pathways to eukaryotic toxins in the Amaryllidaceae,Multiple | Full bloom | Plant sample from unclassified Narcissus | Narcissus cultivar Tete-a-Tete | Illumina NovaSeq 6000 sequencing: RNA-seq of Narcissus cv. Tete a Tete inflorerscence 2 | Plant sample from unclassified Narcissus | Illumina NovaSeq 6000 sequencing: RNA-seq of Narcissus cv. Tete a Tete inflorerscence 2 | BioSampleModel=Plant | INSDC secondary accession=SRS20004005 | NCBI submission package=Plant.1.0 | collection_date=2021-03 | cultivar=Tete-a-tete | dev_stage=Full bloom | geo_loc_name=USA | organism=unclassified Narcissus | tissue=Multiple | title=Plant sample from unclassifie
SRR27366444,PRJNA1056253,SAMN39143826,unclassified Narcissus,Plant sample from unclassified Narcissus,Multiple,Full bloom,Multiple/Pooled,declared,Developmental stage,declared,ENA,A developmental gradient reveals biosynthetic pathways to eukaryotic toxins in the Amaryllidaceae,Multiple | Full bloom | Plant sample from unclassified Narcissus | Narcissus cultivar Tete-a-Tete | Illumina NovaSeq 6000 sequencing: RNA-seq of Narcissus cv. Tete a Tete inflorerscence 1 | Plant sample from unclassified Narcissus | Illumina NovaSeq 6000 sequencing: RNA-seq of Narcissus cv. Tete a Tete inflorerscence 1 | BioSampleModel=Plant | INSDC secondary accession=SRS20004005 | NCBI submission package=Plant.1.0 | collection_date=2021-03 | cultivar=Tete-a-tete | dev_stage=Full bloom | geo_loc_name=USA | organism=unclassified Narcissus | tissue=Multiple | title=Plant sample from unclassifie
SRR27366445,PRJNA1056253,SAMN39143826,unclassified Narcissus,Plant sample from unclassified Narcissus,Multiple,Full bloom,Multiple/Pooled,declared,Developmental stage,declared,ENA,A developmental gradient reveals biosynthetic pathways to eukaryotic toxins in the Amaryllidaceae,"Multiple | Full bloom | Plant sample from unclassified Narcissus | Narcissus cultivar Tete-a-Tete | Illumina NovaSeq 6000 sequencing: RNA-seq of Narcissus cv. Tete a Tete bulb scale, outermost | Plant sample from unclassified Narcissus | Illumina NovaSeq 6000 sequencing: RNA-seq of Narcissus cv. Tete a Tete bulb scale, outermost | BioSampleModel=Plant | INSDC secondary accession=SRS20004005 | NCBI submission package=Plant.1.0 | collection_date=2021-03 | cultivar=Tete-a-tete | dev_stage=Full bloom | geo_loc_name=USA | organism=unclassified Narcissus | tissue=Multiple | title=Plant sample from u"
SRR27366446,PRJNA1056253,SAMN39143826,unclassified Narcissus,Plant sample from unclassified Narcissus,Multiple,Full bloom,Multiple/Pooled,declared,Developmental stage,declared,ENA,A developmental gradient reveals biosynthetic pathways to eukaryotic toxins in the Amaryllidaceae,"Multiple | Full bloom | Plant sample from unclassified Narcissus | Narcissus cultivar Tete-a-Tete | Illumina NovaSeq 6000 sequencing: RNA-seq of Narcissus cv. Tete a Tete bulb scale, outermost | Plant sample from unclassified Narcissus | Illumina NovaSeq 6000 sequencing: RNA-seq of Narcissus cv. Tete a Tete bulb scale, outermost | BioSampleModel=Plant | INSDC secondary accession=SRS20004005 | NCBI submission package=Plant.1.0 | collection_date=2021-03 | cultivar=Tete-a-tete | dev_stage=Full bloom | geo_loc_name=USA | organism=unclassified Narcissus | tissue=Multiple | title=Plant sample from u"
SRR27366447,PRJNA1056253,SAMN39143826,unclassified Narcissus,Plant sample from unclassified Narcissus,Multiple,Full bloom,Multiple/Pooled,declared,Developmental stage,declared,ENA,A developmental gradient reveals biosynthetic pathways to eukaryotic toxins in the Amaryllidaceae,"Multiple | Full bloom | Plant sample from unclassified Narcissus | Narcissus cultivar Tete-a-Tete | Illumina NovaSeq 6000 sequencing: RNA-seq of Narcissus cv. Tete a Tete bulb scale, mid-inner | Plant sample from unclassified Narcissus | Illumina NovaSeq 6000 sequencing: RNA-seq of Narcissus cv. Tete a Tete bulb scale, mid-inner | BioSampleModel=Plant | INSDC secondary accession=SRS20004005 | NCBI submission package=Plant.1.0 | collection_date=2021-03 | cultivar=Tete-a-tete | dev_stage=Full bloom | geo_loc_name=USA | organism=unclassified Narcissus | tissue=Multiple | title=Plant sample from u"
SRR27366448,PRJNA1056253,SAMN39143826,unclassified Narcissus,Plant sample from unclassified Narcissus,Multiple,Full bloom,Multiple/Pooled,declared,Developmental stage,declared,ENA,A developmental gradient reveals biosynthetic pathways to eukaryotic toxins in the Amaryllidaceae,"Multiple | Full bloom | Plant sample from unclassified Narcissus | Narcissus cultivar Tete-a-Tete | Illumina NovaSeq 6000 sequencing: RNA-seq of Narcissus cv. Tete a Tete bulb scale, mid-inner | Plant sample from unclassified Narcissus | Illumina NovaSeq 6000 sequencing: RNA-seq of Narcissus cv. Tete a Tete bulb scale, mid-inner | BioSampleModel=Plant | INSDC secondary accession=SRS20004005 | NCBI submission package=Plant.1.0 | collection_date=2021-03 | cultivar=Tete-a-tete | dev_stage=Full bloom | geo_loc_name=USA | organism=unclassified Narcissus | tissue=Multiple | title=Plant sample from u"
SRR27366449,PRJNA1056253,SAMN39143826,unclassified Narcissus,Plant sample from unclassified Narcissus,Multiple,Full bloom,Multiple/Pooled,declared,Developmental stage,declared,ENA,A developmental gradient reveals biosynthetic pathways to eukaryotic toxins in the Amaryllidaceae,"Multiple | Full bloom | Plant sample from unclassified Narcissus | Narcissus cultivar Tete-a-Tete | Illumina NovaSeq 6000 sequencing: RNA-seq of Narcissus cv. Tete a Tete bulb scale, innermost | Plant sample from unclassified Narcissus | Illumina NovaSeq 6000 sequencing: RNA-seq of Narcissus cv. Tete a Tete bulb scale, innermost | BioSampleModel=Plant | INSDC secondary accession=SRS20004005 | NCBI submission package=Plant.1.0 | collection_date=2021-03 | cultivar=Tete-a-tete | dev_stage=Full bloom | geo_loc_name=USA | organism=unclassified Narcissus | tissue=Multiple | title=Plant sample from u"
SRR27366451,PRJNA1056253,SAMN39143826,unclassified Narcissus,Plant sample from unclassified Narcissus,Multiple,Full bloom,Multiple/Pooled,declared,Developmental stage,declared,ENA,A developmental gradient reveals biosynthetic pathways to eukaryotic toxins in the Amaryllidaceae,Multiple | Full bloom | Plant sample from unclassified Narcissus | Narcissus cultivar Tete-a-Tete | Illumina NovaSeq 6000 sequencing: RNA-seq of Narcissus cv. Tete a Tete stem top | Plant sample from unclassified Narcissus | Illumina NovaSeq 6000 sequencing: RNA-seq of Narcissus cv. Tete a Tete stem top | BioSampleModel=Plant | INSDC secondary accession=SRS20004005 | NCBI submission package=Plant.1.0 | collection_date=2021-03 | cultivar=Tete-a-tete | dev_stage=Full bloom | geo_loc_name=USA | organism=unclassified Narcissus | tissue=Multiple | title=Plant sample from unclassified Narcissus
SRR27366452,PRJNA1056253,SAMN39143826,unclassified Narcissus,Plant sample from unclassified Narcissus,Multiple,Full bloom,Multiple/Pooled,declared,Developmental stage,declared,ENA,A developmental gradient reveals biosynthetic pathways to eukaryotic toxins in the Amaryllidaceae,Multiple | Full bloom | Plant sample from unclassified Narcissus | Narcissus cultivar Tete-a-Tete | Illumina NovaSeq 6000 sequencing: RNA-seq of Narcissus cv. Tete a Tete stem upper mid | Plant sample from unclassified Narcissus | Illumina NovaSeq 6000 sequencing: RNA-seq of Narcissus cv. Tete a Tete stem upper mid | BioSampleModel=Plant | INSDC secondary accession=SRS20004005 | NCBI submission package=Plant.1.0 | collection_date=2021-03 | cultivar=Tete-a-tete | dev_stage=Full bloom | geo_loc_name=USA | organism=unclassified Narcissus | tissue=Multiple | title=Plant sample from unclassified Na
SRR27366453,PRJNA1056253,SAMN39143826,unclassified Narcissus,Plant sample from unclassified Narcissus,Multiple,Full bloom,Multiple/Pooled,declared,Developmental stage,declared,ENA,A developmental gradient reveals biosynthetic pathways to eukaryotic toxins in the Amaryllidaceae,Multiple | Full bloom | Plant sample from unclassified Narcissus | Narcissus cultivar Tete-a-Tete | Illumina NovaSeq 6000 sequencing: RNA-seq of Narcissus cv. Tete a Tete stem lower mid | Plant sample from unclassified Narcissus | Illumina NovaSeq 6000 sequencing: RNA-seq of Narcissus cv. Tete a Tete stem lower mid | BioSampleModel=Plant | INSDC secondary accession=SRS20004005 | NCBI submission package=Plant.1.0 | collection_date=2021-03 | cultivar=Tete-a-tete | dev_stage=Full bloom | geo_loc_name=USA | organism=unclassified Narcissus | tissue=Multiple | title=Plant sample from unclassified Na
SRR27366454,PRJNA1056253,SAMN39143826,unclassified Narcissus,Plant sample from unclassified Narcissus,Multiple,Full bloom,Multiple/Pooled,declared,Developmental stage,declared,ENA,A developmental gradient reveals biosynthetic pathways to eukaryotic toxins in the Amaryllidaceae,Multiple | Full bloom | Plant sample from unclassified Narcissus | Narcissus cultivar Tete-a-Tete | Illumina NovaSeq 6000 sequencing: RNA-seq of Narcissus cv. Tete a Tete stem bottommost | Plant sample from unclassified Narcissus | Illumina NovaSeq 6000 sequencing: RNA-seq of Narcissus cv. Tete a Tete stem bottommost | BioSampleModel=Plant | INSDC secondary accession=SRS20004005 | NCBI submission package=Plant.1.0 | collection_date=2021-03 | cultivar=Tete-a-tete | dev_stage=Full bloom | geo_loc_name=USA | organism=unclassified Narcissus | tissue=Multiple | title=Plant sample from unclassified 
SRR27366455,PRJNA1056253,SAMN39143826,unclassified Narcissus,Plant sample from unclassified Narcissus,Multiple,Full bloom,Multiple/Pooled,declared,Developmental stage,declared,ENA,A developmental gradient reveals biosynthetic pathways to eukaryotic toxins in the Amaryllidaceae,Multiple | Full bloom | Plant sample from unclassified Narcissus | Narcissus cultivar Tete-a-Tete | Illumina NovaSeq 6000 sequencing: RNA-seq of Narcissus cv. Tete a Tete roots 3 | Plant sample from unclassified Narcissus | Illumina NovaSeq 6000 sequencing: RNA-seq of Narcissus cv. Tete a Tete roots 3 | BioSampleModel=Plant | INSDC secondary accession=SRS20004005 | NCBI submission package=Plant.1.0 | collection_date=2021-03 | cultivar=Tete-a-tete | dev_stage=Full bloom | geo_loc_name=USA | organism=unclassified Narcissus | tissue=Multiple | title=Plant sample from unclassified Narcissus
SRR27366456,PRJNA1056253,SAMN39143826,unclassified Narcissus,Plant sample from unclassified Narcissus,Multiple,Full bloom,Multiple/Pooled,declared,Developmental stage,declared,ENA,A developmental gradient reveals biosynthetic pathways to eukaryotic toxins in the Amaryllidaceae,Multiple | Full bloom | Plant sample from unclassified Narcissus | Narcissus cultivar Tete-a-Tete | Illumina NovaSeq 6000 sequencing: RNA-seq of Narcissus cv. Tete a Tete roots 2 | Plant sample from unclassified Narcissus | Illumina NovaSeq 6000 sequencing: RNA-seq of Narcissus cv. Tete a Tete roots 2 | BioSampleModel=Plant | INSDC secondary accession=SRS20004005 | NCBI submission package=Plant.1.0 | collection_date=2021-03 | cultivar=Tete-a-tete | dev_stage=Full bloom | geo_loc_name=USA | organism=unclassified Narcissus | tissue=Multiple | title=Plant sample from unclassified Narcissus
SRR27366457,PRJNA1056253,SAMN39143826,unclassified Narcissus,Plant sample from unclassified Narcissus,Multiple,Full bloom,Multiple/Pooled,declared,Developmental stage,declared,ENA,A developmental gradient reveals biosynthetic pathways to eukaryotic toxins in the Amaryllidaceae,Multiple | Full bloom | Plant sample from unclassified Narcissus | Narcissus cultivar Tete-a-Tete | Illumina NovaSeq 6000 sequencing: RNA-seq of Narcissus cv. Tete a Tete roots 1 | Plant sample from unclassified Narcissus | Illumina NovaSeq 6000 sequencing: RNA-seq of Narcissus cv. Tete a Tete roots 1 | BioSampleModel=Plant | INSDC secondary accession=SRS20004005 | NCBI submission package=Plant.1.0 | collection_date=2021-03 | cultivar=Tete-a-tete | dev_stage=Full bloom | geo_loc_name=USA | organism=unclassified Narcissus | tissue=Multiple | title=Plant sample from unclassified Narcissus
SRR27366458,PRJNA1056253,SAMN39143826,unclassified Narcissus,Plant sample from unclassified Narcissus,Multiple,Full bloom,Multiple/Pooled,declared,Developmental stage,declared,ENA,A developmental gradient reveals biosynthetic pathways to eukaryotic toxins in the Amaryllidaceae,"Multiple | Full bloom | Plant sample from unclassified Narcissus | Narcissus cultivar Tete-a-Tete | Illumina NovaSeq 6000 sequencing: RNA-seq of Narcissus cv. Tete a Tete leaf 4, top | Plant sample from unclassified Narcissus | Illumina NovaSeq 6000 sequencing: RNA-seq of Narcissus cv. Tete a Tete leaf 4, top | BioSampleModel=Plant | INSDC secondary accession=SRS20004005 | NCBI submission package=Plant.1.0 | collection_date=2021-03 | cultivar=Tete-a-tete | dev_stage=Full bloom | geo_loc_name=USA | organism=unclassified Narcissus | tissue=Multiple | title=Plant sample from unclassified Narcissu"
SRR27366459,PRJNA1056253,SAMN39143826,unclassified Narcissus,Plant sample from unclassified Narcissus,Multiple,Full bloom,Multiple/Pooled,declared,Developmental stage,declared,ENA,A developmental gradient reveals biosynthetic pathways to eukaryotic toxins in the Amaryllidaceae,"Multiple | Full bloom | Plant sample from unclassified Narcissus | Narcissus cultivar Tete-a-Tete | Illumina NovaSeq 6000 sequencing: RNA-seq of Narcissus cv. Tete a Tete bulb scale, innermost | Plant sample from unclassified Narcissus | Illumina NovaSeq 6000 sequencing: RNA-seq of Narcissus cv. Tete a Tete bulb scale, innermost | BioSampleModel=Plant | INSDC secondary accession=SRS20004005 | NCBI submission package=Plant.1.0 | collection_date=2021-03 | cultivar=Tete-a-tete | dev_stage=Full bloom | geo_loc_name=USA | organism=unclassified Narcissus | tissue=Multiple | title=Plant sample from u"
SRR27366460,PRJNA1056253,SAMN39143826,unclassified Narcissus,Plant sample from unclassified Narcissus,Multiple,Full bloom,Multiple/Pooled,declared,Developmental stage,declared,ENA,A developmental gradient reveals biosynthetic pathways to eukaryotic toxins in the Amaryllidaceae,"Multiple | Full bloom | Plant sample from unclassified Narcissus | Narcissus cultivar Tete-a-Tete | Illumina NovaSeq 6000 sequencing: RNA-seq of Narcissus cv. Tete a Tete leaf 3, top | Plant sample from unclassified Narcissus | Illumina NovaSeq 6000 sequencing: RNA-seq of Narcissus cv. Tete a Tete leaf 3, top | BioSampleModel=Plant | INSDC secondary accession=SRS20004005 | NCBI submission package=Plant.1.0 | collection_date=2021-03 | cultivar=Tete-a-tete | dev_stage=Full bloom | geo_loc_name=USA | organism=unclassified Narcissus | tissue=Multiple | title=Plant sample from unclassified Narcissu"
SRR27366461,PRJNA1056253,SAMN39143826,unclassified Narcissus,Plant sample from unclassified Narcissus,Multiple,Full bloom,Multiple/Pooled,declared,Developmental stage,declared,ENA,A developmental gradient reveals biosynthetic pathways to eukaryotic toxins in the Amaryllidaceae,"Multiple | Full bloom | Plant sample from unclassified Narcissus | Narcissus cultivar Tete-a-Tete | Illumina NovaSeq 6000 sequencing: RNA-seq of Narcissus cv. Tete a Tete leaf 2, top | Plant sample from unclassified Narcissus | Illumina NovaSeq 6000 sequencing: RNA-seq of Narcissus cv. Tete a Tete leaf 2, top | BioSampleModel=Plant | INSDC secondary accession=SRS20004005 | NCBI submission package=Plant.1.0 | collection_date=2021-03 | cultivar=Tete-a-tete | dev_stage=Full bloom | geo_loc_name=USA | organism=unclassified Narcissus | tissue=Multiple | title=Plant sample from unclassified Narcissu"
SRR27366462,PRJNA1056253,SAMN39143826,unclassified Narcissus,Plant sample from unclassified Narcissus,Multiple,Full bloom,Multiple/Pooled,declared,Developmental stage,declared,ENA,A developmental gradient reveals biosynthetic pathways to eukaryotic toxins in the Amaryllidaceae,"Multiple | Full bloom | Plant sample from unclassified Narcissus | Narcissus cultivar Tete-a-Tete | Illumina NovaSeq 6000 sequencing: RNA-seq of Narcissus cv. Tete a Tete leaf 1, top | Plant sample from unclassified Narcissus | Illumina NovaSeq 6000 sequencing: RNA-seq of Narcissus cv. Tete a Tete leaf 1, top | BioSampleModel=Plant | INSDC secondary accession=SRS20004005 | NCBI submission package=Plant.1.0 | collection_date=2021-03 | cultivar=Tete-a-tete | dev_stage=Full bloom | geo_loc_name=USA | organism=unclassified Narcissus | tissue=Multiple | title=Plant sample from unclassified Narcissu"
SRR27366463,PRJNA1056253,SAMN39143826,unclassified Narcissus,Plant sample from unclassified Narcissus,Multiple,Full bloom,Multiple/Pooled,declared,Developmental stage,declared,ENA,A developmental gradient reveals biosynthetic pathways to eukaryotic toxins in the Amaryllidaceae,"Multiple | Full bloom | Plant sample from unclassified Narcissus | Narcissus cultivar Tete-a-Tete | Illumina NovaSeq 6000 sequencing: RNA-seq of Narcissus cv. Tete a Tete leaf 2, mid | Plant sample from unclassified Narcissus | Illumina NovaSeq 6000 sequencing: RNA-seq of Narcissus cv. Tete a Tete leaf 2, mid | BioSampleModel=Plant | INSDC secondary accession=SRS20004005 | NCBI submission package=Plant.1.0 | collection_date=2021-03 | cultivar=Tete-a-tete | dev_stage=Full bloom | geo_loc_name=USA | organism=unclassified Narcissus | tissue=Multiple | title=Plant sample from unclassified Narcissu"
SRR27366464,PRJNA1056253,SAMN39143826,unclassified Narcissus,Plant sample from unclassified Narcissus,Multiple,Full bloom,Multiple/Pooled,declared,Developmental stage,declared,ENA,A developmental gradient reveals biosynthetic pathways to eukaryotic toxins in the Amaryllidaceae,"Multiple | Full bloom | Plant sample from unclassified Narcissus | Narcissus cultivar Tete-a-Tete | Illumina NovaSeq 6000 sequencing: RNA-seq of Narcissus cv. Tete a Tete leaf 1, mid | Plant sample from unclassified Narcissus | Illumina NovaSeq 6000 sequencing: RNA-seq of Narcissus cv. Tete a Tete leaf 1, mid | BioSampleModel=Plant | INSDC secondary accession=SRS20004005 | NCBI submission package=Plant.1.0 | collection_date=2021-03 | cultivar=Tete-a-tete | dev_stage=Full bloom | geo_loc_name=USA | organism=unclassified Narcissus | tissue=Multiple | title=Plant sample from unclassified Narcissu"
SRR27366465,PRJNA1056253,SAMN39143826,unclassified Narcissus,Plant sample from unclassified Narcissus,Multiple,Full bloom,Multiple/Pooled,declared,Developmental stage,declared,ENA,A developmental gradient reveals biosynthetic pathways to eukaryotic toxins in the Amaryllidaceae,"Multiple | Full bloom | Plant sample from unclassified Narcissus | Narcissus cultivar Tete-a-Tete | Illumina NovaSeq 6000 sequencing: RNA-seq of Narcissus cv. Tete a Tete leaf 4, bottom | Plant sample from unclassified Narcissus | Illumina NovaSeq 6000 sequencing: RNA-seq of Narcissus cv. Tete a Tete leaf 4, bottom | BioSampleModel=Plant | INSDC secondary accession=SRS20004005 | NCBI submission package=Plant.1.0 | collection_date=2021-03 | cultivar=Tete-a-tete | dev_stage=Full bloom | geo_loc_name=USA | organism=unclassified Narcissus | tissue=Multiple | title=Plant sample from unclassified Na"
SRR27366466,PRJNA1056253,SAMN39143826,unclassified Narcissus,Plant sample from unclassified Narcissus,Multiple,Full bloom,Multiple/Pooled,declared,Developmental stage,declared,ENA,A developmental gradient reveals biosynthetic pathways to eukaryotic toxins in the Amaryllidaceae,"Multiple | Full bloom | Plant sample from unclassified Narcissus | Narcissus cultivar Tete-a-Tete | Illumina NovaSeq 6000 sequencing: RNA-seq of Narcissus cv. Tete a Tete leaf 3, bottom | Plant sample from unclassified Narcissus | Illumina NovaSeq 6000 sequencing: RNA-seq of Narcissus cv. Tete a Tete leaf 3, bottom | BioSampleModel=Plant | INSDC secondary accession=SRS20004005 | NCBI submission package=Plant.1.0 | collection_date=2021-03 | cultivar=Tete-a-tete | dev_stage=Full bloom | geo_loc_name=USA | organism=unclassified Narcissus | tissue=Multiple | title=Plant sample from unclassified Na"
SRR27366467,PRJNA1056253,SAMN39143826,unclassified Narcissus,Plant sample from unclassified Narcissus,Multiple,Full bloom,Multiple/Pooled,declared,Developmental stage,declared,ENA,A developmental gradient reveals biosynthetic pathways to eukaryotic toxins in the Amaryllidaceae,"Multiple | Full bloom | Plant sample from unclassified Narcissus | Narcissus cultivar Tete-a-Tete | Illumina NovaSeq 6000 sequencing: RNA-seq of Narcissus cv. Tete a Tete leaf 2, bottom | Plant sample from unclassified Narcissus | Illumina NovaSeq 6000 sequencing: RNA-seq of Narcissus cv. Tete a Tete leaf 2, bottom | BioSampleModel=Plant | INSDC secondary accession=SRS20004005 | NCBI submission package=Plant.1.0 | collection_date=2021-03 | cultivar=Tete-a-tete | dev_stage=Full bloom | geo_loc_name=USA | organism=unclassified Narcissus | tissue=Multiple | title=Plant sample from unclassified Na"
SRR27366468,PRJNA1056253,SAMN39143826,unclassified Narcissus,Plant sample from unclassified Narcissus,Multiple,Full bloom,Multiple/Pooled,declared,Developmental stage,declared,ENA,A developmental gradient reveals biosynthetic pathways to eukaryotic toxins in the Amaryllidaceae,"Multiple | Full bloom | Plant sample from unclassified Narcissus | Narcissus cultivar Tete-a-Tete | Illumina NovaSeq 6000 sequencing: RNA-seq of Narcissus cv. Tete a Tete leaf 1, bottom | Plant sample from unclassified Narcissus | Illumina NovaSeq 6000 sequencing: RNA-seq of Narcissus cv. Tete a Tete leaf 1, bottom | BioSampleModel=Plant | INSDC secondary accession=SRS20004005 | NCBI submission package=Plant.1.0 | collection_date=2021-03 | cultivar=Tete-a-tete | dev_stage=Full bloom | geo_loc_name=USA | organism=unclassified Narcissus | tissue=Multiple | title=Plant sample from unclassified Na"
SRR27366469,PRJNA1056253,SAMN39143826,unclassified Narcissus,Plant sample from unclassified Narcissus,Multiple,Full bloom,Multiple/Pooled,declared,Developmental stage,declared,ENA,A developmental gradient reveals biosynthetic pathways to eukaryotic toxins in the Amaryllidaceae,Multiple | Full bloom | Plant sample from unclassified Narcissus | Narcissus cultivar Tete-a-Tete | Illumina NovaSeq 6000 sequencing: RNA-seq of Narcissus cv. Tete a Tete inflorerscence 3 | Plant sample from unclassified Narcissus | Illumina NovaSeq 6000 sequencing: RNA-seq of Narcissus cv. Tete a Tete inflorerscence 3 | BioSampleModel=Plant | INSDC secondary accession=SRS20004005 | NCBI submission package=Plant.1.0 | collection_date=2021-03 | cultivar=Tete-a-tete | dev_stage=Full bloom | geo_loc_name=USA | organism=unclassified Narcissus | tissue=Multiple | title=Plant sample from unclassifie
SRR27366470,PRJNA1056253,SAMN39143826,unclassified Narcissus,Plant sample from unclassified Narcissus,Multiple,Full bloom,Multiple/Pooled,declared,Developmental stage,declared,ENA,A developmental gradient reveals biosynthetic pathways to eukaryotic toxins in the Amaryllidaceae,"Multiple | Full bloom | Plant sample from unclassified Narcissus | Narcissus cultivar Tete-a-Tete | Illumina NovaSeq 6000 sequencing: RNA-seq of Narcissus cv. Tete a Tete bulb scale, mid-outer | Plant sample from unclassified Narcissus | Illumina NovaSeq 6000 sequencing: RNA-seq of Narcissus cv. Tete a Tete bulb scale, mid-outer | BioSampleModel=Plant | INSDC secondary accession=SRS20004005 | NCBI submission package=Plant.1.0 | collection_date=2021-03 | cultivar=Tete-a-tete | dev_stage=Full bloom | geo_loc_name=USA | organism=unclassified Narcissus | tissue=Multiple | title=Plant sample from u"
SRR27366471,PRJNA1056253,SAMN39143826,unclassified Narcissus,Plant sample from unclassified Narcissus,Multiple,Full bloom,Multiple/Pooled,declared,Developmental stage,declared,ENA,A developmental gradient reveals biosynthetic pathways to eukaryotic toxins in the Amaryllidaceae,"Multiple | Full bloom | Plant sample from unclassified Narcissus | Narcissus cultivar Tete-a-Tete | Illumina NovaSeq 6000 sequencing: RNA-seq of Narcissus cv. Tete a Tete bulb scale, mid-outer | Plant sample from unclassified Narcissus | Illumina NovaSeq 6000 sequencing: RNA-seq of Narcissus cv. Tete a Tete bulb scale, mid-outer | BioSampleModel=Plant | INSDC secondary accession=SRS20004005 | NCBI submission package=Plant.1.0 | collection_date=2021-03 | cultivar=Tete-a-tete | dev_stage=Full bloom | geo_loc_name=USA | organism=unclassified Narcissus | tissue=Multiple | title=Plant sample from u"
SRR27586333,PRJNA1065507,SAMN39463009,Lycoris aurea,Plant sample from Lycoris aurea,one-year-old seedlings,,Whole plant/Seedling,declared,Control,sample text,ENA,Lycoris aurea Raw sequence reads,one-year-old seedlings | Plant sample from Lycoris aurea | Sample_ck_24_a | Illumina NovaSeq 6000 sequencing: RNAseq of Lycoris aurea | Plant sample from Lycoris aurea | Illumina NovaSeq 6000 sequencing: RNAseq of Lycoris aurea | 24h untreated sample 1 | BioSampleModel=Plant | INSDC secondary accession=SRS20157378 | NCBI submission package=Plant.1.0 | age=1 | collection_date=2019-02-01 | geo_loc_name=China:NanJing | isolate=24h untreated sample 1 | organism=Lycoris aurea | tissue=one-year-old seedlings | title=Plant sample from Lycoris aurea
SRR27586334,PRJNA1065507,SAMN39463008,Lycoris aurea,Plant sample from Lycoris aurea,one-year-old seedlings,,Whole plant/Seedling,declared,Control,sample text,ENA,Lycoris aurea Raw sequence reads,one-year-old seedlings | Plant sample from Lycoris aurea | Sample_ck_12_c | Illumina NovaSeq 6000 sequencing: RNAseq of Lycoris aurea | Plant sample from Lycoris aurea | Illumina NovaSeq 6000 sequencing: RNAseq of Lycoris aurea | 12h untreated sample 3 | BioSampleModel=Plant | INSDC secondary accession=SRS20157377 | NCBI submission package=Plant.1.0 | age=1 | collection_date=2019-02-01 | geo_loc_name=China:NanJing | isolate=12h untreated sample 3 | organism=Lycoris aurea | tissue=one-year-old seedlings | title=Plant sample from Lycoris aurea
SRR27586335,PRJNA1065507,SAMN39463007,Lycoris aurea,Plant sample from Lycoris aurea,one-year-old seedlings,,Whole plant/Seedling,declared,Control,sample text,ENA,Lycoris aurea Raw sequence reads,one-year-old seedlings | Plant sample from Lycoris aurea | Sample_ck_12_b | Illumina NovaSeq 6000 sequencing: RNAseq of Lycoris aurea | Plant sample from Lycoris aurea | Illumina NovaSeq 6000 sequencing: RNAseq of Lycoris aurea | 12h untreated sample 2 | BioSampleModel=Plant | INSDC secondary accession=SRS20157375 | NCBI submission package=Plant.1.0 | age=1 | collection_date=2019-02-01 | geo_loc_name=China:NanJing | isolate=12h untreated sample 2 | organism=Lycoris aurea | tissue=one-year-old seedlings | title=Plant sample from Lycoris aurea
SRR27586336,PRJNA1065507,SAMN39463006,Lycoris aurea,Plant sample from Lycoris aurea,one-year-old seedlings,,Whole plant/Seedling,declared,Control,sample text,ENA,Lycoris aurea Raw sequence reads,one-year-old seedlings | Plant sample from Lycoris aurea | Sample_ck_12_a | Illumina NovaSeq 6000 sequencing: RNAseq of Lycoris aurea | Plant sample from Lycoris aurea | Illumina NovaSeq 6000 sequencing: RNAseq of Lycoris aurea | 12h untreated sample 1 | BioSampleModel=Plant | INSDC secondary accession=SRS20157374 | NCBI submission package=Plant.1.0 | age=1 | collection_date=2019-02-01 | geo_loc_name=China:NanJing | isolate=12h untreated sample 1 | organism=Lycoris aurea | tissue=one-year-old seedlings | title=Plant sample from Lycoris aurea
SRR27586337,PRJNA1065507,SAMN39463005,Lycoris aurea,Plant sample from Lycoris aurea,one-year-old seedlings,,Whole plant/Seedling,declared,Control,sample text,ENA,Lycoris aurea Raw sequence reads,one-year-old seedlings | Plant sample from Lycoris aurea | Sample_ck_6_c | Illumina NovaSeq 6000 sequencing: RNAseq of Lycoris aurea | Plant sample from Lycoris aurea | Illumina NovaSeq 6000 sequencing: RNAseq of Lycoris aurea | 6h untreated sample 3 | BioSampleModel=Plant | INSDC secondary accession=SRS20157376 | NCBI submission package=Plant.1.0 | age=1 | collection_date=2019-02-01 | geo_loc_name=China:NanJing | isolate=6h untreated sample 3 | organism=Lycoris aurea | tissue=one-year-old seedlings | title=Plant sample from Lycoris aurea
SRR27586338,PRJNA1065507,SAMN39463004,Lycoris aurea,Plant sample from Lycoris aurea,one-year-old seedlings,,Whole plant/Seedling,declared,Control,sample text,ENA,Lycoris aurea Raw sequence reads,one-year-old seedlings | Plant sample from Lycoris aurea | Sample_ck_6_b | Illumina NovaSeq 6000 sequencing: RNAseq of Lycoris aurea | Plant sample from Lycoris aurea | Illumina NovaSeq 6000 sequencing: RNAseq of Lycoris aurea | 6h untreated sample 2 | BioSampleModel=Plant | INSDC secondary accession=SRS20157370 | NCBI submission package=Plant.1.0 | age=1 | collection_date=2019-02-01 | geo_loc_name=China:NanJing | isolate=6h untreated sample 2 | organism=Lycoris aurea | tissue=one-year-old seedlings | title=Plant sample from Lycoris aurea
SRR27586339,PRJNA1065507,SAMN39463003,Lycoris aurea,Plant sample from Lycoris aurea,one-year-old seedlings,,Whole plant/Seedling,declared,Control,sample text,ENA,Lycoris aurea Raw sequence reads,one-year-old seedlings | Plant sample from Lycoris aurea | Sample_ck_6_a | Illumina NovaSeq 6000 sequencing: RNAseq of Lycoris aurea | Plant sample from Lycoris aurea | Illumina NovaSeq 6000 sequencing: RNAseq of Lycoris aurea | 6h untreated sample 1 | BioSampleModel=Plant | INSDC secondary accession=SRS20157373 | NCBI submission package=Plant.1.0 | age=1 | collection_date=2019-02-01 | geo_loc_name=China:NanJing | isolate=6h untreated sample 1 | organism=Lycoris aurea | tissue=one-year-old seedlings | title=Plant sample from Lycoris aurea
SRR27586340,PRJNA1065507,SAMN39463026,Lycoris aurea,Plant sample from Lycoris aurea,one-year-old seedlings,,Whole plant/Seedling,declared,Hormone/Elicitor,sample text,ENA,Lycoris aurea Raw sequence reads,one-year-old seedlings | Plant sample from Lycoris aurea | Sample_mj_36_c | Illumina NovaSeq 6000 sequencing: RNAseq of Lycoris aurea | Plant sample from Lycoris aurea | Illumina NovaSeq 6000 sequencing: RNAseq of Lycoris aurea | 36h MeJA treatment sample 3 | BioSampleModel=Plant | INSDC secondary accession=SRS20157371 | NCBI submission package=Plant.1.0 | age=1 | collection_date=2019-02-01 | geo_loc_name=China:NanJing | isolate=36h MeJA treatment sample 3 | organism=Lycoris aurea | tissue=one-year-old seedlings | title=Plant sample from Lycoris aurea
SRR27586341,PRJNA1065507,SAMN39463025,Lycoris aurea,Plant sample from Lycoris aurea,one-year-old seedlings,,Whole plant/Seedling,declared,Hormone/Elicitor,sample text,ENA,Lycoris aurea Raw sequence reads,one-year-old seedlings | Plant sample from Lycoris aurea | Sample_mj_36_b | Illumina NovaSeq 6000 sequencing: RNAseq of Lycoris aurea | Plant sample from Lycoris aurea | Illumina NovaSeq 6000 sequencing: RNAseq of Lycoris aurea | 36h MeJA treatment sample 2 | BioSampleModel=Plant | INSDC secondary accession=SRS20157372 | NCBI submission package=Plant.1.0 | age=1 | collection_date=2019-02-01 | geo_loc_name=China:NanJing | isolate=36h MeJA treatment sample 2 | organism=Lycoris aurea | tissue=one-year-old seedlings | title=Plant sample from Lycoris aurea
SRR27586342,PRJNA1065507,SAMN39463024,Lycoris aurea,Plant sample from Lycoris aurea,one-year-old seedlings,,Whole plant/Seedling,declared,Hormone/Elicitor,sample text,ENA,Lycoris aurea Raw sequence reads,one-year-old seedlings | Plant sample from Lycoris aurea | Sample_mj_36_a | Illumina NovaSeq 6000 sequencing: RNAseq of Lycoris aurea | Plant sample from Lycoris aurea | Illumina NovaSeq 6000 sequencing: RNAseq of Lycoris aurea | 36h MeJA treatment sample 1 | BioSampleModel=Plant | INSDC secondary accession=SRS20157369 | NCBI submission package=Plant.1.0 | age=1 | collection_date=2019-02-01 | geo_loc_name=China:NanJing | isolate=36h MeJA treatment sample 1 | organism=Lycoris aurea | tissue=one-year-old seedlings | title=Plant sample from Lycoris aurea
SRR27586343,PRJNA1065507,SAMN39463023,Lycoris aurea,Plant sample from Lycoris aurea,one-year-old seedlings,,Whole plant/Seedling,declared,Hormone/Elicitor,sample text,ENA,Lycoris aurea Raw sequence reads,one-year-old seedlings | Plant sample from Lycoris aurea | Sample_mj_24_c | Illumina NovaSeq 6000 sequencing: RNAseq of Lycoris aurea | Plant sample from Lycoris aurea | Illumina NovaSeq 6000 sequencing: RNAseq of Lycoris aurea | 24h MeJA treatment sample 3 | BioSampleModel=Plant | INSDC secondary accession=SRS20157367 | NCBI submission package=Plant.1.0 | age=1 | collection_date=2019-02-01 | geo_loc_name=China:NanJing | isolate=24h MeJA treatment sample 3 | organism=Lycoris aurea | tissue=one-year-old seedlings | title=Plant sample from Lycoris aurea
SRR27586344,PRJNA1065507,SAMN39463022,Lycoris aurea,Plant sample from Lycoris aurea,one-year-old seedlings,,Whole plant/Seedling,declared,Hormone/Elicitor,sample text,ENA,Lycoris aurea Raw sequence reads,one-year-old seedlings | Plant sample from Lycoris aurea | Sample_mj_24_b | Illumina NovaSeq 6000 sequencing: RNAseq of Lycoris aurea | Plant sample from Lycoris aurea | Illumina NovaSeq 6000 sequencing: RNAseq of Lycoris aurea | 24h MeJA treatment sample 2 | BioSampleModel=Plant | INSDC secondary accession=SRS20157368 | NCBI submission package=Plant.1.0 | age=1 | collection_date=2019-02-01 | geo_loc_name=China:NanJing | isolate=24h MeJA treatment sample 2 | organism=Lycoris aurea | tissue=one-year-old seedlings | title=Plant sample from Lycoris aurea
SRR27586345,PRJNA1065507,SAMN39463021,Lycoris aurea,Plant sample from Lycoris aurea,one-year-old seedlings,,Whole plant/Seedling,declared,Hormone/Elicitor,sample text,ENA,Lycoris aurea Raw sequence reads,one-year-old seedlings | Plant sample from Lycoris aurea | Sample_mj_24_a | Illumina NovaSeq 6000 sequencing: RNAseq of Lycoris aurea | Plant sample from Lycoris aurea | Illumina NovaSeq 6000 sequencing: RNAseq of Lycoris aurea | 24h MeJA treatment sample 1 | BioSampleModel=Plant | INSDC secondary accession=SRS20157366 | NCBI submission package=Plant.1.0 | age=1 | collection_date=2019-02-01 | geo_loc_name=China:NanJing | isolate=24h MeJA treatment sample 1 | organism=Lycoris aurea | tissue=one-year-old seedlings | title=Plant sample from Lycoris aurea
SRR27586346,PRJNA1065507,SAMN39463020,Lycoris aurea,Plant sample from Lycoris aurea,one-year-old seedlings,,Whole plant/Seedling,declared,Hormone/Elicitor,sample text,ENA,Lycoris aurea Raw sequence reads,one-year-old seedlings | Plant sample from Lycoris aurea | Sample_mj_12_c | Illumina NovaSeq 6000 sequencing: RNAseq of Lycoris aurea | Plant sample from Lycoris aurea | Illumina NovaSeq 6000 sequencing: RNAseq of Lycoris aurea | 12h MeJA treatment sample 3 | BioSampleModel=Plant | INSDC secondary accession=SRS20157364 | NCBI submission package=Plant.1.0 | age=1 | collection_date=2019-02-01 | geo_loc_name=China:NanJing | isolate=12h MeJA treatment sample 3 | organism=Lycoris aurea | tissue=one-year-old seedlings | title=Plant sample from Lycoris aurea
SRR27586347,PRJNA1065507,SAMN39463002,Lycoris aurea,Plant sample from Lycoris aurea,one-year-old seedlings,,Whole plant/Seedling,declared,Control,sample text,ENA,Lycoris aurea Raw sequence reads,one-year-old seedlings | Plant sample from Lycoris aurea | Sample_ck_0_c | Illumina NovaSeq 6000 sequencing: RNAseq of Lycoris aurea | Plant sample from Lycoris aurea | Illumina NovaSeq 6000 sequencing: RNAseq of Lycoris aurea | 0h untreated sample 3 | BioSampleModel=Plant | INSDC secondary accession=SRS20157365 | NCBI submission package=Plant.1.0 | age=1 | collection_date=2019-02-01 | geo_loc_name=China:NanJing | isolate=0h untreated sample 3 | organism=Lycoris aurea | tissue=one-year-old seedlings | title=Plant sample from Lycoris aurea
SRR27586348,PRJNA1065507,SAMN39463019,Lycoris aurea,Plant sample from Lycoris aurea,one-year-old seedlings,,Whole plant/Seedling,declared,Hormone/Elicitor,sample text,ENA,Lycoris aurea Raw sequence reads,one-year-old seedlings | Plant sample from Lycoris aurea | Sample_mj_12_b | Illumina NovaSeq 6000 sequencing: RNAseq of Lycoris aurea | Plant sample from Lycoris aurea | Illumina NovaSeq 6000 sequencing: RNAseq of Lycoris aurea | 12h MeJA treatment sample 2 | BioSampleModel=Plant | INSDC secondary accession=SRS20157361 | NCBI submission package=Plant.1.0 | age=1 | collection_date=2019-02-01 | geo_loc_name=China:NanJing | isolate=12h MeJA treatment sample 2 | organism=Lycoris aurea | tissue=one-year-old seedlings | title=Plant sample from Lycoris aurea
SRR27586349,PRJNA1065507,SAMN39463018,Lycoris aurea,Plant sample from Lycoris aurea,one-year-old seedlings,,Whole plant/Seedling,declared,Hormone/Elicitor,sample text,ENA,Lycoris aurea Raw sequence reads,one-year-old seedlings | Plant sample from Lycoris aurea | Sample_mj_12_a | Illumina NovaSeq 6000 sequencing: RNAseq of Lycoris aurea | Plant sample from Lycoris aurea | Illumina NovaSeq 6000 sequencing: RNAseq of Lycoris aurea | 12h MeJA treatment sample 1 | BioSampleModel=Plant | INSDC secondary accession=SRS20157355 | NCBI submission package=Plant.1.0 | age=1 | collection_date=2019-02-01 | geo_loc_name=China:NanJing | isolate=12h MeJA treatment sample 1 | organism=Lycoris aurea | tissue=one-year-old seedlings | title=Plant sample from Lycoris aurea
SRR27586350,PRJNA1065507,SAMN39463017,Lycoris aurea,Plant sample from Lycoris aurea,one-year-old seedlings,,Whole plant/Seedling,declared,Hormone/Elicitor,sample text,ENA,Lycoris aurea Raw sequence reads,one-year-old seedlings | Plant sample from Lycoris aurea | Sample_mj_6_c | Illumina NovaSeq 6000 sequencing: RNAseq of Lycoris aurea | Plant sample from Lycoris aurea | Illumina NovaSeq 6000 sequencing: RNAseq of Lycoris aurea | 6h MeJA treatment sample 3 | BioSampleModel=Plant | INSDC secondary accession=SRS20157362 | NCBI submission package=Plant.1.0 | age=1 | collection_date=2019-02-01 | geo_loc_name=China:NanJing | isolate=6h MeJA treatment sample 3 | organism=Lycoris aurea | tissue=one-year-old seedlings | title=Plant sample from Lycoris aurea
SRR27586351,PRJNA1065507,SAMN39463016,Lycoris aurea,Plant sample from Lycoris aurea,one-year-old seedlings,,Whole plant/Seedling,declared,Hormone/Elicitor,sample text,ENA,Lycoris aurea Raw sequence reads,one-year-old seedlings | Plant sample from Lycoris aurea | Sample_mj_6_b | Illumina NovaSeq 6000 sequencing: RNAseq of Lycoris aurea | Plant sample from Lycoris aurea | Illumina NovaSeq 6000 sequencing: RNAseq of Lycoris aurea | 6h MeJA treatment sample 2 | BioSampleModel=Plant | INSDC secondary accession=SRS20157359 | NCBI submission package=Plant.1.0 | age=1 | collection_date=2019-02-01 | geo_loc_name=China:NanJing | isolate=6h MeJA treatment sample 2 | organism=Lycoris aurea | tissue=one-year-old seedlings | title=Plant sample from Lycoris aurea
SRR27586352,PRJNA1065507,SAMN39463015,Lycoris aurea,Plant sample from Lycoris aurea,one-year-old seedlings,,Whole plant/Seedling,declared,Hormone/Elicitor,sample text,ENA,Lycoris aurea Raw sequence reads,one-year-old seedlings | Plant sample from Lycoris aurea | Sample_mj_6_a | Illumina NovaSeq 6000 sequencing: RNAseq of Lycoris aurea | Plant sample from Lycoris aurea | Illumina NovaSeq 6000 sequencing: RNAseq of Lycoris aurea | 6h MeJA treatment sample 1 | BioSampleModel=Plant | INSDC secondary accession=SRS20157358 | NCBI submission package=Plant.1.0 | age=1 | collection_date=2019-02-01 | geo_loc_name=China:NanJing | isolate=6h MeJA treatment sample 1 | organism=Lycoris aurea | tissue=one-year-old seedlings | title=Plant sample from Lycoris aurea
SRR27586353,PRJNA1065507,SAMN39463014,Lycoris aurea,Plant sample from Lycoris aurea,one-year-old seedlings,,Whole plant/Seedling,declared,Control,sample text,ENA,Lycoris aurea Raw sequence reads,one-year-old seedlings | Plant sample from Lycoris aurea | Sample_ck_36_c | Illumina NovaSeq 6000 sequencing: RNAseq of Lycoris aurea | Plant sample from Lycoris aurea | Illumina NovaSeq 6000 sequencing: RNAseq of Lycoris aurea | 36h untreated sample 3 | BioSampleModel=Plant | INSDC secondary accession=SRS20157363 | NCBI submission package=Plant.1.0 | age=1 | collection_date=2019-02-01 | geo_loc_name=China:NanJing | isolate=36h untreated sample 3 | organism=Lycoris aurea | tissue=one-year-old seedlings | title=Plant sample from Lycoris aurea
SRR27586354,PRJNA1065507,SAMN39463013,Lycoris aurea,Plant sample from Lycoris aurea,one-year-old seedlings,,Whole plant/Seedling,declared,Control,sample text,ENA,Lycoris aurea Raw sequence reads,one-year-old seedlings | Plant sample from Lycoris aurea | Sample_ck_36_b | Illumina NovaSeq 6000 sequencing: RNAseq of Lycoris aurea | Plant sample from Lycoris aurea | Illumina NovaSeq 6000 sequencing: RNAseq of Lycoris aurea | 36h untreated sample 2 | BioSampleModel=Plant | INSDC secondary accession=SRS20157352 | NCBI submission package=Plant.1.0 | age=1 | collection_date=2019-02-01 | geo_loc_name=China:NanJing | isolate=36h untreated sample 2 | organism=Lycoris aurea | tissue=one-year-old seedlings | title=Plant sample from Lycoris aurea
SRR27586355,PRJNA1065507,SAMN39463012,Lycoris aurea,Plant sample from Lycoris aurea,one-year-old seedlings,,Whole plant/Seedling,declared,Control,sample text,ENA,Lycoris aurea Raw sequence reads,one-year-old seedlings | Plant sample from Lycoris aurea | Sample_ck_36_a | Illumina NovaSeq 6000 sequencing: RNAseq of Lycoris aurea | Plant sample from Lycoris aurea | Illumina NovaSeq 6000 sequencing: RNAseq of Lycoris aurea | 36h untreated sample 1 | BioSampleModel=Plant | INSDC secondary accession=SRS20157357 | NCBI submission package=Plant.1.0 | age=1 | collection_date=2019-02-01 | geo_loc_name=China:NanJing | isolate=36h untreated sample 1 | organism=Lycoris aurea | tissue=one-year-old seedlings | title=Plant sample from Lycoris aurea
SRR27586356,PRJNA1065507,SAMN39463011,Lycoris aurea,Plant sample from Lycoris aurea,one-year-old seedlings,,Whole plant/Seedling,declared,Control,sample text,ENA,Lycoris aurea Raw sequence reads,one-year-old seedlings | Plant sample from Lycoris aurea | Sample_ck_24_c | Illumina NovaSeq 6000 sequencing: RNAseq of Lycoris aurea | Plant sample from Lycoris aurea | Illumina NovaSeq 6000 sequencing: RNAseq of Lycoris aurea | 24h untreated sample 3 | BioSampleModel=Plant | INSDC secondary accession=SRS20157354 | NCBI submission package=Plant.1.0 | age=1 | collection_date=2019-02-01 | geo_loc_name=China:NanJing | isolate=24h untreated sample 3 | organism=Lycoris aurea | tissue=one-year-old seedlings | title=Plant sample from Lycoris aurea
SRR27586357,PRJNA1065507,SAMN39463010,Lycoris aurea,Plant sample from Lycoris aurea,one-year-old seedlings,,Whole plant/Seedling,declared,Control,sample text,ENA,Lycoris aurea Raw sequence reads,one-year-old seedlings | Plant sample from Lycoris aurea | Sample_ck_24_b | Illumina NovaSeq 6000 sequencing: RNAseq of Lycoris aurea | Plant sample from Lycoris aurea | Illumina NovaSeq 6000 sequencing: RNAseq of Lycoris aurea | 24h untreated sample 2 | BioSampleModel=Plant | INSDC secondary accession=SRS20157353 | NCBI submission package=Plant.1.0 | age=1 | collection_date=2019-02-01 | geo_loc_name=China:NanJing | isolate=24h untreated sample 2 | organism=Lycoris aurea | tissue=one-year-old seedlings | title=Plant sample from Lycoris aurea
SRR27586358,PRJNA1065507,SAMN39463001,Lycoris aurea,Plant sample from Lycoris aurea,one-year-old seedlings,,Whole plant/Seedling,declared,Control,sample text,ENA,Lycoris aurea Raw sequence reads,one-year-old seedlings | Plant sample from Lycoris aurea | Sample_ck_0_b | Illumina NovaSeq 6000 sequencing: RNAseq of Lycoris aurea | Plant sample from Lycoris aurea | Illumina NovaSeq 6000 sequencing: RNAseq of Lycoris aurea | 0h untreated sample 2 | BioSampleModel=Plant | INSDC secondary accession=SRS20157360 | NCBI submission package=Plant.1.0 | age=1 | collection_date=2019-02-01 | geo_loc_name=China:NanJing | isolate=0h untreated sample 2 | organism=Lycoris aurea | tissue=one-year-old seedlings | title=Plant sample from Lycoris aurea
SRR27586359,PRJNA1065507,SAMN39463000,Lycoris aurea,Plant sample from Lycoris aurea,one-year-old seedlings,,Whole plant/Seedling,declared,Control,sample text,ENA,Lycoris aurea Raw sequence reads,one-year-old seedlings | Plant sample from Lycoris aurea | Sample_ck_0_a | Illumina NovaSeq 6000 sequencing: RNAseq of Lycoris aurea | Plant sample from Lycoris aurea | Illumina NovaSeq 6000 sequencing: RNAseq of Lycoris aurea | 0h untreated sample 1 | BioSampleModel=Plant | INSDC secondary accession=SRS20157356 | NCBI submission package=Plant.1.0 | age=1 | collection_date=2019-02-01 | geo_loc_name=China:NanJing | isolate=0h untreated sample 1 | organism=Lycoris aurea | tissue=one-year-old seedlings | title=Plant sample from Lycoris aurea
SRR28703219,PRJNA1100760,SAMN40979593,,,,,Unspecified,,Unspecified,,ENA,Transcriptome analysis of plants with different alkaloid contents in Lycoris aurea,Illumina NovaSeq 6000 sequencing: C3_mRNA | Illumina NovaSeq 6000 sequencing: C3_mRNA
SRR28703220,PRJNA1100760,SAMN40979592,,,,,Unspecified,,Unspecified,,ENA,Transcriptome analysis of plants with different alkaloid contents in Lycoris aurea,Illumina NovaSeq 6000 sequencing: C2_mRNA | Illumina NovaSeq 6000 sequencing: C2_mRNA
SRR28703221,PRJNA1100760,SAMN40979591,,,,,Unspecified,,Unspecified,,ENA,Transcriptome analysis of plants with different alkaloid contents in Lycoris aurea,Illumina NovaSeq 6000 sequencing: A3_mRNA | Illumina NovaSeq 6000 sequencing: A3_mRNA
SRR28703222,PRJNA1100760,SAMN40979590,Lycoris aurea,A1_mRNA,bulb,,Bulb,declared,Unspecified,,ENA,Transcriptome analysis of plants with different alkaloid contents in Lycoris aurea,bulb | A1_mRNA | A1_mRNA | Illumina NovaSeq 6000 sequencing: A1_mRNA | A1_mRNA | Illumina NovaSeq 6000 sequencing: A1_mRNA | missing | BioSampleModel=Plant | age=missing | collection_date=2023-08-20 | common name=golden spider-lily | geo_loc_name=missing | isolate=missing | organism=Lycoris aurea | scientific_name=Lycoris aurea | tissue=bulb | title=A1_mRNA
SRR28856988,PRJNA1106235,SAMN41129303,Lycoris aurea,Plant sample from Lycoris aurea,petal,,Tepal/Petal,declared,Unspecified,,ENA,Lycoris aurea Raw sequence reads,petal | Plant sample from Lycoris aurea | R70803-07 | Illumina NovaSeq 6000 sequencing: RNAseq of Lycoris aurea | Plant sample from Lycoris aurea | Illumina NovaSeq 6000 sequencing: RNAseq of Lycoris aurea | pe1 | BioSampleModel=Plant | INSDC secondary accession=SRS21172636 | NCBI submission package=Plant.1.0 | age=3 | collection_date=2017-11-15 | geo_loc_name=China:NanJing | isolate=pe1 | organism=Lycoris aurea | tissue=petal | title=Plant sample from Lycoris aurea
SRR28856989,PRJNA1106235,SAMN41129302,Lycoris aurea,Plant sample from Lycoris aurea,flower stalk,,Scape/Stem,declared,Unspecified,,ENA,Lycoris aurea Raw sequence reads,flower stalk | Plant sample from Lycoris aurea | R70803-06 | Illumina NovaSeq 6000 sequencing: RNAseq of Lycoris aurea | Plant sample from Lycoris aurea | Illumina NovaSeq 6000 sequencing: RNAseq of Lycoris aurea | stk1 | BioSampleModel=Plant | INSDC secondary accession=SRS21172635 | NCBI submission package=Plant.1.0 | age=3 | collection_date=2017-11-15 | geo_loc_name=China:NanJing | isolate=stk1 | organism=Lycoris aurea | tissue=flower stalk | title=Plant sample from Lycoris aurea
SRR28856990,PRJNA1106235,SAMN41129301,Lycoris aurea,Plant sample from Lycoris aurea,pistil,,Ovary/Pistil,declared,Unspecified,,ENA,Lycoris aurea Raw sequence reads,pistil | Plant sample from Lycoris aurea | R70803-05 | Illumina NovaSeq 6000 sequencing: RNAseq of Lycoris aurea | Plant sample from Lycoris aurea | Illumina NovaSeq 6000 sequencing: RNAseq of Lycoris aurea | pi1 | BioSampleModel=Plant | INSDC secondary accession=SRS21172634 | NCBI submission package=Plant.1.0 | age=3 | collection_date=2017-11-15 | geo_loc_name=China:NanJing | isolate=pi1 | organism=Lycoris aurea | tissue=pistil | title=Plant sample from Lycoris aurea
SRR28856991,PRJNA1106235,SAMN41129300,Lycoris aurea,Plant sample from Lycoris aurea,stamen,,Anther/Pollen,declared,Unspecified,,ENA,Lycoris aurea Raw sequence reads,stamen | Plant sample from Lycoris aurea | R70803-04 | Illumina NovaSeq 6000 sequencing: RNAseq of Lycoris aurea | Plant sample from Lycoris aurea | Illumina NovaSeq 6000 sequencing: RNAseq of Lycoris aurea | stn1 | BioSampleModel=Plant | INSDC secondary accession=SRS21172633 | NCBI submission package=Plant.1.0 | age=3 | collection_date=2017-11-15 | geo_loc_name=China:NanJing | isolate=stn1 | organism=Lycoris aurea | tissue=stamen | title=Plant sample from Lycoris aurea
SRR28856992,PRJNA1106235,SAMN41129299,Lycoris aurea,Plant sample from Lycoris aurea,flower scape,,Scape/Stem,declared,Unspecified,,ENA,Lycoris aurea Raw sequence reads,flower scape | Plant sample from Lycoris aurea | R70803-03 | Illumina NovaSeq 6000 sequencing: RNAseq of Lycoris aurea | Plant sample from Lycoris aurea | Illumina NovaSeq 6000 sequencing: RNAseq of Lycoris aurea | sc1 | BioSampleModel=Plant | INSDC secondary accession=SRS21172632 | NCBI submission package=Plant.1.0 | age=3 | collection_date=2017-11-15 | geo_loc_name=China:NanJing | isolate=sc1 | organism=Lycoris aurea | tissue=flower scape | title=Plant sample from Lycoris aurea
SRR28856993,PRJNA1106235,SAMN41129298,Lycoris aurea,Plant sample from Lycoris aurea,bulb,,Bulb,declared,Unspecified,,ENA,Lycoris aurea Raw sequence reads,bulb | Plant sample from Lycoris aurea | R70803-02 | Illumina NovaSeq 6000 sequencing: RNAseq of Lycoris aurea | Plant sample from Lycoris aurea | Illumina NovaSeq 6000 sequencing: RNAseq of Lycoris aurea | b1 | BioSampleModel=Plant | INSDC secondary accession=SRS21172631 | NCBI submission package=Plant.1.0 | age=3 | collection_date=2017-11-15 | geo_loc_name=China:NanJing | isolate=b1 | organism=Lycoris aurea | tissue=bulb | title=Plant sample from Lycoris aurea
SRR28856994,PRJNA1106235,SAMN41129297,Lycoris aurea,Plant sample from Lycoris aurea,root,,Root,declared,Unspecified,,ENA,Lycoris aurea Raw sequence reads,root | Plant sample from Lycoris aurea | R70803-01 | Illumina NovaSeq 6000 sequencing: RNAseq of Lycoris aurea | Plant sample from Lycoris aurea | Illumina NovaSeq 6000 sequencing: RNAseq of Lycoris aurea | r1 | BioSampleModel=Plant | INSDC secondary accession=SRS21172630 | NCBI submission package=Plant.1.0 | age=3 | collection_date=2017-11-15 | geo_loc_name=China:NanJing | isolate=r1 | organism=Lycoris aurea | tissue=root | title=Plant sample from Lycoris aurea
SRR28856995,PRJNA1106235,SAMN41129320,Lycoris aurea,Plant sample from Lycoris aurea,leaf,,Leaf,declared,Unspecified,,ENA,Lycoris aurea Raw sequence reads,leaf | Plant sample from Lycoris aurea | R70803-31 | Illumina NovaSeq 6000 sequencing: RNAseq of Lycoris aurea | Plant sample from Lycoris aurea | Illumina NovaSeq 6000 sequencing: RNAseq of Lycoris aurea | L3 | BioSampleModel=Plant | INSDC secondary accession=SRS21172629 | NCBI submission package=Plant.1.0 | age=3 | collection_date=2017-11-15 | geo_loc_name=China:NanJing | isolate=L3 | organism=Lycoris aurea | tissue=leaf | title=Plant sample from Lycoris aurea
SRR28856996,PRJNA1106235,SAMN41129319,Lycoris aurea,Plant sample from Lycoris aurea,leaf,,Leaf,declared,Unspecified,,ENA,Lycoris aurea Raw sequence reads,leaf | Plant sample from Lycoris aurea | R70803-30 | Illumina NovaSeq 6000 sequencing: RNAseq of Lycoris aurea | Plant sample from Lycoris aurea | Illumina NovaSeq 6000 sequencing: RNAseq of Lycoris aurea | L2 | BioSampleModel=Plant | INSDC secondary accession=SRS21172628 | NCBI submission package=Plant.1.0 | age=3 | collection_date=2017-11-15 | geo_loc_name=China:NanJing | isolate=L2 | organism=Lycoris aurea | tissue=leaf | title=Plant sample from Lycoris aurea
SRR28856997,PRJNA1106235,SAMN41129318,Lycoris aurea,Plant sample from Lycoris aurea,leaf,,Leaf,declared,Unspecified,,ENA,Lycoris aurea Raw sequence reads,leaf | Plant sample from Lycoris aurea | R70803-29 | Illumina NovaSeq 6000 sequencing: RNAseq of Lycoris aurea | Plant sample from Lycoris aurea | Illumina NovaSeq 6000 sequencing: RNAseq of Lycoris aurea | L1 | BioSampleModel=Plant | INSDC secondary accession=SRS21172627 | NCBI submission package=Plant.1.0 | age=3 | collection_date=2017-11-15 | geo_loc_name=China:NanJing | isolate=L1 | organism=Lycoris aurea | tissue=leaf | title=Plant sample from Lycoris aurea
SRR28856998,PRJNA1106235,SAMN41129317,Lycoris aurea,Plant sample from Lycoris aurea,petal,,Tepal/Petal,declared,Unspecified,,ENA,Lycoris aurea Raw sequence reads,petal | Plant sample from Lycoris aurea | R70803-28 | Illumina NovaSeq 6000 sequencing: RNAseq of Lycoris aurea | Plant sample from Lycoris aurea | Illumina NovaSeq 6000 sequencing: RNAseq of Lycoris aurea | pe4 | BioSampleModel=Plant | INSDC secondary accession=SRS21172626 | NCBI submission package=Plant.1.0 | age=3 | collection_date=2017-11-15 | geo_loc_name=China:NanJing | isolate=pe4 | organism=Lycoris aurea | tissue=petal | title=Plant sample from Lycoris aurea
SRR28856999,PRJNA1106235,SAMN41129316,Lycoris aurea,Plant sample from Lycoris aurea,stamen,,Anther/Pollen,declared,Unspecified,,ENA,Lycoris aurea Raw sequence reads,stamen | Plant sample from Lycoris aurea | R70803-26 | Illumina NovaSeq 6000 sequencing: RNAseq of Lycoris aurea | Plant sample from Lycoris aurea | Illumina NovaSeq 6000 sequencing: RNAseq of Lycoris aurea | stn4 | BioSampleModel=Plant | INSDC secondary accession=SRS21172625 | NCBI submission package=Plant.1.0 | age=3 | collection_date=2017-11-15 | geo_loc_name=China:NanJing | isolate=stn4 | organism=Lycoris aurea | tissue=stamen | title=Plant sample from Lycoris aurea
SRR28857000,PRJNA1106235,SAMN41129315,Lycoris aurea,Plant sample from Lycoris aurea,pistil,,Ovary/Pistil,declared,Unspecified,,ENA,Lycoris aurea Raw sequence reads,pistil | Plant sample from Lycoris aurea | R70803-25 | Illumina NovaSeq 6000 sequencing: RNAseq of Lycoris aurea | Plant sample from Lycoris aurea | Illumina NovaSeq 6000 sequencing: RNAseq of Lycoris aurea | pi4 | BioSampleModel=Plant | INSDC secondary accession=SRS21172624 | NCBI submission package=Plant.1.0 | age=3 | collection_date=2017-11-15 | geo_loc_name=China:NanJing | isolate=pi4 | organism=Lycoris aurea | tissue=pistil | title=Plant sample from Lycoris aurea
SRR28857001,PRJNA1106235,SAMN41129314,Lycoris aurea,Plant sample from Lycoris aurea,flower scape,,Scape/Stem,declared,Unspecified,,ENA,Lycoris aurea Raw sequence reads,flower scape | Plant sample from Lycoris aurea | R70803-24 | Illumina NovaSeq 6000 sequencing: RNAseq of Lycoris aurea | Plant sample from Lycoris aurea | Illumina NovaSeq 6000 sequencing: RNAseq of Lycoris aurea | sc4 | BioSampleModel=Plant | INSDC secondary accession=SRS21172623 | NCBI submission package=Plant.1.0 | age=3 | collection_date=2017-11-15 | geo_loc_name=China:NanJing | isolate=sc4 | organism=Lycoris aurea | tissue=flower scape | title=Plant sample from Lycoris aurea
SRR28857002,PRJNA1106235,SAMN41129296,Lycoris aurea,Plant sample from Lycoris aurea,seed,,Seed,declared,Unspecified,,ENA,Lycoris aurea Raw sequence reads,seed | Plant sample from Lycoris aurea | R70803(2)-04 | Illumina NovaSeq 6000 sequencing: RNAseq of Lycoris aurea | Plant sample from Lycoris aurea | Illumina NovaSeq 6000 sequencing: RNAseq of Lycoris aurea | seed4 | BioSampleModel=Plant | INSDC secondary accession=SRS21172622 | NCBI submission package=Plant.1.0 | age=3 | collection_date=2017-11-15 | geo_loc_name=China:NanJing | isolate=seed4 | organism=Lycoris aurea | tissue=seed | title=Plant sample from Lycoris aurea
SRR28857003,PRJNA1106235,SAMN41129313,Lycoris aurea,Plant sample from Lycoris aurea,flower stalk,,Scape/Stem,declared,Unspecified,,ENA,Lycoris aurea Raw sequence reads,flower stalk | Plant sample from Lycoris aurea | R70803-21 | Illumina NovaSeq 6000 sequencing: RNAseq of Lycoris aurea | Plant sample from Lycoris aurea | Illumina NovaSeq 6000 sequencing: RNAseq of Lycoris aurea | stk3 | BioSampleModel=Plant | INSDC secondary accession=SRS21172620 | NCBI submission package=Plant.1.0 | age=3 | collection_date=2017-11-15 | geo_loc_name=China:NanJing | isolate=stk3 | organism=Lycoris aurea | tissue=flower stalk | title=Plant sample from Lycoris aurea
SRR28857004,PRJNA1106235,SAMN41129312,Lycoris aurea,Plant sample from Lycoris aurea,petal,,Tepal/Petal,declared,Unspecified,,ENA,Lycoris aurea Raw sequence reads,petal | Plant sample from Lycoris aurea | R70803-20 | Illumina NovaSeq 6000 sequencing: RNAseq of Lycoris aurea | Plant sample from Lycoris aurea | Illumina NovaSeq 6000 sequencing: RNAseq of Lycoris aurea | pe3 | BioSampleModel=Plant | INSDC secondary accession=SRS21172621 | NCBI submission package=Plant.1.0 | age=3 | collection_date=2017-11-15 | geo_loc_name=China:NanJing | isolate=pe3 | organism=Lycoris aurea | tissue=petal | title=Plant sample from Lycoris aurea
SRR28857005,PRJNA1106235,SAMN41129311,Lycoris aurea,Plant sample from Lycoris aurea,flower scape,,Scape/Stem,declared,Unspecified,,ENA,Lycoris aurea Raw sequence reads,flower scape | Plant sample from Lycoris aurea | R70803-17 | Illumina NovaSeq 6000 sequencing: RNAseq of Lycoris aurea | Plant sample from Lycoris aurea | Illumina NovaSeq 6000 sequencing: RNAseq of Lycoris aurea | sc3 | BioSampleModel=Plant | INSDC secondary accession=SRS21172619 | NCBI submission package=Plant.1.0 | age=3 | collection_date=2017-11-15 | geo_loc_name=China:NanJing | isolate=sc3 | organism=Lycoris aurea | tissue=flower scape | title=Plant sample from Lycoris aurea
SRR28857006,PRJNA1106235,SAMN41129310,Lycoris aurea,Plant sample from Lycoris aurea,bulb,,Bulb,declared,Unspecified,,ENA,Lycoris aurea Raw sequence reads,bulb | Plant sample from Lycoris aurea | R70803-16 | Illumina NovaSeq 6000 sequencing: RNAseq of Lycoris aurea | Plant sample from Lycoris aurea | Illumina NovaSeq 6000 sequencing: RNAseq of Lycoris aurea | b3 | BioSampleModel=Plant | INSDC secondary accession=SRS21172618 | NCBI submission package=Plant.1.0 | age=3 | collection_date=2017-11-15 | geo_loc_name=China:NanJing | isolate=b3 | organism=Lycoris aurea | tissue=bulb | title=Plant sample from Lycoris aurea
SRR28857007,PRJNA1106235,SAMN41129309,Lycoris aurea,Plant sample from Lycoris aurea,root,,Root,declared,Unspecified,,ENA,Lycoris aurea Raw sequence reads,root | Plant sample from Lycoris aurea | R70803-15 | Illumina NovaSeq 6000 sequencing: RNAseq of Lycoris aurea | Plant sample from Lycoris aurea | Illumina NovaSeq 6000 sequencing: RNAseq of Lycoris aurea | r3 | BioSampleModel=Plant | INSDC secondary accession=SRS21172617 | NCBI submission package=Plant.1.0 | age=3 | collection_date=2017-11-15 | geo_loc_name=China:NanJing | isolate=r3 | organism=Lycoris aurea | tissue=root | title=Plant sample from Lycoris aurea
SRR28857008,PRJNA1106235,SAMN41129308,Lycoris aurea,Plant sample from Lycoris aurea,stamen,,Anther/Pollen,declared,Unspecified,,ENA,Lycoris aurea Raw sequence reads,stamen | Plant sample from Lycoris aurea | R70803-14 | Illumina NovaSeq 6000 sequencing: RNAseq of Lycoris aurea | Plant sample from Lycoris aurea | Illumina NovaSeq 6000 sequencing: RNAseq of Lycoris aurea | stn2 | BioSampleModel=Plant | INSDC secondary accession=SRS21172616 | NCBI submission package=Plant.1.0 | age=3 | collection_date=2017-11-15 | geo_loc_name=China:NanJing | isolate=stn2 | organism=Lycoris aurea | tissue=stamen | title=Plant sample from Lycoris aurea
SRR28857009,PRJNA1106235,SAMN41129307,Lycoris aurea,Plant sample from Lycoris aurea,flower stalk,,Scape/Stem,declared,Unspecified,,ENA,Lycoris aurea Raw sequence reads,flower stalk | Plant sample from Lycoris aurea | R70803-13 | Illumina NovaSeq 6000 sequencing: RNAseq of Lycoris aurea | Plant sample from Lycoris aurea | Illumina NovaSeq 6000 sequencing: RNAseq of Lycoris aurea | stk2 | BioSampleModel=Plant | INSDC secondary accession=SRS21172615 | NCBI submission package=Plant.1.0 | age=3 | collection_date=2017-11-15 | geo_loc_name=China:NanJing | isolate=stk2 | organism=Lycoris aurea | tissue=flower stalk | title=Plant sample from Lycoris aurea
SRR28857010,PRJNA1106235,SAMN41129306,Lycoris aurea,Plant sample from Lycoris aurea,pistil,,Ovary/Pistil,declared,Unspecified,,ENA,Lycoris aurea Raw sequence reads,pistil | Plant sample from Lycoris aurea | R70803-11 | Illumina NovaSeq 6000 sequencing: RNAseq of Lycoris aurea | Plant sample from Lycoris aurea | Illumina NovaSeq 6000 sequencing: RNAseq of Lycoris aurea | pi2 | BioSampleModel=Plant | INSDC secondary accession=SRS21172614 | NCBI submission package=Plant.1.0 | age=3 | collection_date=2017-11-15 | geo_loc_name=China:NanJing | isolate=pi2 | organism=Lycoris aurea | tissue=pistil | title=Plant sample from Lycoris aurea
SRR28857011,PRJNA1106235,SAMN41129305,Lycoris aurea,Plant sample from Lycoris aurea,bulb,,Bulb,declared,Unspecified,,ENA,Lycoris aurea Raw sequence reads,bulb | Plant sample from Lycoris aurea | R70803-09 | Illumina NovaSeq 6000 sequencing: RNAseq of Lycoris aurea | Plant sample from Lycoris aurea | Illumina NovaSeq 6000 sequencing: RNAseq of Lycoris aurea | b2 | BioSampleModel=Plant | INSDC secondary accession=SRS21172613 | NCBI submission package=Plant.1.0 | age=3 | collection_date=2017-11-15 | geo_loc_name=China:NanJing | isolate=b2 | organism=Lycoris aurea | tissue=bulb | title=Plant sample from Lycoris aurea
SRR28857012,PRJNA1106235,SAMN41129304,Lycoris aurea,Plant sample from Lycoris aurea,root,,Root,declared,Unspecified,,ENA,Lycoris aurea Raw sequence reads,root | Plant sample from Lycoris aurea | R70803-08 | Illumina NovaSeq 6000 sequencing: RNAseq of Lycoris aurea | Plant sample from Lycoris aurea | Illumina NovaSeq 6000 sequencing: RNAseq of Lycoris aurea | r2 | BioSampleModel=Plant | INSDC secondary accession=SRS21172612 | NCBI submission package=Plant.1.0 | age=3 | collection_date=2017-11-15 | geo_loc_name=China:NanJing | isolate=r2 | organism=Lycoris aurea | tissue=root | title=Plant sample from Lycoris aurea
SRR28857013,PRJNA1106235,SAMN41129295,Lycoris aurea,Plant sample from Lycoris aurea,seed,,Seed,declared,Unspecified,,ENA,Lycoris aurea Raw sequence reads,seed | Plant sample from Lycoris aurea | R70803(2)-02 | Illumina NovaSeq 6000 sequencing: RNAseq of Lycoris aurea | Plant sample from Lycoris aurea | Illumina NovaSeq 6000 sequencing: RNAseq of Lycoris aurea | seed2 | BioSampleModel=Plant | INSDC secondary accession=SRS21172611 | NCBI submission package=Plant.1.0 | age=3 | collection_date=2017-11-15 | geo_loc_name=China:NanJing | isolate=seed2 | organism=Lycoris aurea | tissue=seed | title=Plant sample from Lycoris aurea
SRR28857014,PRJNA1106235,SAMN41129294,Lycoris aurea,Plant sample from Lycoris aurea,seed,,Seed,declared,Unspecified,,ENA,Lycoris aurea Raw sequence reads,seed | Plant sample from Lycoris aurea | R70803(2)-01 | Illumina NovaSeq 6000 sequencing: RNAseq of Lycoris aurea | Plant sample from Lycoris aurea | Illumina NovaSeq 6000 sequencing: RNAseq of Lycoris aurea | seed1 | BioSampleModel=Plant | INSDC secondary accession=SRS21172610 | NCBI submission package=Plant.1.0 | age=3 | collection_date=2017-11-15 | geo_loc_name=China:NanJing | isolate=seed1 | organism=Lycoris aurea | tissue=seed | title=Plant sample from Lycoris aurea
SRR28956809,PRJNA1107706,SAMN41230957,Zephyranthes candida,Plant sample from Zephyranthes candida,Bulbs,,Bulb,declared,Unspecified,,ENA,Transcriptome sequencing for invesitigating the express level of genes involved in Allium flavor formation,"Bulbs | Plant sample from Zephyranthes candida | cl3 | DNBSEQ-T7 sequencing: Transcriptome sequencing for Zephyranthes candida | Plant sample from Zephyranthes candida | DNBSEQ-T7 sequencing: Transcriptome sequencing for Zephyranthes candida | BioSampleModel=Plant | INSDC secondary accession=SRS21236004 | NCBI submission package=Plant.1.0 | age=not collected | collected_by=Xiaoxiao Wang, Lingyun Chen | collection_date=2023-08 | cultivar=not collected | dev_stage=not collected | ecotype=not collected | geo_loc_name=China: Jiangsu, China Pharmaceutical University, Cultivated in Medicinal Botanic"
SRR28956810,PRJNA1107706,SAMN41230956,Zephyranthes candida,Plant sample from Zephyranthes candida,Bulbs,,Bulb,declared,Unspecified,,ENA,Transcriptome sequencing for invesitigating the express level of genes involved in Allium flavor formation,"Bulbs | Plant sample from Zephyranthes candida | cl2 | DNBSEQ-T7 sequencing: Transcriptome sequencing for Zephyranthes candida | Plant sample from Zephyranthes candida | DNBSEQ-T7 sequencing: Transcriptome sequencing for Zephyranthes candida | BioSampleModel=Plant | INSDC secondary accession=SRS21236006 | NCBI submission package=Plant.1.0 | age=not collected | collected_by=Xiaoxiao Wang, Lingyun Chen | collection_date=2023-08 | cultivar=not collected | dev_stage=not collected | ecotype=not collected | geo_loc_name=China: Jiangsu, China Pharmaceutical University, Cultivated in Medicinal Botanic"
SRR28956811,PRJNA1107706,SAMN41230955,Zephyranthes candida,Plant sample from Zephyranthes candida,Bulbs,,Bulb,declared,Unspecified,,ENA,Transcriptome sequencing for invesitigating the express level of genes involved in Allium flavor formation,"Bulbs | Plant sample from Zephyranthes candida | cl1 | DNBSEQ-T7 sequencing: Transcriptome sequencing for Zephyranthes candida | Plant sample from Zephyranthes candida | DNBSEQ-T7 sequencing: Transcriptome sequencing for Zephyranthes candida | BioSampleModel=Plant | INSDC secondary accession=SRS21236005 | NCBI submission package=Plant.1.0 | age=not collected | collected_by=Xiaoxiao Wang, Lingyun Chen | collection_date=2023-08 | cultivar=not collected | dev_stage=not collected | ecotype=not collected | geo_loc_name=China: Jiangsu, China Pharmaceutical University, Cultivated in Medicinal Botanic"
SRR29002415,PRJNA1107703,SAMN41206052,Zephyranthes candida,Plant sample from Zephyranthes candida,leaves,,Leaf,declared,Unspecified,,ENA,Phylotranscriptomics reveals the phylogeny of Asparagales,"leaves | Plant sample from Zephyranthes candida | CQ00834 | DNBSEQ-T7 sequencing: Transcriptome sequencing for Zephyranthes carinata | Plant sample from Zephyranthes candida | DNBSEQ-T7 sequencing: Transcriptome sequencing for Zephyranthes carinata | BioSampleModel=Plant | INSDC secondary accession=SRS21275876 | NCBI submission package=Plant.1.0 | age=not collected | collected_by=Ying Hu, Xiaomei Wei, Xiongbiao Xu, Renjun Mao, Zhiyuan Wei | collection_date=2018-11-03 | cultivar=not collected | dev_stage=not collected | ecotype=not collected | geo_loc_name=China: Chongqing, Nanchuan, Sanquan, C"
SRR29002416,PRJNA1107703,SAMN41206051,Zephyranthes candida,Plant sample from Zephyranthes candida,leaves,,Leaf,declared,Unspecified,,ENA,Phylotranscriptomics reveals the phylogeny of Asparagales,"leaves | Plant sample from Zephyranthes candida | CQ00669 | DNBSEQ-T7 sequencing: Transcriptome sequencing for Zephyranthes candida | Plant sample from Zephyranthes candida | DNBSEQ-T7 sequencing: Transcriptome sequencing for Zephyranthes candida | BioSampleModel=Plant | INSDC secondary accession=SRS21275877 | NCBI submission package=Plant.1.0 | age=not collected | collected_by=Ying Hu, Xiaomei Wei, Xiongbiao Xu, Renjun Mao, Zhiyuan Wei | collection_date=2018-11-02 | cultivar=not collected | dev_stage=not collected | ecotype=not collected | geo_loc_name=China: Chongqing, Nanchuan, Sanquan, Cho"
SRR29002417,PRJNA1107703,SAMN41206050,Lycoris radiata,Plant sample from Lycoris radiata,leaves,,Leaf,declared,Unspecified,,ENA,Phylotranscriptomics reveals the phylogeny of Asparagales,"leaves | Plant sample from Lycoris radiata | CQ00935 | DNBSEQ-T7 sequencing: Transcriptome sequencing for Lycoris radiata | Plant sample from Lycoris radiata | DNBSEQ-T7 sequencing: Transcriptome sequencing for Lycoris radiata | BioSampleModel=Plant | INSDC secondary accession=SRS21275878 | NCBI submission package=Plant.1.0 | age=not collected | collected_by=Ying Hu, Xiaomei Wei, Xiongbiao Xu, Renjun Mao, Zhiyuan Wei | collection_date=2018-11-03 | cultivar=not collected | dev_stage=not collected | ecotype=not collected | geo_loc_name=China: Chongqing, Nanchuan, Sanquan, Chongqing Research Inst"
SRR29002418,PRJNA1107703,SAMN41206049,Lycoris radiata,Plant sample from Lycoris radiata,leaves,,Leaf,declared,Unspecified,,ENA,Phylotranscriptomics reveals the phylogeny of Asparagales,"leaves | Plant sample from Lycoris radiata | XA00411 | DNBSEQ-T7 sequencing: Transcriptome sequencing for Lycoris radiata | Plant sample from Lycoris radiata | DNBSEQ-T7 sequencing: Transcriptome sequencing for Lycoris radiata | BioSampleModel=Plant | INSDC secondary accession=SRS21275875 | NCBI submission package=Plant.1.0 | age=not collected | collected_by=Xiaomei Wei, Zhu Qiao, Yang Lin, Yanfen Huang | collection_date=2018-09-03 | cultivar=not collected | dev_stage=not collected | ecotype=not collected | geo_loc_name=China: Shaanxi, Xian, Xian Botanical Garden | isolate=not collected | orga"
SRR29002419,PRJNA1107703,SAMN41206048,Lycoris radiata,Plant sample from Lycoris radiata,leaves,,Leaf,declared,Unspecified,,ENA,Phylotranscriptomics reveals the phylogeny of Asparagales,"leaves | Plant sample from Lycoris radiata | CQ00804 | DNBSEQ-T7 sequencing: Transcriptome sequencing for Lycoris radiata | Plant sample from Lycoris radiata | DNBSEQ-T7 sequencing: Transcriptome sequencing for Lycoris radiata | BioSampleModel=Plant | INSDC secondary accession=SRS21275874 | NCBI submission package=Plant.1.0 | age=not collected | collected_by=Ying Hu, Xiaomei Wei, Xiongbiao Xu, Renjun Mao, Zhiyuan Wei | collection_date=2018-11-02 | cultivar=not collected | dev_stage=not collected | ecotype=not collected | geo_loc_name=China: Chongqing, Nanchuan, Sanquan, Chongqing Research Inst"
SRR29002421,PRJNA1107703,SAMN41206047,Lycoris aurea,Plant sample from Lycoris aurea,leaves,,Leaf,declared,Unspecified,,ENA,Phylotranscriptomics reveals the phylogeny of Asparagales,"leaves | Plant sample from Lycoris aurea | CQ00764 | DNBSEQ-T7 sequencing: Transcriptome sequencing for Lycoris aurea | Plant sample from Lycoris aurea | DNBSEQ-T7 sequencing: Transcriptome sequencing for Lycoris aurea | BioSampleModel=Plant | INSDC secondary accession=SRS21275872 | NCBI submission package=Plant.1.0 | age=not collected | collected_by=Ying Hu, Xiaomei Wei, Xiongbiao Xu, Renjun Mao, Zhiyuan Wei | collection_date=2018-11-02 | cultivar=not collected | dev_stage=not collected | ecotype=not collected | geo_loc_name=China: Chongqing, Nanchuan, Sanquan, Chongqing Research Institute of"
SRR29002422,PRJNA1107703,SAMN41206046,Hippeastrum striatum,Plant sample from Hippeastrum striatum,leaves,,Leaf,declared,Unspecified,,ENA,Phylotranscriptomics reveals the phylogeny of Asparagales,"leaves | Plant sample from Hippeastrum striatum | 00159 | DNBSEQ-T7 sequencing: Transcriptome sequencing for Hippeastrum striatum | Plant sample from Hippeastrum striatum | DNBSEQ-T7 sequencing: Transcriptome sequencing for Hippeastrum striatum | BioSampleModel=Plant | INSDC secondary accession=SRS21275871 | NCBI submission package=Plant.1.0 | age=not collected | collected_by=Ying Hu, Xiaomei Wei, Meiqiong Tang | collection_date=2018-05-25 | cultivar=not collected | dev_stage=not collected | ecotype=not collected | geo_loc_name=China: Guangxi, Nanning, Guangxi Botanical Garden of Medicinal Pla"
SRR29002423,PRJNA1107703,SAMN41206045,Hippeastrum striatum,Plant sample from Hippeastrum striatum,leaves,,Leaf,declared,Unspecified,,ENA,Phylotranscriptomics reveals the phylogeny of Asparagales,"leaves | Plant sample from Hippeastrum striatum | CQ00841 | DNBSEQ-T7 sequencing: Transcriptome sequencing for Hippeastrum striatum | Plant sample from Hippeastrum striatum | DNBSEQ-T7 sequencing: Transcriptome sequencing for Hippeastrum striatum | BioSampleModel=Plant | INSDC secondary accession=SRS21275870 | NCBI submission package=Plant.1.0 | age=not collected | collected_by=Ying Hu, Xiaomei Wei, Xiongbiao Xu, Renjun Mao, Zhiyuan Wei | collection_date=2018-11-03 | cultivar=not collected | dev_stage=not collected | ecotype=not collected | geo_loc_name=China: Chongqing, Nanchuan, Sanquan, Cho"
SRR29002424,PRJNA1107703,SAMN41206044,Scadoxus multiflorus,Plant sample from Scadoxus multiflorus,leaves,,Leaf,declared,Unspecified,,ENA,Phylotranscriptomics reveals the phylogeny of Asparagales,"leaves | Plant sample from Scadoxus multiflorus | 00122 | DNBSEQ-T7 sequencing: Transcriptome sequencing for Scadoxus multiflorus | Plant sample from Scadoxus multiflorus | DNBSEQ-T7 sequencing: Transcriptome sequencing for Scadoxus multiflorus | BioSampleModel=Plant | INSDC secondary accession=SRS21275869 | NCBI submission package=Plant.1.0 | age=not collected | collected_by=Ying Hu, Xiaomei Wei, Meiqiong Tang | collection_date=2018-05-24 | cultivar=not collected | dev_stage=not collected | ecotype=not collected | geo_loc_name=China: Guangxi, Nanning, Guangxi Botanical Garden of Medicinal Pla"
SRR29002425,PRJNA1107703,SAMN41206043,Crinum asiaticum var. sinicum,Plant sample from Crinum asiaticum var. sinicum,leaves,,Leaf,declared,Unspecified,,ENA,Phylotranscriptomics reveals the phylogeny of Asparagales,"leaves | Plant sample from Crinum asiaticum var. sinicum | CQ00818 | DNBSEQ-T7 sequencing: Transcriptome sequencing for Crinum asiaticum var. sinicum | Plant sample from Crinum asiaticum var. sinicum | DNBSEQ-T7 sequencing: Transcriptome sequencing for Crinum asiaticum var. sinicum | BioSampleModel=Plant | INSDC secondary accession=SRS21275868 | NCBI submission package=Plant.1.0 | age=not collected | collected_by=Ying Hu, Xiaomei Wei, Xiongbiao Xu, Renjun Mao, Zhiyuan Wei | collection_date=2018-11-02 | cultivar=not collected | dev_stage=not collected | ecotype=not collected | geo_loc_name=Chin"
SRR29002426,PRJNA1107703,SAMN41206042,Crinum asiaticum var. sinicum,Plant sample from Crinum asiaticum var. sinicum,leaves,,Leaf,declared,Unspecified,,ENA,Phylotranscriptomics reveals the phylogeny of Asparagales,"leaves | Plant sample from Crinum asiaticum var. sinicum | CC00615 | DNBSEQ-T7 sequencing: Transcriptome sequencing for Crinum asiaticum var. sinicum | Plant sample from Crinum asiaticum var. sinicum | DNBSEQ-T7 sequencing: Transcriptome sequencing for Crinum asiaticum var. sinicum | BioSampleModel=Plant | INSDC secondary accession=SRS21275867 | NCBI submission package=Plant.1.0 | age=not collected | collected_by=Ying Hu, Xiongbiao Xu, Zhiyuan Wei | collection_date=2018-09-10 | cultivar=not collected | dev_stage=not collected | ecotype=not collected | geo_loc_name=China: Jilin, Changchun, Chan"
SRR29002427,PRJNA1107703,SAMN41206041,Clivia miniata,Plant sample from Clivia miniata,leaves,,Leaf,declared,Unspecified,,ENA,Phylotranscriptomics reveals the phylogeny of Asparagales,"leaves | Plant sample from Clivia miniata | SY00934 | DNBSEQ-T7 sequencing: Transcriptome sequencing for Clivia miniata | Plant sample from Clivia miniata | DNBSEQ-T7 sequencing: Transcriptome sequencing for Clivia miniata | BioSampleModel=Plant | INSDC secondary accession=SRS21275866 | NCBI submission package=Plant.1.0 | age=not collected | collected_by=Ying Hu, Xiongbiao Xu, Zhiyuan Wei | collection_date=2018-09-13 | cultivar=not collected | dev_stage=not collected | ecotype=not collected | geo_loc_name=China: Liaoning, Shenyang, Pharmaceutical Botanical Garden of Shenyang Pharmaceutical Uni"
SRR2988777,PRJNA301357,SAMN04331008,Narcissus pseudonarcissus,Plant sample from Narcissus pseudonarcissus,leaf,flowering,Leaf,declared,Cultivar/Colour morph,sample text,ENA,Narcissus pseudonarcissus Transcriptome or Gene expression,leaf | flowering | Plant sample from Narcissus pseudonarcissus | daffodil leaf | Illumina HiSeq 2000 sequencing: daffodil leaf | Plant sample from Narcissus pseudonarcissus | Illumina HiSeq 2000 sequencing: daffodil leaf | BioSampleModel=Plant | INSDC secondary accession=SRS1203011 | NCBI submission package=Plant.1.0 | cultivar=undetermined | dev_stage=flowering | geo_loc_name=USA: Missouri | organism=Narcissus pseudonarcissus | phenotype=yellow 5 cm by 5 cm single flowers | tissue=leaf | title=Plant sample from Narcissus pseudonarcissus
SRR3029584,PRJNA301357,SAMN04349105,Narcissus pseudonarcissus,Plant sample from Narcissus pseudonarcissus,flower,flowering,Flower,declared,Unspecified,,ENA,Narcissus pseudonarcissus Transcriptome or Gene expression,flower | flowering | Plant sample from Narcissus pseudonarcissus | daffodil flower | Illumina HiSeq 2000 sequencing: daffodil flower | Plant sample from Narcissus pseudonarcissus | Illumina HiSeq 2000 sequencing: daffodil flower | BioSampleModel=Plant | INSDC secondary accession=SRS1212115 | NCBI submission package=Plant.1.0 | cultivar=undetermined | dev_stage=flowering | geo_loc_name=USA: Missouri | organism=Narcissus pseudonarcissus | tissue=flower | title=Plant sample from Narcissus pseudonarcissus
SRR3029659,PRJNA301357,SAMN04359540,Narcissus pseudonarcissus,Plant sample from Narcissus pseudonarcissus,bulb,flowering,Bulb,declared,Unspecified,,ENA,Narcissus pseudonarcissus Transcriptome or Gene expression,bulb | flowering | Plant sample from Narcissus pseudonarcissus | daffodil bulb | Illumina HiSeq 2000 sequencing: daffodil bulb | Plant sample from Narcissus pseudonarcissus | Illumina HiSeq 2000 sequencing: daffodil bulb | BioSampleModel=Plant | INSDC secondary accession=SRS1217235 | NCBI submission package=Plant.1.0 | cultivar=undetermined | dev_stage=flowering | geo_loc_name=USA: Missouri | organism=Narcissus pseudonarcissus | tissue=bulb | title=Plant sample from Narcissus pseudonarcissus
SRR3038322,PRJNA306273,SAMN04359547,Galanthus elwesii,Plant sample from Galanthus elwesii,bulb,flowering,Bulb,declared,Unspecified,,ENA,Galanthus elwesii Transcriptome or Gene expression,bulb | flowering | Plant sample from Galanthus elwesii | Galanthus elwesii bulb | Illumina HiSeq 2000 sequencing: Galanthus elwesii bulb | Plant sample from Galanthus elwesii | Illumina HiSeq 2000 sequencing: Galanthus elwesii bulb | BioSampleModel=Plant | INSDC secondary accession=SRS1217258 | NCBI submission package=Plant.1.0 | cultivar=undetermined | dev_stage=flowering | geo_loc_name=USA: Washington | organism=Galanthus elwesii | tissue=bulb | title=Plant sample from Galanthus elwesii
SRR3038644,PRJNA306273,SAMN04348903,Galanthus elwesii,Plant sample from Galanthus elwesii,leaf,flowering,Leaf,declared,Unspecified,,ENA,Galanthus elwesii Transcriptome or Gene expression,leaf | flowering | Plant sample from Galanthus elwesii | Galanthus elwesii | Illumina HiSeq 2000 sequencing: Galanthus elwesii leaf | Plant sample from Galanthus elwesii | Illumina HiSeq 2000 sequencing: Galanthus elwesii leaf | BioSampleModel=Plant | INSDC secondary accession=SRS1217441 | NCBI submission package=Plant.1.0 | cultivar=undetermined | dev_stage=flowering | geo_loc_name=USA: Washington | organism=Galanthus elwesii | tissue=leaf | title=Plant sample from Galanthus elwesii
SRR3040052,PRJNA306273,SAMN04360977,Galanthus elwesii,Plant sample from Galanthus elwesii,flower,flowering,Flower,declared,Unspecified,,ENA,Galanthus elwesii Transcriptome or Gene expression,flower | flowering | Plant sample from Galanthus elwesii | Galanthus elwesii flower | Illumina HiSeq 2000 sequencing: Galanthus elwesii flower | Plant sample from Galanthus elwesii | Illumina HiSeq 2000 sequencing: Galanthus elwesii flower | BioSampleModel=Plant | INSDC secondary accession=SRS1217976 | NCBI submission package=Plant.1.0 | cultivar=undetermined | dev_stage=flowering | geo_loc_name=USA: Washington | organism=Galanthus elwesii | tissue=flower | title=Plant sample from Galanthus elwesii
SRR3048038,PRJNA306697,SAMN04360979,Galanthus sp. MBK-2015,Plant sample from Galanthus sp. MBK-2015,flower,flowering,Flower,declared,Unspecified,,ENA,Galanthus sp. MBK-2015 cultivar:undetermined Raw sequence reads,flower | flowering | Plant sample from Galanthus sp. MBK-2015 | Galanthus flower | Illumina HiSeq 2000 sequencing: Galanthus flower | Plant sample from Galanthus sp. MBK-2015 | Illumina HiSeq 2000 sequencing: Galanthus flower | BioSampleModel=Plant | INSDC secondary accession=SRS1219065 | NCBI submission package=Plant.1.0 | cultivar=undetermined | dev_stage=flowering | geo_loc_name=USA: Missouri | organism=Galanthus sp. MBK-2015 | tissue=flower | title=Plant sample from Galanthus sp. MBK-2015
SRR3048277,PRJNA306697,SAMN04362280,Galanthus sp. MBK-2015,Plant sample from Galanthus sp. MBK-2015,leaf,flowering,Leaf,declared,Unspecified,,ENA,Galanthus sp. MBK-2015 cultivar:undetermined Raw sequence reads,leaf | flowering | Plant sample from Galanthus sp. MBK-2015 | Galanthus leaf | Illumina HiSeq 2000 sequencing: Galanthus leaf | Plant sample from Galanthus sp. MBK-2015 | Illumina HiSeq 2000 sequencing: Galanthus leaf | BioSampleModel=Plant | INSDC secondary accession=SRS1219128 | NCBI submission package=Plant.1.0 | cultivar=undetermined | dev_stage=flowering | geo_loc_name=USA: Missouri | organism=Galanthus sp. MBK-2015 | tissue=leaf | title=Plant sample from Galanthus sp. MBK-2015
SRR3048278,PRJNA306697,SAMN04362279,Galanthus sp. MBK-2015,Plant sample from Galanthus sp. MBK-2015,bulb,flowering,Bulb,declared,Unspecified,,ENA,Galanthus sp. MBK-2015 cultivar:undetermined Raw sequence reads,bulb | flowering | Plant sample from Galanthus sp. MBK-2015 | Galanthus bulb | Illumina HiSeq 2000 sequencing: Galanthus bulb | Plant sample from Galanthus sp. MBK-2015 | Illumina HiSeq 2000 sequencing: Galanthus bulb | BioSampleModel=Plant | INSDC secondary accession=SRS1219130 | NCBI submission package=Plant.1.0 | cultivar=undetermined | dev_stage=flowering | geo_loc_name=USA: Missouri | organism=Galanthus sp. MBK-2015 | tissue=bulb | title=Plant sample from Galanthus sp. MBK-2015
SRR3547250,PRJNA322243,SAMN05149972,Hippeastrum,Flowering-bud from Hippeastrum,Bud,Bud stage,Flower,declared,Developmental stage,declared,ENA,Hippeastrum Transcriptome,Bud | Bud stage | Flowering-bud from Hippeastrum | Hippeastrum Blossom Peacock | Illumina HiSeq 2000 sequencing: The flower-bud transcriptome analysis of Hippeastrum Blossom Peacock | Flowering-bud from Hippeastrum | Illumina HiSeq 2000 sequencing: The flower-bud transcriptome analysis of Hippeastrum Blossom Peacock | BioSampleModel=Plant | INSDC secondary accession=SRS1447086 | NCBI submission package=Plant.1.0 | cultivar=Blossom Peacock | dev_stage=Bud stage | geo_loc_name=China: Beijing | organism=Hippeastrum | tissue=Bud | title=Flowering-bud from Hippeastrum
SRR4071976,PRJNA340090,SAMN05645796,Narcissus tazetta,Tmix,Tepal,,Tepal/Petal,declared,Unspecified,,ENA,Narcissus tazetta Tepal Transcriptome,Tepal | Tmix | TepalTmix | Illumina HiSeq 2500 sequencing: Tmix | Tmix | Illumina HiSeq 2500 sequencing: Tmix | Narcissus tazetta var. chinensis | BioSampleModel=Plant | INSDC secondary accession=SRS1650562 | NCBI submission package=Plant.1.0 | age=not applicable | cultivar=Chinensis Roem | dev_stage=not applicable | ecotype=Jinzhanyintai | geo_loc_name=not collected | isolate=Narcissus tazetta var. chinensis | organism=Narcissus tazetta | tissue=Tepal | title=Tmix
SRR5580699,PRJNA387061,SAMN07138947,Narcissus tazetta subsp. chinensis,basal plates sample from Narcissus tazetta var. chinensis,basal plate,vegetative growth,Basal plate,declared,Unspecified,,ENA,Narcissus tazetta var. chinensis Transcriptome or Gene expression,basal plate | vegetative growth | basal plates sample from Narcissus tazetta var. chinensis | plate of narcissus | Illumina HiSeq 2000 sequencing: RNA-Seq of narcissus: basal plate | basal plates sample from Narcissus tazetta var. chinensis | Illumina HiSeq 2000 sequencing: RNA-Seq of narcissus: basal plate | BioSampleModel=Plant | INSDC secondary accession=SRS2212227 | NCBI submission package=Plant.1.0 | cultivar=jin zhan yin tai | dev_stage=vegetative growth | geo_loc_name=China: Zhangzhou | organism=Narcissus tazetta subsp. chinensis | tissue=basal plate | title=basal plates sample from Nar
SRR5788585,PRJNA392294,SAMN07289441,Narcissus pseudonarcissus,Plant sample from Narcissus pseudonarcissus,bubls,bulbs,Bulb,sample text,Unspecified,,ENA,Amaryllidaceae transcriptome,bubls | bulbs | Plant sample from Narcissus pseudonarcissus | NpKA_bulbs | Illumina HiSeq 2000 sequencing: Narcissus pseudonarcissus 'king Alfred' bulbs | Plant sample from Narcissus pseudonarcissus | Illumina HiSeq 2000 sequencing: Narcissus pseudonarcissus 'king Alfred' bulbs | BioSampleModel=Plant | INSDC secondary accession=SRS2330014 | NCBI submission package=Plant.1.0 | cultivar=King Alfred | dev_stage=bulbs | geo_loc_name=Canada:Trois-Rivieres | organism=Narcissus pseudonarcissus | tissue=bubls | title=Plant sample from Narcissus pseudonarcissus
SRR6041662,PRJNA407433,SAMN07654076,Narcissus papyraceus,Plant sample from Narcissus papyraceus,Bulbs,bulbs,Bulb,declared,Unspecified,,ENA,Narcissus papyraceus Raw sequence reads,Bulbs | bulbs | Plant sample from Narcissus papyraceus | Npapy_bulbs | Illumina HiSeq 2000 sequencing: Narcissus papyraceus 'Vesey's paperwhite' bulbs | Plant sample from Narcissus papyraceus | Illumina HiSeq 2000 sequencing: Narcissus papyraceus 'Vesey's paperwhite' bulbs | BioSampleModel=Plant | INSDC secondary accession=SRS2517093 | NCBI submission package=Plant.1.0 | cultivar=Vesey's paperwhite | dev_stage=bulbs | geo_loc_name=Canada:Trois-Rivieres | organism=Narcissus papyraceus | tissue=Bulbs | title=Plant sample from Narcissus papyraceus
SRR7503212,PRJNA480383,SAMN09635528,Clivia miniata,Plant sample from Clivia miniata,Yellow strip of leaf,Young striped-leaves,Leaf,declared,Unspecified,,ENA,Clivia miniata var. variegata leaf transcriptome,Yellow strip of leaf | Young striped-leaves | Plant sample from Clivia miniata | YS2 | Illumina HiSeq 2500 sequencing: Clivia miniata var. variegata leaf transcriptome | Plant sample from Clivia miniata | Illumina HiSeq 2500 sequencing: Clivia miniata var. variegata leaf transcriptome | Plant2 | BioSampleModel=Plant | INSDC secondary accession=SRS3530249 | NCBI submission package=Plant.1.0 | cultivar=Clivia miniata var. variegata | dev_stage=Young striped-leaves | geo_loc_name=China | isolate=Plant2 | organism=Clivia miniata | sample_type=Tissue sample | tissue=Yellow strip of leaf | title=Pla
SRR7503213,PRJNA480383,SAMN09635527,Clivia miniata,Plant sample from Clivia miniata,Green strip of leaf,Young striped-leaves,Leaf,declared,Unspecified,,ENA,Clivia miniata var. variegata leaf transcriptome,Green strip of leaf | Young striped-leaves | Plant sample from Clivia miniata | GS2 | Illumina HiSeq 2500 sequencing: Clivia miniata var. variegata leaf transcriptome | Plant sample from Clivia miniata | Illumina HiSeq 2500 sequencing: Clivia miniata var. variegata leaf transcriptome | Plant2 | BioSampleModel=Plant | INSDC secondary accession=SRS3530248 | NCBI submission package=Plant.1.0 | cultivar=Clivia miniata var. variegata | dev_stage=Young striped-leaves | geo_loc_name=China | isolate=Plant2 | organism=Clivia miniata | sample_type=Tissue sample | tissue=Green strip of leaf | title=Plant
SRR7503214,PRJNA480383,SAMN09635526,Clivia miniata,Plant sample from Clivia miniata,Yellow strip of leaf,Young striped-leaves,Leaf,declared,Unspecified,,ENA,Clivia miniata var. variegata leaf transcriptome,Yellow strip of leaf | Young striped-leaves | Plant sample from Clivia miniata | YS1 | Illumina HiSeq 2500 sequencing: Clivia miniata var. variegata leaf transcriptome | Plant sample from Clivia miniata | Illumina HiSeq 2500 sequencing: Clivia miniata var. variegata leaf transcriptome | Plant1 | BioSampleModel=Plant | INSDC secondary accession=SRS3530247 | NCBI submission package=Plant.1.0 | cultivar=Clivia miniata var. variegata | dev_stage=Young striped-leaves | geo_loc_name=China | isolate=Plant1 | organism=Clivia miniata | sample_type=Tissue sample | tissue=Yellow strip of leaf | title=Pla
SRR7503215,PRJNA480383,SAMN09635525,Clivia miniata,Plant sample from Clivia miniata,Green strip of leaf,Young striped-leaves,Leaf,declared,Unspecified,,ENA,Clivia miniata var. variegata leaf transcriptome,Green strip of leaf | Young striped-leaves | Plant sample from Clivia miniata | GS1 | Illumina HiSeq 2500 sequencing: Clivia miniata var. variegata leaf transcriptome | Plant sample from Clivia miniata | Illumina HiSeq 2500 sequencing: Clivia miniata var. variegata leaf transcriptome | Plant1 | BioSampleModel=Plant | INSDC secondary accession=SRS3530246 | NCBI submission package=Plant.1.0 | cultivar=Clivia miniata var. variegata | dev_stage=Young striped-leaves | geo_loc_name=China | isolate=Plant1 | organism=Clivia miniata | sample_type=Tissue sample | tissue=Green strip of leaf | title=Plant
SRR7734244,PRJNA487120,SAMN09873980,Narcissus tazetta,ETH-treated bulbs,bulbs of ETH treatment,,Bulb,declared,Unspecified,,ENA,The transcriptome of Narcissus tazetta during flower bud differentiation,bulbs of ETH treatment | ETH-treated bulbs | ETH | Illumina HiSeq 2500 sequencing: ETH | ETH-treated bulbs | Illumina HiSeq 2500 sequencing: ETH | BioSampleModel=Plant | INSDC secondary accession=SRS3698821 | NCBI submission package=Plant.1.0 | age=three-year old | cultivar=cv. 'Jingzhanyintai' | dev_stage=not applicable | ecotype=not collected | geo_loc_name=China:Zhangzhou | isolate=not collected | organism=Narcissus tazetta | tissue=bulbs of ETH treatment | title=ETH-treated bulbs
SRR7734245,PRJNA487120,SAMN09873979,Narcissus tazetta,Non-treated bulbs,bulbs of non treatment,,Bulb,declared,Unspecified,,ENA,The transcriptome of Narcissus tazetta during flower bud differentiation,bulbs of non treatment | Non-treated bulbs | CG | Illumina HiSeq 2500 sequencing: CG | Non-treated bulbs | Illumina HiSeq 2500 sequencing: CG | BioSampleModel=Plant | INSDC secondary accession=SRS3698820 | NCBI submission package=Plant.1.0 | age=three-year old | cultivar=cv. 'Jingzhanyintai' | dev_stage=not applicable | ecotype=not collected | geo_loc_name=China:Zhangzhou | isolate=not collected | organism=Narcissus tazetta | tissue=bulbs of non treatment | title=Non-treated bulbs
SRR7734246,PRJNA487120,SAMN09873981,Narcissus tazetta,1-MCP-treated bulbs,bulbs of 1-MCP treatment,,Bulb,declared,Unspecified,,ENA,The transcriptome of Narcissus tazetta during flower bud differentiation,bulbs of 1-MCP treatment | 1-MCP-treated bulbs | 1-MCP | Illumina HiSeq 2500 sequencing: 1-MCP | 1-MCP-treated bulbs | Illumina HiSeq 2500 sequencing: 1-MCP | BioSampleModel=Plant | INSDC secondary accession=SRS3698819 | NCBI submission package=Plant.1.0 | age=three-year old | cultivar=cv. 'Jingzhanyintai' | dev_stage=not applicable | ecotype=not collected | geo_loc_name=China:Zhangzhou | isolate=not collected | organism=Narcissus tazetta | tissue=bulbs of 1-MCP treatment | title=1-MCP-treated bulbs
SRR7849884,PRJNA490415,SAMN10036143,Lycoris longituba,Plant sample from Lycoris longituba,tepal,opening stage,Tepal/Petal,declared,Developmental stage,declared,ENA,Lycoris longituba Transcriptome or Gene expression,tepal | opening stage | Plant sample from Lycoris longituba | te-s3w2 | Illumina HiSeq 4000 sequencing: Transcriptomic analysis of differentially expressed genes relevant to tepals color fading in Lycoris longituba | Plant sample from Lycoris longituba | Illumina HiSeq 4000 sequencing: Transcriptomic analysis of differentially expressed genes relevant to tepals color fading in Lycoris longituba | BioSampleModel=Plant | INSDC secondary accession=SRS3787013 | NCBI submission package=Plant.1.0 | cultivar=White | dev_stage=opening stage | geo_loc_name=China:Nanjing | organism=Lycoris longituba | r
SRR7849885,PRJNA490415,SAMN10036143,Lycoris longituba,Plant sample from Lycoris longituba,tepal,opening stage,Tepal/Petal,declared,Developmental stage,declared,ENA,Lycoris longituba Transcriptome or Gene expression,tepal | opening stage | Plant sample from Lycoris longituba | te-s3w2 | Illumina HiSeq 4000 sequencing: Transcriptomic analysis of differentially expressed genes relevant to tepals color fading in Lycoris longituba | Plant sample from Lycoris longituba | Illumina HiSeq 4000 sequencing: Transcriptomic analysis of differentially expressed genes relevant to tepals color fading in Lycoris longituba | BioSampleModel=Plant | INSDC secondary accession=SRS3787013 | NCBI submission package=Plant.1.0 | cultivar=White | dev_stage=opening stage | geo_loc_name=China:Nanjing | organism=Lycoris longituba | r
SRR7849886,PRJNA490415,SAMN10036141,Lycoris longituba,Plant sample from Lycoris longituba,tepal,opening stage,Tepal/Petal,declared,Developmental stage,declared,ENA,Lycoris longituba Transcriptome or Gene expression,tepal | opening stage | Plant sample from Lycoris longituba | te-s3p3 | Illumina HiSeq 4000 sequencing: Transcriptomic analysis of differentially expressed genes relevant to tepals color fading in Lycoris longituba | Plant sample from Lycoris longituba | Illumina HiSeq 4000 sequencing: Transcriptomic analysis of differentially expressed genes relevant to tepals color fading in Lycoris longituba | BioSampleModel=Plant | INSDC secondary accession=SRS3787011 | NCBI submission package=Plant.1.0 | cultivar=Pink | dev_stage=opening stage | geo_loc_name=China:Nanjing | organism=Lycoris longituba | re
SRR7849887,PRJNA490415,SAMN10036139,Lycoris longituba,Plant sample from Lycoris longituba,tepal,opening stage,Tepal/Petal,declared,Developmental stage,declared,ENA,Lycoris longituba Transcriptome or Gene expression,tepal | opening stage | Plant sample from Lycoris longituba | te-s3p1 | Illumina HiSeq 4000 sequencing: Transcriptomic analysis of differentially expressed genes relevant to tepals color fading in Lycoris longituba | Plant sample from Lycoris longituba | Illumina HiSeq 4000 sequencing: Transcriptomic analysis of differentially expressed genes relevant to tepals color fading in Lycoris longituba | BioSampleModel=Plant | INSDC secondary accession=SRS3787010 | NCBI submission package=Plant.1.0 | cultivar=Pink | dev_stage=opening stage | geo_loc_name=China:Nanjing | organism=Lycoris longituba | re
SRR7849888,PRJNA490415,SAMN10036137,Lycoris longituba,Plant sample from Lycoris longituba,tepal,medium bud stage,Tepal/Petal,declared,Developmental stage,declared,ENA,Lycoris longituba Transcriptome or Gene expression,tepal | medium bud stage | Plant sample from Lycoris longituba | te-s2p2 | Illumina HiSeq 4000 sequencing: Transcriptomic analysis of differentially expressed genes relevant to tepals color fading in Lycoris longituba | Plant sample from Lycoris longituba | Illumina HiSeq 4000 sequencing: Transcriptomic analysis of differentially expressed genes relevant to tepals color fading in Lycoris longituba | BioSampleModel=Plant | INSDC secondary accession=SRS3787008 | NCBI submission package=Plant.1.0 | cultivar=Pink | dev_stage=medium bud stage | geo_loc_name=China:Nanjing | organism=Lycoris longitub
SRR7849889,PRJNA490415,SAMN10036135,Lycoris longituba,Plant sample from Lycoris longituba,tepal,small bud stage,Tepal/Petal,declared,Developmental stage,declared,ENA,Lycoris longituba Transcriptome or Gene expression,tepal | small bud stage | Plant sample from Lycoris longituba | te-s1p3 | Illumina HiSeq 4000 sequencing: Transcriptomic analysis of differentially expressed genes relevant to tepals color fading in Lycoris longituba | Plant sample from Lycoris longituba | Illumina HiSeq 4000 sequencing: Transcriptomic analysis of differentially expressed genes relevant to tepals color fading in Lycoris longituba | BioSampleModel=Plant | INSDC secondary accession=SRS3787006 | NCBI submission package=Plant.1.0 | cultivar=Pink | dev_stage=small bud stage | geo_loc_name=China:Nanjing | organism=Lycoris longituba 
SRR7849890,PRJNA490415,SAMN10036136,Lycoris longituba,Plant sample from Lycoris longituba,tepal,medium bud stage,Tepal/Petal,declared,Developmental stage,declared,ENA,Lycoris longituba Transcriptome or Gene expression,tepal | medium bud stage | Plant sample from Lycoris longituba | te-s2p1 | Illumina HiSeq 4000 sequencing: Transcriptomic analysis of differentially expressed genes relevant to tepals color fading in Lycoris longituba | Plant sample from Lycoris longituba | Illumina HiSeq 4000 sequencing: Transcriptomic analysis of differentially expressed genes relevant to tepals color fading in Lycoris longituba | BioSampleModel=Plant | INSDC secondary accession=SRS3787005 | NCBI submission package=Plant.1.0 | cultivar=Pink | dev_stage=medium bud stage | geo_loc_name=China:Nanjing | organism=Lycoris longitub
SRR7849891,PRJNA490415,SAMN10036138,Lycoris longituba,Plant sample from Lycoris longituba,tepal,medium bud stage,Tepal/Petal,declared,Developmental stage,declared,ENA,Lycoris longituba Transcriptome or Gene expression,tepal | medium bud stage | Plant sample from Lycoris longituba | te-s2p3 | Illumina HiSeq 4000 sequencing: Transcriptomic analysis of differentially expressed genes relevant to tepals color fading in Lycoris longituba | Plant sample from Lycoris longituba | Illumina HiSeq 4000 sequencing: Transcriptomic analysis of differentially expressed genes relevant to tepals color fading in Lycoris longituba | BioSampleModel=Plant | INSDC secondary accession=SRS3787007 | NCBI submission package=Plant.1.0 | cultivar=Pink | dev_stage=medium bud stage | geo_loc_name=China:Nanjing | organism=Lycoris longitub
SRR7849892,PRJNA490415,SAMN10036140,Lycoris longituba,Plant sample from Lycoris longituba,tepal,opening stage,Tepal/Petal,declared,Developmental stage,declared,ENA,Lycoris longituba Transcriptome or Gene expression,tepal | opening stage | Plant sample from Lycoris longituba | te-s3p2 | Illumina HiSeq 4000 sequencing: Transcriptomic analysis of differentially expressed genes relevant to tepals color fading in Lycoris longituba | Plant sample from Lycoris longituba | Illumina HiSeq 4000 sequencing: Transcriptomic analysis of differentially expressed genes relevant to tepals color fading in Lycoris longituba | BioSampleModel=Plant | INSDC secondary accession=SRS3787009 | NCBI submission package=Plant.1.0 | cultivar=Pink | dev_stage=opening stage | geo_loc_name=China:Nanjing | organism=Lycoris longituba | re
SRR7849893,PRJNA490415,SAMN10036142,Lycoris longituba,Plant sample from Lycoris longituba,tepal,opening stage,Tepal/Petal,declared,Developmental stage,declared,ENA,Lycoris longituba Transcriptome or Gene expression,tepal | opening stage | Plant sample from Lycoris longituba | te-s3w1 | Illumina HiSeq 4000 sequencing: Transcriptomic analysis of differentially expressed genes relevant to tepals color fading in Lycoris longituba | Plant sample from Lycoris longituba | Illumina HiSeq 4000 sequencing: Transcriptomic analysis of differentially expressed genes relevant to tepals color fading in Lycoris longituba | BioSampleModel=Plant | INSDC secondary accession=SRS3787012 | NCBI submission package=Plant.1.0 | cultivar=White | dev_stage=opening stage | geo_loc_name=China:Nanjing | organism=Lycoris longituba | r
SRR7849894,PRJNA490415,SAMN10036133,Lycoris longituba,Plant sample from Lycoris longituba,tepal,small bud stage,Tepal/Petal,declared,Developmental stage,declared,ENA,Lycoris longituba Transcriptome or Gene expression,tepal | small bud stage | Plant sample from Lycoris longituba | te-s1p1 | Illumina HiSeq 4000 sequencing: Transcriptomic analysis of differentially expressed genes relevant to tepals color fading in Lycoris longituba | Plant sample from Lycoris longituba | Illumina HiSeq 4000 sequencing: Transcriptomic analysis of differentially expressed genes relevant to tepals color fading in Lycoris longituba | BioSampleModel=Plant | INSDC secondary accession=SRS3787004 | NCBI submission package=Plant.1.0 | cultivar=Pink | dev_stage=small bud stage | geo_loc_name=China:Nanjing | organism=Lycoris longituba 
SRR7849895,PRJNA490415,SAMN10036134,Lycoris longituba,Plant sample from Lycoris longituba,tepal,small bud stage,Tepal/Petal,declared,Developmental stage,declared,ENA,Lycoris longituba Transcriptome or Gene expression,tepal | small bud stage | Plant sample from Lycoris longituba | te-s1p2 | Illumina HiSeq 4000 sequencing: Transcriptomic analysis of differentially expressed genes relevant to tepals color fading in Lycoris longituba | Plant sample from Lycoris longituba | Illumina HiSeq 4000 sequencing: Transcriptomic analysis of differentially expressed genes relevant to tepals color fading in Lycoris longituba | BioSampleModel=Plant | INSDC secondary accession=SRS3787003 | NCBI submission package=Plant.1.0 | cultivar=Pink | dev_stage=small bud stage | geo_loc_name=China:Nanjing | organism=Lycoris longituba 
SRR8115248,PRJNA497707,SAMN10265287,Narcissus pseudonarcissus,Plant sample from Narcissus pseudonarcissus T03,corona,flower blooming,Tepal/Petal,declared,Developmental stage,declared,ENA,Narcissus pseudonarcissus cultivar:Slim Whitman and Pinza Raw sequence reads,corona | flower blooming | Plant sample from Narcissus pseudonarcissus T03 | T03 | Illumina HiSeq 4000 sequencing: Narcissus pseudonarcissus Raw sequence reads | Plant sample from Narcissus pseudonarcissus T03 | Illumina HiSeq 4000 sequencing: Narcissus pseudonarcissus Raw sequence reads | BioSampleModel=Plant | INSDC secondary accession=SRS3985534 | NCBI submission package=Plant.1.0 | cultivar=Slim Whitman | dev_stage=flower blooming | ecotype=Large-cupped Daffodil cultivar | geo_loc_name=China:Shanghai | organism=Narcissus pseudonarcissus | tissue=corona | title=Plant sample from Narcissus p
SRR8115249,PRJNA497707,SAMN10265288,Narcissus pseudonarcissus,Plant sample from Narcissus pseudonarcissus T04,corona,flower blooming,Tepal/Petal,declared,Developmental stage,declared,ENA,Narcissus pseudonarcissus cultivar:Slim Whitman and Pinza Raw sequence reads,corona | flower blooming | Plant sample from Narcissus pseudonarcissus T04 | T04 | Illumina HiSeq 4000 sequencing: Narcissus pseudonarcissus Raw sequence reads | Plant sample from Narcissus pseudonarcissus T04 | Illumina HiSeq 4000 sequencing: Narcissus pseudonarcissus Raw sequence reads | BioSampleModel=Plant | INSDC secondary accession=SRS3985533 | NCBI submission package=Plant.1.0 | cultivar=Slim Whitman | dev_stage=flower blooming | ecotype=Large-cupped Daffodil cultivar | geo_loc_name=China:Shanghai | organism=Narcissus pseudonarcissus | tissue=corona | title=Plant sample from Narcissus p
SRR8115250,PRJNA497707,SAMN10265284,Narcissus pseudonarcissus,Plant sample from Narcissus pseudonarcissus T01,perianth,flower blooming,Tepal/Petal,declared,Developmental stage,declared,ENA,Narcissus pseudonarcissus cultivar:Slim Whitman and Pinza Raw sequence reads,perianth | flower blooming | Plant sample from Narcissus pseudonarcissus T01 | T01 | Illumina HiSeq 4000 sequencing: Narcissus pseudonarcissus Raw sequence reads | Plant sample from Narcissus pseudonarcissus T01 | Illumina HiSeq 4000 sequencing: Narcissus pseudonarcissus Raw sequence reads | BioSampleModel=Plant | INSDC secondary accession=SRS3985532 | NCBI submission package=Plant.1.0 | cultivar=Slim Whitman | dev_stage=flower blooming | ecotype=Large-cupped Daffodil cultivars | geo_loc_name=China:Shanghai | organism=Narcissus pseudonarcissus | tissue=perianth | title=Plant sample from Narcis
SRR8115251,PRJNA497707,SAMN10265286,Narcissus pseudonarcissus,Plant sample from Narcissus pseudonarcissus T02,perianth,flower blooming,Tepal/Petal,declared,Developmental stage,declared,ENA,Narcissus pseudonarcissus cultivar:Slim Whitman and Pinza Raw sequence reads,perianth | flower blooming | Plant sample from Narcissus pseudonarcissus T02 | T02 | Illumina HiSeq 4000 sequencing: Narcissus pseudonarcissus Raw sequence reads | Plant sample from Narcissus pseudonarcissus T02 | Illumina HiSeq 4000 sequencing: Narcissus pseudonarcissus Raw sequence reads | BioSampleModel=Plant | INSDC secondary accession=SRS3985531 | NCBI submission package=Plant.1.0 | cultivar=Slim Whitman | dev_stage=flower blooming | ecotype=Large-cupped Daffodil cultivar | geo_loc_name=China:Shanghai | organism=Narcissus pseudonarcissus | tissue=perianth | title=Plant sample from Narciss
SRR8115252,PRJNA497707,SAMN10265291,Narcissus pseudonarcissus,Plant sample from Narcissus pseudonarcissus T07,corona,flower blooming,Tepal/Petal,declared,Developmental stage,declared,ENA,Narcissus pseudonarcissus cultivar:Slim Whitman and Pinza Raw sequence reads,corona | flower blooming | Plant sample from Narcissus pseudonarcissus T07 | T07 | Illumina HiSeq 4000 sequencing: Narcissus pseudonarcissus Raw sequence reads | Plant sample from Narcissus pseudonarcissus T07 | Illumina HiSeq 4000 sequencing: Narcissus pseudonarcissus Raw sequence reads | BioSampleModel=Plant | INSDC secondary accession=SRS3985530 | NCBI submission package=Plant.1.0 | cultivar=Pinza | dev_stage=flower blooming | ecotype=Large-cupped Daffodil cultivar | geo_loc_name=China:Shanghai | organism=Narcissus pseudonarcissus | tissue=corona | title=Plant sample from Narcissus pseudona
SRR8115253,PRJNA497707,SAMN10265294,Narcissus pseudonarcissus,Plant sample from Narcissus pseudonarcissus T08,corona,flower blooming,Tepal/Petal,declared,Developmental stage,declared,ENA,Narcissus pseudonarcissus cultivar:Slim Whitman and Pinza Raw sequence reads,corona | flower blooming | Plant sample from Narcissus pseudonarcissus T08 | T08 | Illumina HiSeq 4000 sequencing: Narcissus pseudonarcissus Raw sequence reads | Plant sample from Narcissus pseudonarcissus T08 | Illumina HiSeq 4000 sequencing: Narcissus pseudonarcissus Raw sequence reads | BioSampleModel=Plant | INSDC secondary accession=SRS3985529 | NCBI submission package=Plant.1.0 | cultivar=Pinza | dev_stage=flower blooming | ecotype=Large-cupped Daffodil cultivar | geo_loc_name=China:Shanghai | organism=Narcissus pseudonarcissus | tissue=corona | title=Plant sample from Narcissus pseudona
SRR8115254,PRJNA497707,SAMN10265289,Narcissus pseudonarcissus,Plant sample from Narcissus pseudonarcissus T05,perianth,flower blooming,Tepal/Petal,declared,Developmental stage,declared,ENA,Narcissus pseudonarcissus cultivar:Slim Whitman and Pinza Raw sequence reads,perianth | flower blooming | Plant sample from Narcissus pseudonarcissus T05 | T05 | Illumina HiSeq 4000 sequencing: Narcissus pseudonarcissus Raw sequence reads | Plant sample from Narcissus pseudonarcissus T05 | Illumina HiSeq 4000 sequencing: Narcissus pseudonarcissus Raw sequence reads | BioSampleModel=Plant | INSDC secondary accession=SRS3985528 | NCBI submission package=Plant.1.0 | cultivar=Pinza | dev_stage=flower blooming | ecotype=Large-cupped Daffodil cultivar | geo_loc_name=China:Shanghai | organism=Narcissus pseudonarcissus | tissue=perianth | title=Plant sample from Narcissus pseu
SRR8115255,PRJNA497707,SAMN10265290,Narcissus pseudonarcissus,Plant sample from Narcissus pseudonarcissus T06,perianth,flower blooming,Tepal/Petal,declared,Developmental stage,declared,ENA,Narcissus pseudonarcissus cultivar:Slim Whitman and Pinza Raw sequence reads,perianth | flower blooming | Plant sample from Narcissus pseudonarcissus T06 | T06 | Illumina HiSeq 4000 sequencing: Narcissus pseudonarcissus Raw sequence reads | Plant sample from Narcissus pseudonarcissus T06 | Illumina HiSeq 4000 sequencing: Narcissus pseudonarcissus Raw sequence reads | BioSampleModel=Plant | INSDC secondary accession=SRS3985527 | NCBI submission package=Plant.1.0 | cultivar=Pinza | dev_stage=flower blooming | ecotype=Large-cupped Daffodil cultivar | geo_loc_name=China:Shanghai | organism=Narcissus pseudonarcissus | tissue=perianth | title=Plant sample from Narcissus pseu
SRR8589642,PRJNA523125,SAMN10963759,Narcissus tazetta subsp. chinensis,Narcissus_D632-ZX01-T01,corolla tissues,early flowering stage,Tepal/Petal,declared,Developmental stage,declared,ENA,Transcriptomics de novo analysis of Chinese Narcissus tazetta var. chinensis cv Jinzhanyintai for its floral scent,corolla tissues | early flowering stage | Narcissus_D632-ZX01-T01 | GSM3611855 | Illumina HiSeq 2000 sequencing: GSM3611855: Narcissus_D632-ZX01-T01 Narcissus tazetta subsp. chinensis RNA-Seq | Narcissus_D632-ZX01-T01 | Illumina HiSeq 2000 sequencing: GSM3611855: Narcissus_D632-ZX01-T01 Narcissus tazetta subsp. chinensis RNA-Seq | BioSampleModel=Generic | INSDC secondary accession=SRS4377944 | NCBI submission package=Generic.1.0 | cultivar=cv Jinzhanyintai | developmental stage=early flowering stage | organism=Narcissus tazetta subsp. chinensis | source_name=Corolla of the early flowering stag
SRR8589643,PRJNA523125,SAMN10963758,Narcissus tazetta subsp. chinensis,Narcissus_D632-ZX01-T02,corolla tissues,early flowering stage,Tepal/Petal,declared,Developmental stage,declared,ENA,Transcriptomics de novo analysis of Chinese Narcissus tazetta var. chinensis cv Jinzhanyintai for its floral scent,corolla tissues | early flowering stage | Narcissus_D632-ZX01-T02 | GSM3611856 | Illumina HiSeq 2000 sequencing: GSM3611856: Narcissus_D632-ZX01-T02 Narcissus tazetta subsp. chinensis RNA-Seq | Narcissus_D632-ZX01-T02 | Illumina HiSeq 2000 sequencing: GSM3611856: Narcissus_D632-ZX01-T02 Narcissus tazetta subsp. chinensis RNA-Seq | BioSampleModel=Generic | INSDC secondary accession=SRS4377945 | NCBI submission package=Generic.1.0 | cultivar=cv Jinzhanyintai | developmental stage=early flowering stage | organism=Narcissus tazetta subsp. chinensis | source_name=Corolla of the early flowering stag
SRR8589644,PRJNA523125,SAMN10963757,Narcissus tazetta subsp. chinensis,Narcissus_D632-ZX01-T03,petal tissues,early flowering stage,Tepal/Petal,declared,Developmental stage,declared,ENA,Transcriptomics de novo analysis of Chinese Narcissus tazetta var. chinensis cv Jinzhanyintai for its floral scent,petal tissues | early flowering stage | Narcissus_D632-ZX01-T03 | GSM3611857 | Illumina HiSeq 2000 sequencing: GSM3611857: Narcissus_D632-ZX01-T03 Narcissus tazetta subsp. chinensis RNA-Seq | Narcissus_D632-ZX01-T03 | Illumina HiSeq 2000 sequencing: GSM3611857: Narcissus_D632-ZX01-T03 Narcissus tazetta subsp. chinensis RNA-Seq | BioSampleModel=Generic | INSDC secondary accession=SRS4377946 | NCBI submission package=Generic.1.0 | cultivar=cv Jinzhanyintai | developmental stage=early flowering stage | organism=Narcissus tazetta subsp. chinensis | source_name=Petal of the early flowering stage on
SRR8589645,PRJNA523125,SAMN10963756,Narcissus tazetta subsp. chinensis,Narcissus_D632-ZX01-T04,petal tissues,early flowering stage,Tepal/Petal,declared,Developmental stage,declared,ENA,Transcriptomics de novo analysis of Chinese Narcissus tazetta var. chinensis cv Jinzhanyintai for its floral scent,petal tissues | early flowering stage | Narcissus_D632-ZX01-T04 | GSM3611858 | Illumina HiSeq 2000 sequencing: GSM3611858: Narcissus_D632-ZX01-T04 Narcissus tazetta subsp. chinensis RNA-Seq | Narcissus_D632-ZX01-T04 | Illumina HiSeq 2000 sequencing: GSM3611858: Narcissus_D632-ZX01-T04 Narcissus tazetta subsp. chinensis RNA-Seq | BioSampleModel=Generic | INSDC secondary accession=SRS4377947 | NCBI submission package=Generic.1.0 | cultivar=cv Jinzhanyintai | developmental stage=early flowering stage | organism=Narcissus tazetta subsp. chinensis | source_name=Petal of the early flowering stage on
SRR8589646,PRJNA523125,SAMN10963755,Narcissus tazetta subsp. chinensis,Narcissus_D632-ZX01-T05,corolla tissues,full-bloom stage,Tepal/Petal,declared,Developmental stage,declared,ENA,Transcriptomics de novo analysis of Chinese Narcissus tazetta var. chinensis cv Jinzhanyintai for its floral scent,corolla tissues | full-bloom stage | Narcissus_D632-ZX01-T05 | GSM3611859 | Illumina HiSeq 2000 sequencing: GSM3611859: Narcissus_D632-ZX01-T05 Narcissus tazetta subsp. chinensis RNA-Seq | Narcissus_D632-ZX01-T05 | Illumina HiSeq 2000 sequencing: GSM3611859: Narcissus_D632-ZX01-T05 Narcissus tazetta subsp. chinensis RNA-Seq | BioSampleModel=Generic | INSDC secondary accession=SRS4377948 | NCBI submission package=Generic.1.0 | cultivar=cv Jinzhanyintai | developmental stage=full-bloom stage | organism=Narcissus tazetta subsp. chinensis | source_name=Corolla of the full-bloom stage on the sevent
SRR8589647,PRJNA523125,SAMN10963754,Narcissus tazetta subsp. chinensis,Narcissus_D632-ZX01-T06,corolla tissues,full-bloom stage,Tepal/Petal,declared,Developmental stage,declared,ENA,Transcriptomics de novo analysis of Chinese Narcissus tazetta var. chinensis cv Jinzhanyintai for its floral scent,corolla tissues | full-bloom stage | Narcissus_D632-ZX01-T06 | GSM3611860 | Illumina HiSeq 2000 sequencing: GSM3611860: Narcissus_D632-ZX01-T06 Narcissus tazetta subsp. chinensis RNA-Seq | Narcissus_D632-ZX01-T06 | Illumina HiSeq 2000 sequencing: GSM3611860: Narcissus_D632-ZX01-T06 Narcissus tazetta subsp. chinensis RNA-Seq | BioSampleModel=Generic | INSDC secondary accession=SRS4377949 | NCBI submission package=Generic.1.0 | cultivar=cv Jinzhanyintai | developmental stage=full-bloom stage | organism=Narcissus tazetta subsp. chinensis | source_name=Corolla of the full-bloom stage on the sevent
SRR8589648,PRJNA523125,SAMN10963753,Narcissus tazetta subsp. chinensis,Narcissus_D632-ZX01-T07,petal tissues,full-bloom stage,Tepal/Petal,declared,Developmental stage,declared,ENA,Transcriptomics de novo analysis of Chinese Narcissus tazetta var. chinensis cv Jinzhanyintai for its floral scent,petal tissues | full-bloom stage | Narcissus_D632-ZX01-T07 | GSM3611861 | Illumina HiSeq 2000 sequencing: GSM3611861: Narcissus_D632-ZX01-T07 Narcissus tazetta subsp. chinensis RNA-Seq | Narcissus_D632-ZX01-T07 | Illumina HiSeq 2000 sequencing: GSM3611861: Narcissus_D632-ZX01-T07 Narcissus tazetta subsp. chinensis RNA-Seq | BioSampleModel=Generic | INSDC secondary accession=SRS4377950 | NCBI submission package=Generic.1.0 | cultivar=cv Jinzhanyintai | developmental stage=full-bloom stage | organism=Narcissus tazetta subsp. chinensis | source_name=Petal of the full-bloom stage on the seventh da
SRR8589649,PRJNA523125,SAMN10963752,Narcissus tazetta subsp. chinensis,Narcissus_D632-ZX01-T08,petal tissues,full-bloom stage,Tepal/Petal,declared,Developmental stage,declared,ENA,Transcriptomics de novo analysis of Chinese Narcissus tazetta var. chinensis cv Jinzhanyintai for its floral scent,petal tissues | full-bloom stage | Narcissus_D632-ZX01-T08 | GSM3611862 | Illumina HiSeq 2000 sequencing: GSM3611862: Narcissus_D632-ZX01-T08 Narcissus tazetta subsp. chinensis RNA-Seq | Narcissus_D632-ZX01-T08 | Illumina HiSeq 2000 sequencing: GSM3611862: Narcissus_D632-ZX01-T08 Narcissus tazetta subsp. chinensis RNA-Seq | BioSampleModel=Generic | INSDC secondary accession=SRS4377951 | NCBI submission package=Generic.1.0 | cultivar=cv Jinzhanyintai | developmental stage=full-bloom stage | organism=Narcissus tazetta subsp. chinensis | source_name=Petal of the full-bloom stage on the seventh da
